[{"name": "Leti", "bcp_47_code": "en", "locale_id": "lang:004172", "is_canonical": true}, {"name": "leti", "bcp_47_code": "hr", "locale_id": "lang:001280", "is_canonical": true}, {"name": "Leti", "bcp_47_code": "de", "locale_id": "lang:006636", "is_canonical": true}, {"name": "Kileti", "bcp_47_code": "sw", "locale_id": "lang:001597", "is_canonical": true}, {"name": "Lenga Leti", "bcp_47_code": "pms", "locale_id": "lang:003480", "is_canonical": true}, {"name": "leti", "bcp_47_code": "fr", "locale_id": "lang:002512", "is_canonical": true}, {"name": "Leti", "bcp_47_code": "ig", "locale_id": "lang:002832", "is_canonical": true}, {"name": "Leti (Cameroon)", "bcp_47_code": "en", "locale_id": "lang:004172", "is_canonical": true}]