[{"name": "Mandar", "bcp_47_code": "en", "locale_id": "lang:004172", "is_canonical": true}, {"name": "الماندار", "bcp_47_code": "ar", "locale_id": "lang:000884", "is_canonical": true}, {"name": "mandar", "bcp_47_code": "ast", "locale_id": "lang:006965", "is_canonical": true}, {"name": "mandar", "bcp_47_code": "az", "locale_id": "lang:000492", "is_canonical": true}, {"name": "мандар", "bcp_47_code": "bg", "locale_id": "lang:003294", "is_canonical": true}, {"name": "ম্যাণ্ডার", "bcp_47_code": "bn", "locale_id": "lang:000178", "is_canonical": true}, {"name": "mandar", "bcp_47_code": "br", "locale_id": "lang:003643", "is_canonical": true}, {"name": "मंदार", "bcp_47_code": "brx", "locale_id": "lang:003716", "is_canonical": true}, {"name": "mandar", "bcp_47_code": "bs", "locale_id": "lang:005177", "is_canonical": true}, {"name": "mandar", "bcp_47_code": "ca", "locale_id": "lang:000334", "is_canonical": true}, {"name": "𑄟𑄳𑄠𑄚𑄴𑄓𑄢𑄴", "bcp_47_code": "ccp", "locale_id": "lang:004815", "is_canonical": true}, {"name": "mandar", "bcp_47_code": "cs", "locale_id": "lang:007371", "is_canonical": true}, {"name": "Mandareg", "bcp_47_code": "cy", "locale_id": "lang:005257", "is_canonical": true}, {"name": "mandar", "bcp_47_code": "da", "locale_id": "lang:006478", "is_canonical": true}, {"name": "Mandaresisch", "bcp_47_code": "de", "locale_id": "lang:006636", "is_canonical": true}, {"name": "Μανδάρ", "bcp_47_code": "el", "locale_id": "lang:002331", "is_canonical": true}, {"name": "mandar", "bcp_47_code": "es", "locale_id": "lang:005944", "is_canonical": true}, {"name": "mandari", "bcp_47_code": "et", "locale_id": "lang:007279", "is_canonical": true}, {"name": "ماندار", "bcp_47_code": "fa", "locale_id": "lang:005211", "is_canonical": true}, {"name": "mandar", "bcp_47_code": "fi", "locale_id": "lang:005250", "is_canonical": true}, {"name": "mandar", "bcp_47_code": "fr", "locale_id": "lang:002512", "is_canonical": true}, {"name": "Mandar", "bcp_47_code": "fy", "locale_id": "lang:000608", "is_canonical": true}, {"name": "Mandar", "bcp_47_code": "gd", "locale_id": "lang:005113", "is_canonical": true}, {"name": "Mandaresisch", "bcp_47_code": "gsw", "locale_id": "lang:006414", "is_canonical": true}, {"name": "મંદાર", "bcp_47_code": "gu", "locale_id": "lang:006797", "is_canonical": true}, {"name": "מנדאר", "bcp_47_code": "he", "locale_id": "lang:000780", "is_canonical": true}, {"name": "मंदार", "bcp_47_code": "hi", "locale_id": "lang:005010", "is_canonical": true}, {"name": "mandar", "bcp_47_code": "hr", "locale_id": "lang:001280", "is_canonical": true}, {"name": "mandar", "bcp_47_code": "hu", "locale_id": "lang:004445", "is_canonical": true}, {"name": "Mandar", "bcp_47_code": "id", "locale_id": "lang:005344", "is_canonical": true}, {"name": "mandar", "bcp_47_code": "is", "locale_id": "lang:006417", "is_canonical": true}, {"name": "mandar", "bcp_47_code": "it", "locale_id": "lang:005147", "is_canonical": true}, {"name": "マンダル語", "bcp_47_code": "ja", "locale_id": "lang:005185", "is_canonical": true}, {"name": "mỹnar", "bcp_47_code": "kgp", "locale_id": "lang:005254", "is_canonical": true}, {"name": "ಮಂದಾರ್", "bcp_47_code": "kn", "locale_id": "lang:006289", "is_canonical": true}, {"name": "만다르어", "bcp_47_code": "ko", "locale_id": "lang:000685", "is_canonical": true}, {"name": "مَندَر", "bcp_47_code": "ks", "locale_id": "lang:004361", "is_canonical": true}, {"name": "Mandaresesch", "bcp_47_code": "lb", "locale_id": "lang:003324", "is_canonical": true}, {"name": "ມານດາຣ", "bcp_47_code": "lo", "locale_id": "lang:002848", "is_canonical": true}, {"name": "mandarų", "bcp_47_code": "lt", "locale_id": "lang:000996", "is_canonical": true}, {"name": "mandaru", "bcp_47_code": "lv", "locale_id": "lang:006606", "is_canonical": true}, {"name": "мандарски", "bcp_47_code": "mk", "locale_id": "lang:001683", "is_canonical": true}, {"name": "മണ്ഡാർ", "bcp_47_code": "ml", "locale_id": "lang:001880", "is_canonical": true}, {"name": "मंडार", "bcp_47_code": "mr", "locale_id": "lang:003376", "is_canonical": true}, {"name": "Mandar", "bcp_47_code": "mt", "locale_id": "lang:004371", "is_canonical": true}, {"name": "Mandareesch", "bcp_47_code": "nds", "locale_id": "lang:001710", "is_canonical": true}, {"name": "मन्दर", "bcp_47_code": "ne", "locale_id": "lang:004630", "is_canonical": true}, {"name": "Mandar", "bcp_47_code": "nl", "locale_id": "lang:006448", "is_canonical": true}, {"name": "mandar", "bcp_47_code": "no", "locale_id": "lang:002536", "is_canonical": true}, {"name": "ମନ୍ଦାର", "bcp_47_code": "or", "locale_id": "lang:001930", "is_canonical": true}, {"name": "mandar", "bcp_47_code": "pl", "locale_id": "lang:001433", "is_canonical": true}, {"name": "mandar", "bcp_47_code": "pt", "locale_id": "lang:001977", "is_canonical": true}, {"name": "mandar", "bcp_47_code": "rm", "locale_id": "lang:004318", "is_canonical": true}, {"name": "mandar", "bcp_47_code": "ro", "locale_id": "lang:006592", "is_canonical": true}, {"name": "мандарский", "bcp_47_code": "ru", "locale_id": "lang:006745", "is_canonical": true}, {"name": "mandarčina", "bcp_47_code": "sk", "locale_id": "lang:005464", "is_canonical": true}, {"name": "mandarščina", "bcp_47_code": "sl", "locale_id": "lang:004352", "is_canonical": true}, {"name": "мандар", "bcp_47_code": "sr", "locale_id": "lang:002701", "is_canonical": true}, {"name": "mandar", "bcp_47_code": "sv", "locale_id": "lang:004782", "is_canonical": true}, {"name": "மான்டார்", "bcp_47_code": "ta", "locale_id": "lang:002996", "is_canonical": true}, {"name": "మండార్", "bcp_47_code": "te", "locale_id": "lang:000508", "is_canonical": true}, {"name": "มานดาร์", "bcp_47_code": "th", "locale_id": "lang:000248", "is_canonical": true}, {"name": "lea fakamanetali", "bcp_47_code": "to", "locale_id": "lang:006037", "is_canonical": true}, {"name": "Mandar", "bcp_47_code": "tr", "locale_id": "lang:000917", "is_canonical": true}, {"name": "ماندارچە", "bcp_47_code": "ug", "locale_id": "lang:003330", "is_canonical": true}, {"name": "мандарська", "bcp_47_code": "uk", "locale_id": "lang:001994", "is_canonical": true}, {"name": "tiếng Mandar", "bcp_47_code": "vi", "locale_id": "lang:004523", "is_canonical": true}, {"name": "mãdari", "bcp_47_code": "yrl", "locale_id": "lang:006863", "is_canonical": true}, {"name": "曼達文", "bcp_47_code": "yue", "locale_id": "lang:005108", "is_canonical": true}, {"name": "曼达尔语", "bcp_47_code": "cmn", "locale_id": "lang:004378", "is_canonical": true}, {"name": "Mandar", "bcp_47_code": "af", "locale_id": "lang:006849", "is_canonical": true}, {"name": "ማንዳርኛ", "bcp_47_code": "am", "locale_id": "lang:000379", "is_canonical": true}, {"name": "ماندار", "bcp_47_code": "ar", "locale_id": "lang:000884", "is_canonical": null}, {"name": "মণ্ডৰ", "bcp_47_code": "as", "locale_id": "lang:003208", "is_canonical": true}, {"name": "Mandar", "bcp_47_code": "az", "locale_id": "lang:000492", "is_canonical": null}, {"name": "мандарская", "bcp_47_code": "be", "locale_id": "lang:004942", "is_canonical": true}, {"name": "мандарски", "bcp_47_code": "bg", "locale_id": "lang:003294", "is_canonical": null}, {"name": "ম্যান্ডার", "bcp_47_code": "bn", "locale_id": "lang:000178", "is_canonical": null}, {"name": "Mandar", "bcp_47_code": "de", "locale_id": "lang:006636", "is_canonical": null}, {"name": "Μαντάρ", "bcp_47_code": "el", "locale_id": "lang:002331", "is_canonical": null}, {"name": "mandartarra", "bcp_47_code": "eu", "locale_id": "lang:004920", "is_canonical": true}, {"name": "Mandar", "bcp_47_code": "fil", "locale_id": "lang:004854", "is_canonical": true}, {"name": "Mandar", "bcp_47_code": "gl", "locale_id": "lang:006921", "is_canonical": true}, {"name": "Mandar", "bcp_47_code": "gsw", "locale_id": "lang:006414", "is_canonical": null}, {"name": "մանդար", "bcp_47_code": "hy", "locale_id": "lang:006918", "is_canonical": true}, {"name": "Mandar", "bcp_47_code": "in", "locale_id": "lang:005344", "is_canonical": true}, {"name": "მანდარი", "bcp_47_code": "ka", "locale_id": "lang:005687", "is_canonical": true}, {"name": "Мандар", "bcp_47_code": "kk", "locale_id": "lang:001017", "is_canonical": true}, {"name": "មេនដា", "bcp_47_code": "km", "locale_id": "lang:000690", "is_canonical": true}, {"name": "ಮಂಡರ್", "bcp_47_code": "kn", "locale_id": "lang:006289", "is_canonical": null}, {"name": "Мандарча", "bcp_47_code": "ky", "locale_id": "lang:003193", "is_canonical": true}, {"name": "Mandar", "bcp_47_code": "ln", "locale_id": "lang:005075", "is_canonical": true}, {"name": "ມານດາ", "bcp_47_code": "lo", "locale_id": "lang:002848", "is_canonical": null}, {"name": "mandarų kalba", "bcp_47_code": "lt", "locale_id": "lang:000996", "is_canonical": null}, {"name": "മേൻഡാർ", "bcp_47_code": "ml", "locale_id": "lang:001880", "is_canonical": null}, {"name": "Мандар", "bcp_47_code": "mn", "locale_id": "lang:005506", "is_canonical": true}, {"name": "Mandar", "bcp_47_code": "mo", "locale_id": "lang:006592", "is_canonical": true}, {"name": "मॅंडर", "bcp_47_code": "mr", "locale_id": "lang:003376", "is_canonical": null}, {"name": "Mandar", "bcp_47_code": "ms", "locale_id": "lang:001263", "is_canonical": true}, {"name": "မန်ဒါ", "bcp_47_code": "my", "locale_id": "lang:004196", "is_canonical": true}, {"name": "mandar", "bcp_47_code": "nb", "locale_id": "lang:000958", "is_canonical": true}, {"name": "मान्दार", "bcp_47_code": "ne", "locale_id": "lang:004630", "is_canonical": null}, {"name": "ମନ୍ଦର", "bcp_47_code": "or", "locale_id": "lang:001930", "is_canonical": null}, {"name": "ਮੰਡਾਰ", "bcp_47_code": "pa", "locale_id": "lang:003658", "is_canonical": true}, {"name": "මණ්ඩාර්", "bcp_47_code": "si", "locale_id": "lang:000326", "is_canonical": true}, {"name": "mandar", "bcp_47_code": "sk", "locale_id": "lang:005464", "is_canonical": null}, {"name": "Mandarisht", "bcp_47_code": "sq", "locale_id": "lang:006275", "is_canonical": true}, {"name": "мандарска", "bcp_47_code": "sr", "locale_id": "lang:002701", "is_canonical": null}, {"name": "Kimandari", "bcp_47_code": "sw", "locale_id": "lang:001597", "is_canonical": true}, {"name": "மேண்டார்", "bcp_47_code": "ta", "locale_id": "lang:002996", "is_canonical": null}, {"name": "మందర్", "bcp_47_code": "te", "locale_id": "lang:000508", "is_canonical": null}, {"name": "มันดาร์", "bcp_47_code": "th", "locale_id": "lang:000248", "is_canonical": null}, {"name": "Mandar", "bcp_47_code": "tl", "locale_id": "lang:002540", "is_canonical": true}, {"name": "Mandar dili", "bcp_47_code": "tr", "locale_id": "lang:000917", "is_canonical": null}, {"name": "منڈار", "bcp_47_code": "ur", "locale_id": "lang:001103", "is_canonical": true}, {"name": "mandar", "bcp_47_code": "uz", "locale_id": "lang:003386", "is_canonical": true}, {"name": "曼迪安语", "bcp_47_code": "cmn", "locale_id": "lang:004378", "is_canonical": null}, {"name": "isi-Mandar", "bcp_47_code": "zu", "locale_id": "lang:007247", "is_canonical": true}, {"name": "língua mandar", "bcp_47_code": "pt", "locale_id": "lang:001977", "is_canonical": null}, {"name": "Lenga mandar", "bcp_47_code": "pms", "locale_id": "lang:003480", "is_canonical": true}, {"name": "bahasa Mandar", "bcp_47_code": "id", "locale_id": "lang:005344", "is_canonical": null}, {"name": "Basa Mandar", "bcp_47_code": "jv", "locale_id": "lang:006418", "is_canonical": true}, {"name": "мандарский язык", "bcp_47_code": "ru", "locale_id": "lang:006745", "is_canonical": null}, {"name": "Bahasa Mandar", "bcp_47_code": "ms", "locale_id": "lang:001263", "is_canonical": null}, {"name": "mandar", "bcp_47_code": "oc", "locale_id": "lang:003832", "is_canonical": true}, {"name": "lingua mandar", "bcp_47_code": "it", "locale_id": "lang:005147", "is_canonical": null}, {"name": "Kimandar", "bcp_47_code": "sw", "locale_id": "lang:001597", "is_canonical": null}, {"name": "لغة مندر", "bcp_47_code": "ar", "locale_id": "lang:000884", "is_canonical": null}, {"name": "Mandar", "bcp_47_code": "ilo", "locale_id": "lang:007408", "is_canonical": true}, {"name": "Wikang Mandar", "bcp_47_code": "tl", "locale_id": "lang:002540", "is_canonical": null}, {"name": "曼達爾語", "bcp_47_code": "cmn", "locale_id": "lang:004378", "is_canonical": null}, {"name": "Tataramon na Mandar", "bcp_47_code": "bcl", "locale_id": "lang:005135", "is_canonical": true}, {"name": "język mandar", "bcp_47_code": "pl", "locale_id": "lang:001433", "is_canonical": null}, {"name": "mandar", "bcp_47_code": "vec", "locale_id": "lang:004329", "is_canonical": true}, {"name": "mandarera", "bcp_47_code": "eu", "locale_id": "lang:004920", "is_canonical": null}, {"name": "Mandar-gú", "bcp_47_code": "nan", "locale_id": "lang:001296", "is_canonical": true}, {"name": "Andian", "bcp_47_code": "en", "locale_id": "lang:004172", "is_canonical": null}, {"name": "Manjar", "bcp_47_code": "en", "locale_id": "lang:004172", "is_canonical": null}, {"name": "Mandharsche", "bcp_47_code": "en", "locale_id": "lang:004172", "is_canonical": null}, {"name": "Mandar", "bcp_47_code": "mdr", "locale_id": "lang:000045", "is_canonical": true}]