[{"name": "Central Yupik", "bcp_47_code": "en", "locale_id": "lang:004172", "is_canonical": true}, {"name": "Central Alaskan Yupik", "bcp_47_code": "en", "locale_id": "lang:004172", "is_canonical": true}, {"name": "Yup'Ik", "bcp_47_code": "en", "locale_id": "lang:004172", "is_canonical": null}, {"name": "ሴንተራል ዩፒክ", "bcp_47_code": "am", "locale_id": "lang:000379", "is_canonical": true}, {"name": "yupik central", "bcp_47_code": "ast", "locale_id": "lang:006965", "is_canonical": true}, {"name": "jupikština", "bcp_47_code": "cs", "locale_id": "lang:007371", "is_canonical": true}, {"name": "Zentral-Alaska-Yupik", "bcp_47_code": "de", "locale_id": "lang:006636", "is_canonical": true}, {"name": "keskjupiki", "bcp_47_code": "et", "locale_id": "lang:007279", "is_canonical": true}, {"name": "alaskanjupik", "bcp_47_code": "fi", "locale_id": "lang:005250", "is_canonical": true}, {"name": "youpik central", "bcp_47_code": "fr", "locale_id": "lang:002512", "is_canonical": true}, {"name": "Yupik Mheadhanach", "bcp_47_code": "gd", "locale_id": "lang:005113", "is_canonical": true}, {"name": "yupik centrale", "bcp_47_code": "it", "locale_id": "lang:005147", "is_canonical": true}, {"name": "中央アラスカ・ユピック語", "bcp_47_code": "ja", "locale_id": "lang:005185", "is_canonical": true}, {"name": "Zäntrahl-Juppik", "bcp_47_code": "ksh", "locale_id": "lang:000776", "is_canonical": true}, {"name": "Yup’Ik", "bcp_47_code": "lb", "locale_id": "lang:003324", "is_canonical": true}, {"name": "centrinės aliaskos jupikų", "bcp_47_code": "lt", "locale_id": "lang:000996", "is_canonical": true}, {"name": "централнојупички", "bcp_47_code": "mk", "locale_id": "lang:001683", "is_canonical": true}, {"name": "केन्द्रीय युपिक", "bcp_47_code": "ne", "locale_id": "lang:004630", "is_canonical": true}, {"name": "Yupik", "bcp_47_code": "nl", "locale_id": "lang:006448", "is_canonical": true}, {"name": "sentralyupik", "bcp_47_code": "no", "locale_id": "lang:002536", "is_canonical": true}, {"name": "yupik środkowosyberyjski", "bcp_47_code": "pl", "locale_id": "lang:001433", "is_canonical": true}, {"name": "centralalaskisk jupiska", "bcp_47_code": "sv", "locale_id": "lang:004782", "is_canonical": true}, {"name": "ยูพิกกลาง", "bcp_47_code": "th", "locale_id": "lang:000248", "is_canonical": true}, {"name": "lea fakaiūpiki-loloto", "bcp_47_code": "to", "locale_id": "lang:006037", "is_canonical": true}, {"name": "Merkezi Yupikçe", "bcp_47_code": "tr", "locale_id": "lang:000917", "is_canonical": true}, {"name": "tiếng Yupik Miền Trung", "bcp_47_code": "vi", "locale_id": "lang:004523", "is_canonical": true}, {"name": "中尤皮克文", "bcp_47_code": "yue", "locale_id": "lang:005108", "is_canonical": true}, {"name": "Alyaska Yupik tili", "bcp_47_code": "kaa", "locale_id": "lang:000630", "is_canonical": true}, {"name": "Lenga yupik sentral", "bcp_47_code": "pms", "locale_id": "lang:003480", "is_canonical": true}, {"name": "język yupik środkowy", "bcp_47_code": "pl", "locale_id": "lang:001433", "is_canonical": null}, {"name": "Аляскадин юпик чӀал", "bcp_47_code": "lez", "locale_id": "lang:006686", "is_canonical": true}, {"name": "Аляскаысь юпик кыл", "bcp_47_code": "udm", "locale_id": "lang:005491", "is_canonical": true}, {"name": "центрально-юпикский язык", "bcp_47_code": "ru", "locale_id": "lang:006745", "is_canonical": true}, {"name": "Central Alaskan Yup'Ik", "bcp_47_code": "en", "locale_id": "lang:004172", "is_canonical": null}, {"name": "Alaska jupik", "bcp_47_code": "frr", "locale_id": "lang:007274", "is_canonical": true}, {"name": "Yupikçe", "bcp_47_code": "tr", "locale_id": "lang:000917", "is_canonical": null}, {"name": "центральноаляскинська юпікська мова", "bcp_47_code": "uk", "locale_id": "lang:001994", "is_canonical": true}, {"name": "alaskayupik", "bcp_47_code": "nn", "locale_id": "lang:005019", "is_canonical": true}, {"name": "ცენტრალურ ალასკური იუპიკური ენა", "bcp_47_code": "ka", "locale_id": "lang:005687", "is_canonical": true}, {"name": "Alyaska yupikcəsi", "bcp_47_code": "az", "locale_id": "lang:000492", "is_canonical": true}, {"name": "aliaskos jupikų kalba", "bcp_47_code": "lt", "locale_id": "lang:000996", "is_canonical": null}, {"name": "keskjupiki keel", "bcp_47_code": "et", "locale_id": "lang:007279", "is_canonical": null}, {"name": "Yup'Ik", "bcp_47_code": "de", "locale_id": "lang:006636", "is_canonical": null}, {"name": "yupik alaskeño central", "bcp_47_code": "es", "locale_id": "lang:005944", "is_canonical": true}, {"name": "yupik de l'alaska central", "bcp_47_code": "fr", "locale_id": "lang:002512", "is_canonical": null}, {"name": "alaskayupik", "bcp_47_code": "nb", "locale_id": "lang:000958", "is_canonical": true}, {"name": "中阿拉斯加尤皮克语", "bcp_47_code": "cmn", "locale_id": "lang:004378", "is_canonical": true}, {"name": "lingua yupik centrale", "bcp_47_code": "it", "locale_id": "lang:005147", "is_canonical": null}, {"name": "Central Alaskan Yup'ik", "bcp_47_code": "hif", "locale_id": "lang:004553", "is_canonical": true}, {"name": "yupik de l'alaska central", "bcp_47_code": "ca", "locale_id": "lang:000334", "is_canonical": true}, {"name": "Аляска юпик йӹлмӹ", "bcp_47_code": "mrj", "locale_id": "lang:003155", "is_canonical": true}, {"name": "Lingua iupik de Alasca central", "bcp_47_code": "gl", "locale_id": "lang:006921", "is_canonical": true}, {"name": "цэнтральна-юпікская мова", "bcp_47_code": "be", "locale_id": "lang:004942", "is_canonical": true}, {"name": "mið-alaskajúpik", "bcp_47_code": "is", "locale_id": "lang:006417", "is_canonical": true}, {"name": "Joepik", "bcp_47_code": "nl", "locale_id": "lang:006448", "is_canonical": null}, {"name": "централноалјаски јупички јазик", "bcp_47_code": "mk", "locale_id": "lang:001683", "is_canonical": null}, {"name": "yupik sentrałe", "bcp_47_code": "vec", "locale_id": "lang:004329", "is_canonical": true}, {"name": "centraljupik", "bcp_47_code": "sv", "locale_id": "lang:004782", "is_canonical": null}, {"name": "аляскинский юпикский язык", "bcp_47_code": "ru", "locale_id": "lang:006745", "is_canonical": null}, {"name": "Yugtun Dialect", "bcp_47_code": "en", "locale_id": "lang:004172", "is_canonical": null}, {"name": "Iso 639:Esu", "bcp_47_code": "en", "locale_id": "lang:004172", "is_canonical": null}, {"name": "Central Yup'Ik", "bcp_47_code": "en", "locale_id": "lang:004172", "is_canonical": null}, {"name": "Yugtun", "bcp_47_code": "en", "locale_id": "lang:004172", "is_canonical": null}, {"name": "Alaska Yupikçesi", "bcp_47_code": "tr", "locale_id": "lang:000917", "is_canonical": null}, {"name": "alaskanjuppikin kieli", "bcp_47_code": "fi", "locale_id": "lang:005250", "is_canonical": null}, {"name": "alaskanjuppik", "bcp_47_code": "fi", "locale_id": "lang:005250", "is_canonical": null}, {"name": "alaska-yupik", "bcp_47_code": "nn", "locale_id": "lang:005019", "is_canonical": null}, {"name": "Alyaska yupik dili", "bcp_47_code": "az", "locale_id": "lang:000492", "is_canonical": null}, {"name": "Yupikcə", "bcp_47_code": "az", "locale_id": "lang:000492", "is_canonical": null}, {"name": "centrinių jupikų kalba", "bcp_47_code": "lt", "locale_id": "lang:000996", "is_canonical": null}, {"name": "Yupik", "bcp_47_code": "de", "locale_id": "lang:006636", "is_canonical": null}, {"name": "sentralyupik", "bcp_47_code": "nb", "locale_id": "lang:000958", "is_canonical": null}, {"name": "alaskayup'ik", "bcp_47_code": "nb", "locale_id": "lang:000958", "is_canonical": null}, {"name": "sentralyup'ik", "bcp_47_code": "nb", "locale_id": "lang:000958", "is_canonical": null}, {"name": "alaska-yup'ik", "bcp_47_code": "nb", "locale_id": "lang:000958", "is_canonical": null}, {"name": "alaska-yupik", "bcp_47_code": "nb", "locale_id": "lang:000958", "is_canonical": null}, {"name": "Lingua yup'ik", "bcp_47_code": "gl", "locale_id": "lang:006921", "is_canonical": null}]