[{"name": "Mangseng", "bcp_47_code": "en", "locale_id": "lang:004172", "is_canonical": true}, {"name": "Lenga Mangseng", "bcp_47_code": "pms", "locale_id": "lang:003480", "is_canonical": true}, {"name": "Kimangseng", "bcp_47_code": "sw", "locale_id": "lang:001597", "is_canonical": true}, {"name": "マンセン語", "bcp_47_code": "ja", "locale_id": "lang:005185", "is_canonical": true}, {"name": "Mangseng", "bcp_47_code": "ilo", "locale_id": "lang:007408", "is_canonical": true}, {"name": "Mangsengki", "bcp_47_code": "diq", "locale_id": "lang:003839", "is_canonical": true}]