[{"name": "Huichol", "bcp_47_code": "en", "locale_id": "lang:004172", "is_canonical": true}, {"name": "viĉola lingvo", "bcp_47_code": "eo", "locale_id": "lang:001065", "is_canonical": true}, {"name": "Lenga huichol", "bcp_47_code": "pms", "locale_id": "lang:003480", "is_canonical": true}, {"name": "huichol-Sprache", "bcp_47_code": "de", "locale_id": "lang:006636", "is_canonical": true}, {"name": "houitcholeg", "bcp_47_code": "br", "locale_id": "lang:003643", "is_canonical": true}, {"name": "Wichol simi", "bcp_47_code": "qu", "locale_id": "lang:000991", "is_canonical": true}, {"name": "Huitzollahtōlli", "bcp_47_code": "nah", "locale_id": null, "is_canonical": true}, {"name": "уичоль", "bcp_47_code": "ru", "locale_id": "lang:006745", "is_canonical": true}, {"name": "huichol", "bcp_47_code": "fr", "locale_id": "lang:002512", "is_canonical": true}, {"name": "idioma wixarika", "bcp_47_code": "es", "locale_id": "lang:005944", "is_canonical": true}, {"name": "Wixarika", "bcp_47_code": "en", "locale_id": "lang:004172", "is_canonical": null}, {"name": "Huichol", "bcp_47_code": "nl", "locale_id": "lang:006448", "is_canonical": true}, {"name": "huichol", "bcp_47_code": "nb", "locale_id": "lang:000958", "is_canonical": true}, {"name": "huichol", "bcp_47_code": "sv", "locale_id": "lang:004782", "is_canonical": true}, {"name": "huichol", "bcp_47_code": "ca", "locale_id": "lang:000334", "is_canonical": true}, {"name": "Huichol", "bcp_47_code": "hif", "locale_id": "lang:004553", "is_canonical": true}, {"name": "ウイチョル語", "bcp_47_code": "ja", "locale_id": "lang:005185", "is_canonical": true}, {"name": "huitšoli keel", "bcp_47_code": "et", "locale_id": "lang:007279", "is_canonical": true}, {"name": "língua huichol", "bcp_47_code": "pt", "locale_id": "lang:001977", "is_canonical": true}, {"name": "idioma huichol", "bcp_47_code": "ast", "locale_id": "lang:006965", "is_canonical": true}, {"name": "Lingua huichol", "bcp_47_code": "gl", "locale_id": "lang:006921", "is_canonical": true}, {"name": "huichol-Sproch", "bcp_47_code": "bar", "locale_id": "lang:002296", "is_canonical": true}, {"name": "Wikang Huichol", "bcp_47_code": "tl", "locale_id": "lang:002540", "is_canonical": true}, {"name": "víčol", "bcp_47_code": "cs", "locale_id": "lang:007371", "is_canonical": true}, {"name": "vyčolas", "bcp_47_code": "lt", "locale_id": "lang:000996", "is_canonical": true}, {"name": "huichol", "bcp_47_code": "nn", "locale_id": "lang:005019", "is_canonical": true}, {"name": "hujĉola lingvo", "bcp_47_code": "eo", "locale_id": "lang:001065", "is_canonical": null}, {"name": "Huichollahtōlli", "bcp_47_code": "nah", "locale_id": null, "is_canonical": null}, {"name": "Huichollahtolli", "bcp_47_code": "nah", "locale_id": null, "is_canonical": null}, {"name": "уичольский язык", "bcp_47_code": "ru", "locale_id": "lang:006745", "is_canonical": null}, {"name": "víčolština", "bcp_47_code": "cs", "locale_id": "lang:007371", "is_canonical": null}, {"name": "huichol", "bcp_47_code": "cs", "locale_id": "lang:007371", "is_canonical": null}, {"name": "idioma huichol", "bcp_47_code": "es", "locale_id": "lang:005944", "is_canonical": null}]