[{"name": "Lü", "bcp_47_code": "en", "locale_id": "lang:004172", "is_canonical": true}, {"name": "Tai Lue", "bcp_47_code": "en", "locale_id": "lang:004172", "is_canonical": null}, {"name": "Tai Lue", "bcp_47_code": "af", "locale_id": "lang:006849", "is_canonical": true}, {"name": "ታይ ሉዌኛ", "bcp_47_code": "am", "locale_id": "lang:000379", "is_canonical": true}, {"name": "تاي ليو", "bcp_47_code": "ar", "locale_id": "lang:000884", "is_canonical": true}, {"name": "টাই লু", "bcp_47_code": "as", "locale_id": "lang:003208", "is_canonical": true}, {"name": "Tay Lı", "bcp_47_code": "az", "locale_id": "lang:000492", "is_canonical": true}, {"name": "тай-лы", "bcp_47_code": "be", "locale_id": "lang:004942", "is_canonical": true}, {"name": "тай луе", "bcp_47_code": "bg", "locale_id": "lang:003294", "is_canonical": true}, {"name": "তাই লু", "bcp_47_code": "bn", "locale_id": "lang:000178", "is_canonical": true}, {"name": "tai lue", "bcp_47_code": "bs", "locale_id": "lang:005177", "is_canonical": true}, {"name": "tai lü", "bcp_47_code": "ca", "locale_id": "lang:000334", "is_canonical": true}, {"name": "tai lue", "bcp_47_code": "cs", "locale_id": "lang:007371", "is_canonical": true}, {"name": "tai lü", "bcp_47_code": "da", "locale_id": "lang:006478", "is_canonical": true}, {"name": "Tai Lü", "bcp_47_code": "de", "locale_id": "lang:006636", "is_canonical": true}, {"name": "Τάι Λούε", "bcp_47_code": "el", "locale_id": "lang:002331", "is_canonical": true}, {"name": "tai lue", "bcp_47_code": "es", "locale_id": "lang:005944", "is_canonical": true}, {"name": "tai lõõ", "bcp_47_code": "et", "locale_id": "lang:007279", "is_canonical": true}, {"name": "tai luea", "bcp_47_code": "eu", "locale_id": "lang:004920", "is_canonical": true}, {"name": "تایلو", "bcp_47_code": "fa", "locale_id": "lang:005211", "is_canonical": true}, {"name": "tai lue", "bcp_47_code": "fi", "locale_id": "lang:005250", "is_canonical": true}, {"name": "Tai Lue", "bcp_47_code": "fil", "locale_id": "lang:004854", "is_canonical": true}, {"name": "taï lü", "bcp_47_code": "fr", "locale_id": "lang:002512", "is_canonical": true}, {"name": "Tai Lue", "bcp_47_code": "gl", "locale_id": "lang:006921", "is_canonical": true}, {"name": "Tai Lü", "bcp_47_code": "gsw", "locale_id": "lang:006414", "is_canonical": true}, {"name": "તાઇ લ્યુ", "bcp_47_code": "gu", "locale_id": "lang:006797", "is_canonical": true}, {"name": "ताई लू", "bcp_47_code": "hi", "locale_id": "lang:005010", "is_canonical": true}, {"name": "tai lue", "bcp_47_code": "hr", "locale_id": "lang:001280", "is_canonical": true}, {"name": "tai lue", "bcp_47_code": "hu", "locale_id": "lang:004445", "is_canonical": true}, {"name": "թայ լյուե", "bcp_47_code": "hy", "locale_id": "lang:006918", "is_canonical": true}, {"name": "Tai Lue", "bcp_47_code": "id", "locale_id": "lang:005344", "is_canonical": true}, {"name": "Tai Lue", "bcp_47_code": "in", "locale_id": "lang:005344", "is_canonical": true}, {"name": "tai lue", "bcp_47_code": "is", "locale_id": "lang:006417", "is_canonical": true}, {"name": "tai lue", "bcp_47_code": "it", "locale_id": "lang:005147", "is_canonical": true}, {"name": "טאי לואה", "bcp_47_code": "he", "locale_id": "lang:000780", "is_canonical": true}, {"name": "タイ ロ語（新タイ ロ文字）", "bcp_47_code": "ja", "locale_id": "lang:005185", "is_canonical": true}, {"name": "ტაი-ლი", "bcp_47_code": "ka", "locale_id": "lang:005687", "is_canonical": true}, {"name": "Тай-лы", "bcp_47_code": "kk", "locale_id": "lang:001017", "is_canonical": true}, {"name": "តៃលឺ", "bcp_47_code": "km", "locale_id": "lang:000690", "is_canonical": true}, {"name": "ತೈ ಲುಯಿ", "bcp_47_code": "kn", "locale_id": "lang:006289", "is_canonical": true}, {"name": "타이 루어", "bcp_47_code": "ko", "locale_id": "lang:000685", "is_canonical": true}, {"name": "Тай люча", "bcp_47_code": "ky", "locale_id": "lang:003193", "is_canonical": true}, {"name": "Taï lü", "bcp_47_code": "ln", "locale_id": "lang:005075", "is_canonical": true}, {"name": "ໄທລື້", "bcp_47_code": "lo", "locale_id": "lang:002848", "is_canonical": true}, {"name": "tai lue kalba", "bcp_47_code": "lt", "locale_id": "lang:000996", "is_canonical": true}, {"name": "taju lī", "bcp_47_code": "lv", "locale_id": "lang:006606", "is_canonical": true}, {"name": "тај луе", "bcp_47_code": "mk", "locale_id": "lang:001683", "is_canonical": true}, {"name": "തായ് ലൂ", "bcp_47_code": "ml", "locale_id": "lang:001880", "is_canonical": true}, {"name": "Тай Лы", "bcp_47_code": "mn", "locale_id": "lang:005506", "is_canonical": true}, {"name": "Tai Lue", "bcp_47_code": "mo", "locale_id": "lang:006592", "is_canonical": true}, {"name": "ताई लुई", "bcp_47_code": "mr", "locale_id": "lang:003376", "is_canonical": true}, {"name": "Tai Lue", "bcp_47_code": "ms", "locale_id": "lang:001263", "is_canonical": true}, {"name": "တိုင်းလူး", "bcp_47_code": "my", "locale_id": "lang:004196", "is_canonical": true}, {"name": "tai lü", "bcp_47_code": "nb", "locale_id": "lang:000958", "is_canonical": true}, {"name": "ताईलुई", "bcp_47_code": "ne", "locale_id": "lang:004630", "is_canonical": true}, {"name": "Tai Lue", "bcp_47_code": "nl", "locale_id": "lang:006448", "is_canonical": true}, {"name": "tai lü", "bcp_47_code": "no", "locale_id": "lang:002536", "is_canonical": true}, {"name": "ତାଇଲୁଇ", "bcp_47_code": "or", "locale_id": "lang:001930", "is_canonical": true}, {"name": "ਤਾਈ ਲੁਈ", "bcp_47_code": "pa", "locale_id": "lang:003658", "is_canonical": true}, {"name": "tai lue", "bcp_47_code": "pl", "locale_id": "lang:001433", "is_canonical": true}, {"name": "tai lue", "bcp_47_code": "pt", "locale_id": "lang:001977", "is_canonical": true}, {"name": "tai lue", "bcp_47_code": "ro", "locale_id": "lang:006592", "is_canonical": true}, {"name": "лы", "bcp_47_code": "ru", "locale_id": "lang:006745", "is_canonical": true}, {"name": "ටයි ලුවේ", "bcp_47_code": "si", "locale_id": "lang:000326", "is_canonical": true}, {"name": "Tai Lue", "bcp_47_code": "sk", "locale_id": "lang:005464", "is_canonical": true}, {"name": "tai lue", "bcp_47_code": "sl", "locale_id": "lang:004352", "is_canonical": true}, {"name": "Tai-luisht", "bcp_47_code": "sq", "locale_id": "lang:006275", "is_canonical": true}, {"name": "тај лу", "bcp_47_code": "sr", "locale_id": "lang:002701", "is_canonical": true}, {"name": "tai lü", "bcp_47_code": "sv", "locale_id": "lang:004782", "is_canonical": true}, {"name": "Kitai Lue", "bcp_47_code": "sw", "locale_id": "lang:001597", "is_canonical": true}, {"name": "தாய் லூ", "bcp_47_code": "ta", "locale_id": "lang:002996", "is_canonical": true}, {"name": "తై ల్యూ", "bcp_47_code": "te", "locale_id": "lang:000508", "is_canonical": true}, {"name": "ไทลื้อ", "bcp_47_code": "th", "locale_id": "lang:000248", "is_canonical": true}, {"name": "Tai Lue", "bcp_47_code": "tl", "locale_id": "lang:002540", "is_canonical": true}, {"name": "Tai Lue", "bcp_47_code": "tr", "locale_id": "lang:000917", "is_canonical": true}, {"name": "тай-лу", "bcp_47_code": "uk", "locale_id": "lang:001994", "is_canonical": true}, {"name": "تائی لیو", "bcp_47_code": "ur", "locale_id": "lang:001103", "is_canonical": true}, {"name": "tai lue", "bcp_47_code": "uz", "locale_id": "lang:003386", "is_canonical": true}, {"name": "tiếng Tai Lue", "bcp_47_code": "vi", "locale_id": "lang:004523", "is_canonical": true}, {"name": "傣仂语（西双版纳新傣文）", "bcp_47_code": "cmn", "locale_id": "lang:004378", "is_canonical": true}, {"name": "i-Tai Lue", "bcp_47_code": "zu", "locale_id": "lang:007247", "is_canonical": true}, {"name": "傣仂語", "bcp_47_code": "cmn", "locale_id": "lang:004378", "is_canonical": null}, {"name": "Lenga lü", "bcp_47_code": "pms", "locale_id": "lang:003480", "is_canonical": true}, {"name": "język tai lue", "bcp_47_code": "pl", "locale_id": "lang:001433", "is_canonical": null}, {"name": "Tai Lü leid", "bcp_47_code": "sco", "locale_id": "lang:003876", "is_canonical": true}, {"name": "lü", "bcp_47_code": "fr", "locale_id": "lang:002512", "is_canonical": null}, {"name": "ພາສາໄທລື້", "bcp_47_code": "lo", "locale_id": "lang:002848", "is_canonical": null}, {"name": "Tai Lü", "bcp_47_code": "en", "locale_id": "lang:004172", "is_canonical": null}, {"name": "ภาษาไทลื้อ", "bcp_47_code": "th", "locale_id": "lang:000248", "is_canonical": null}, {"name": "tai lü", "bcp_47_code": "es", "locale_id": "lang:005944", "is_canonical": null}, {"name": "Lü", "bcp_47_code": "nl", "locale_id": "lang:006448", "is_canonical": null}, {"name": "Тай лы", "bcp_47_code": "kv", "locale_id": "lang:000812", "is_canonical": true}, {"name": "タイ・ルー語", "bcp_47_code": "ja", "locale_id": "lang:005185", "is_canonical": null}, {"name": "Kilü", "bcp_47_code": "sw", "locale_id": "lang:001597", "is_canonical": null}, {"name": "Wikang Tai Lü", "bcp_47_code": "tl", "locale_id": "lang:002540", "is_canonical": null}, {"name": "傣仂语", "bcp_47_code": "wuu", "locale_id": "lang:006830", "is_canonical": true}, {"name": "تائی لو زبان", "bcp_47_code": "ur", "locale_id": "lang:001103", "is_canonical": null}, {"name": "傣仂文", "bcp_47_code": "yue", "locale_id": "lang:005108", "is_canonical": true}, {"name": "tiếng Lự", "bcp_47_code": "vi", "locale_id": "lang:004523", "is_canonical": null}, {"name": "idioma tai lü", "bcp_47_code": "ast", "locale_id": "lang:006965", "is_canonical": true}, {"name": "ताई लुए भाषा", "bcp_47_code": "hi", "locale_id": "lang:005010", "is_canonical": null}, {"name": "زبان تای لو", "bcp_47_code": "fa", "locale_id": "lang:005211", "is_canonical": null}, {"name": "타이루어", "bcp_47_code": "ko", "locale_id": "lang:000685", "is_canonical": null}, {"name": "လူးရှမ်း", "bcp_47_code": "my", "locale_id": "lang:004196", "is_canonical": null}, {"name": "Таи Люэ теле", "bcp_47_code": "tt", "locale_id": "lang:003939", "is_canonical": true}, {"name": "Tái-lĕk-ngṳ̄", "bcp_47_code": "cdo", "locale_id": "lang:006481", "is_canonical": true}, {"name": "傣泐语", "bcp_47_code": "cmn", "locale_id": "lang:004378", "is_canonical": null}, {"name": "傣仂语", "bcp_47_code": "cmn", "locale_id": "lang:004378", "is_canonical": null}, {"name": "西雙版納傣語", "bcp_47_code": "cmn", "locale_id": "lang:004378", "is_canonical": null}, {"name": "thaï lu", "bcp_47_code": "fr", "locale_id": "lang:002512", "is_canonical": null}, {"name": "ພາສາລື້", "bcp_47_code": "lo", "locale_id": "lang:002848", "is_canonical": null}, {"name": "ภาษาลื้อ", "bcp_47_code": "th", "locale_id": "lang:000248", "is_canonical": null}, {"name": "Người Lự", "bcp_47_code": "vi", "locale_id": "lang:004523", "is_canonical": null}, {"name": "ᦅᧄᦺᦑᦟᦹᧉ", "bcp_47_code": "khb", "locale_id": "lang:000255", "is_canonical": true}, {"name": "ᨣᩴᩣᨴᩱᩭᩃᩧ᩶", "bcp_47_code": "khb", "locale_id": "lang:000255", "is_canonical": null}]