[{"name": "Banda-Ndélé", "bcp_47_code": "en", "locale_id": "lang:004172", "is_canonical": true}, {"name": "Kibanda-Ndele", "bcp_47_code": "sw", "locale_id": "lang:001597", "is_canonical": true}, {"name": "Lenga Banda-Ndele", "bcp_47_code": "pms", "locale_id": "lang:003480", "is_canonical": true}, {"name": "Banda-Ndele", "bcp_47_code": "de", "locale_id": "lang:006636", "is_canonical": true}, {"name": "banda-ndélé", "bcp_47_code": "fr", "locale_id": "lang:002512", "is_canonical": true}, {"name": "banda-ndélé jezik", "bcp_47_code": "hr", "locale_id": "lang:001280", "is_canonical": true}, {"name": "banda-ndele", "bcp_47_code": "ca", "locale_id": "lang:000334", "is_canonical": true}, {"name": "banda-ndele", "bcp_47_code": "oc", "locale_id": "lang:003832", "is_canonical": true}, {"name": "Banda-Ndele", "bcp_47_code": "nl", "locale_id": "lang:006448", "is_canonical": true}]