[{"name": "Nyamwanga", "bcp_47_code": "en", "locale_id": "lang:004172", "is_canonical": true}, {"name": "Mwanga", "bcp_47_code": "en", "locale_id": "lang:004172", "is_canonical": null}, {"name": "Lenga Nyamwanga", "bcp_47_code": "pms", "locale_id": "lang:003480", "is_canonical": true}, {"name": "ムワンガ語", "bcp_47_code": "ja", "locale_id": "lang:005185", "is_canonical": true}, {"name": "Kinyamwanga", "bcp_47_code": "sw", "locale_id": "lang:001597", "is_canonical": true}, {"name": "Wikang Mwanga", "bcp_47_code": "tl", "locale_id": "lang:002540", "is_canonical": true}, {"name": "Nyamwanga", "bcp_47_code": "bar", "locale_id": "lang:002296", "is_canonical": true}, {"name": "língua nhamuanga", "bcp_47_code": "pt", "locale_id": "lang:001977", "is_canonical": true}, {"name": "Mwanga", "bcp_47_code": "ig", "locale_id": "lang:002832", "is_canonical": true}, {"name": "njamuangoj", "bcp_47_code": "eo", "locale_id": "lang:001065", "is_canonical": true}, {"name": "Nyamwanga", "bcp_47_code": "mwn", "locale_id": "lang:000268", "is_canonical": true}, {"name": "Ichinamwanga", "bcp_47_code": "mwn", "locale_id": "lang:000268", "is_canonical": null}]