[{"name": "Waata", "bcp_47_code": "en", "locale_id": "lang:004172", "is_canonical": true}, {"name": "waata", "bcp_47_code": "fr", "locale_id": "lang:002512", "is_canonical": true}, {"name": "waata jezik", "bcp_47_code": "hr", "locale_id": "lang:001280", "is_canonical": true}, {"name": "ваата", "bcp_47_code": "ru", "locale_id": "lang:006745", "is_canonical": true}, {"name": "Lenga Sanye", "bcp_47_code": "pms", "locale_id": "lang:003480", "is_canonical": true}, {"name": "Kiwaata", "bcp_47_code": "sw", "locale_id": "lang:001597", "is_canonical": true}, {"name": "زبان واتا", "bcp_47_code": "fa", "locale_id": "lang:005211", "is_canonical": true}, {"name": "ワアタ語", "bcp_47_code": "ja", "locale_id": "lang:005185", "is_canonical": true}, {"name": "Waata", "bcp_47_code": "ig", "locale_id": "lang:002832", "is_canonical": true}, {"name": "sanye jezik", "bcp_47_code": "hr", "locale_id": "lang:001280", "is_canonical": null}]