[{"name": "Waris", "bcp_47_code": "en", "locale_id": "lang:004172", "is_canonical": true}, {"name": "język waris", "bcp_47_code": "pl", "locale_id": "lang:001433", "is_canonical": true}, {"name": "waris jezik", "bcp_47_code": "hr", "locale_id": "lang:001280", "is_canonical": true}, {"name": "Lenga Waris", "bcp_47_code": "pms", "locale_id": "lang:003480", "is_canonical": true}, {"name": "waris", "bcp_47_code": "fr", "locale_id": "lang:002512", "is_canonical": true}, {"name": "Kiwaris", "bcp_47_code": "sw", "locale_id": "lang:001597", "is_canonical": true}, {"name": "Waris", "bcp_47_code": "ilo", "locale_id": "lang:007408", "is_canonical": true}, {"name": "varise keel", "bcp_47_code": "et", "locale_id": "lang:007279", "is_canonical": true}]