[{"name": "Makwe", "bcp_47_code": "en", "locale_id": "lang:004172", "is_canonical": true}, {"name": "makwe", "bcp_47_code": "fr", "locale_id": "lang:002512", "is_canonical": true}, {"name": "Kimakwe", "bcp_47_code": "sw", "locale_id": "lang:001597", "is_canonical": true}, {"name": "Lenga Makwe", "bcp_47_code": "pms", "locale_id": "lang:003480", "is_canonical": true}, {"name": "makwe", "bcp_47_code": "ca", "locale_id": "lang:000334", "is_canonical": true}, {"name": "język makue", "bcp_47_code": "pl", "locale_id": "lang:001433", "is_canonical": true}, {"name": "Wikang Makwe", "bcp_47_code": "tl", "locale_id": "lang:002540", "is_canonical": true}, {"name": "Макве теле", "bcp_47_code": "tt", "locale_id": "lang:003939", "is_canonical": true}, {"name": "Makwe", "bcp_47_code": "ig", "locale_id": "lang:002832", "is_canonical": true}, {"name": "kimakwe", "bcp_47_code": "fr", "locale_id": "lang:002512", "is_canonical": null}, {"name": "macue", "bcp_47_code": "fr", "locale_id": "lang:002512", "is_canonical": null}, {"name": "palma", "bcp_47_code": "fr", "locale_id": "lang:002512", "is_canonical": null}]