[{"name": "Bijori", "bcp_47_code": "en", "locale_id": "lang:004172", "is_canonical": true}, {"name": "Lenga bijori", "bcp_47_code": "pms", "locale_id": "lang:003480", "is_canonical": true}, {"name": "Birjia", "bcp_47_code": "en", "locale_id": "lang:004172", "is_canonical": null}, {"name": "bijori jezik", "bcp_47_code": "hr", "locale_id": "lang:001280", "is_canonical": true}, {"name": "Kibijori", "bcp_47_code": "sw", "locale_id": "lang:001597", "is_canonical": true}, {"name": "język bidżori", "bcp_47_code": "pl", "locale_id": "lang:001433", "is_canonical": true}, {"name": "Birjiaki", "bcp_47_code": "diq", "locale_id": "lang:003839", "is_canonical": true}, {"name": "Birjia", "bcp_47_code": "ilo", "locale_id": "lang:007408", "is_canonical": true}, {"name": "ᱵᱤᱨᱡᱤᱭᱟ ᱯᱟᱹᱨᱥᱤ", "bcp_47_code": "sat", "locale_id": "lang:006025", "is_canonical": true}, {"name": "比尔贾语", "bcp_47_code": "cmn", "locale_id": "lang:004378", "is_canonical": true}, {"name": "בירג'יה", "bcp_47_code": "he", "locale_id": "lang:000780", "is_canonical": true}, {"name": "Binjhia", "bcp_47_code": "en", "locale_id": "lang:004172", "is_canonical": null}]