[{"name": "Kwaio", "bcp_47_code": "en", "locale_id": "lang:004172", "is_canonical": true}, {"name": "kwaio", "bcp_47_code": "fr", "locale_id": "lang:002512", "is_canonical": true}, {"name": "Lenga Kwaio", "bcp_47_code": "pms", "locale_id": "lang:003480", "is_canonical": true}, {"name": "Kikwaio", "bcp_47_code": "sw", "locale_id": "lang:001597", "is_canonical": true}, {"name": "Kwaio", "bcp_47_code": "ilo", "locale_id": "lang:007408", "is_canonical": true}, {"name": "kvaio keel", "bcp_47_code": "et", "locale_id": "lang:007279", "is_canonical": true}, {"name": "Kwaioki", "bcp_47_code": "diq", "locale_id": "lang:003839", "is_canonical": true}, {"name": "kwaio", "bcp_47_code": "oc", "locale_id": "lang:003832", "is_canonical": true}]