[{"name": "Tombulu", "bcp_47_code": "en", "locale_id": "lang:004172", "is_canonical": true}, {"name": "tombulu", "bcp_47_code": "fr", "locale_id": "lang:002512", "is_canonical": true}, {"name": "Lenga tombulo", "bcp_47_code": "pms", "locale_id": "lang:003480", "is_canonical": true}, {"name": "bahasa Tombulu", "bcp_47_code": "id", "locale_id": "lang:005344", "is_canonical": true}, {"name": "Tombulu", "bcp_47_code": "de", "locale_id": "lang:006636", "is_canonical": true}, {"name": "Kitombulu", "bcp_47_code": "sw", "locale_id": "lang:001597", "is_canonical": true}, {"name": "Tombulu", "bcp_47_code": "ilo", "locale_id": "lang:007408", "is_canonical": true}, {"name": "Wikang Tombulu", "bcp_47_code": "tl", "locale_id": "lang:002540", "is_canonical": true}, {"name": "Tataramon na Tombulu", "bcp_47_code": "bcl", "locale_id": "lang:005135", "is_canonical": true}, {"name": "język tombulu", "bcp_47_code": "pl", "locale_id": "lang:001433", "is_canonical": true}, {"name": "Bahasa Tombulu", "bcp_47_code": "ms", "locale_id": "lang:001263", "is_canonical": true}, {"name": "トムブル語", "bcp_47_code": "ja", "locale_id": "lang:005185", "is_canonical": true}, {"name": "língua tombulu", "bcp_47_code": "pt", "locale_id": "lang:001977", "is_canonical": true}, {"name": "Igiturumbulu", "bcp_47_code": "rw", "locale_id": "lang:005054", "is_canonical": true}, {"name": "język minahasa", "bcp_47_code": "pl", "locale_id": "lang:001433", "is_canonical": null}, {"name": "Igitombulu", "bcp_47_code": "rw", "locale_id": "lang:005054", "is_canonical": null}]