[{"name": "Curripaco", "bcp_47_code": "en", "locale_id": "lang:004172", "is_canonical": true}, {"name": "curripaco jezik", "bcp_47_code": "hr", "locale_id": "lang:001280", "is_canonical": true}, {"name": "baniwa de l’içana", "bcp_47_code": "fr", "locale_id": "lang:002512", "is_canonical": true}, {"name": "Lenga curripaco", "bcp_47_code": "pms", "locale_id": "lang:003480", "is_canonical": true}, {"name": "kurripako", "bcp_47_code": "nb", "locale_id": "lang:000958", "is_canonical": true}, {"name": "kurripako", "bcp_47_code": "es", "locale_id": "lang:005944", "is_canonical": true}, {"name": "idioma kurripako", "bcp_47_code": "ast", "locale_id": "lang:006965", "is_canonical": true}, {"name": "Lingua kurripako", "bcp_47_code": "gl", "locale_id": "lang:006921", "is_canonical": true}, {"name": "kurripako", "bcp_47_code": "ca", "locale_id": "lang:000334", "is_canonical": true}, {"name": "kurripako", "bcp_47_code": "sv", "locale_id": "lang:004782", "is_canonical": true}, {"name": "kurripako", "bcp_47_code": "fr", "locale_id": "lang:002512", "is_canonical": null}, {"name": "baniwa de l'içana-kurripako", "bcp_47_code": "fr", "locale_id": "lang:002512", "is_canonical": null}, {"name": "curripaco", "bcp_47_code": "es", "locale_id": "lang:005944", "is_canonical": null}, {"name": "wakwe", "bcp_47_code": "es", "locale_id": "lang:005944", "is_canonical": null}, {"name": "baniwa de içana", "bcp_47_code": "es", "locale_id": "lang:005944", "is_canonical": null}, {"name": "Baniwa Of Içana", "bcp_47_code": "en", "locale_id": "lang:004172", "is_canonical": null}, {"name": "Kurripako", "bcp_47_code": "en", "locale_id": "lang:004172", "is_canonical": null}, {"name": "Ipeka-Tapuia-Curripako", "bcp_47_code": "en", "locale_id": "lang:004172", "is_canonical": null}, {"name": "curripaco", "bcp_47_code": "nb", "locale_id": "lang:000958", "is_canonical": null}]