[{"name": "Koy Sanjaq Surat", "bcp_47_code": "en", "locale_id": "lang:004172", "is_canonical": true}, {"name": "Koy Sanjaq Jewish Neo-Aramaic", "bcp_47_code": "en", "locale_id": "lang:004172", "is_canonical": true}, {"name": "sourateg", "bcp_47_code": "br", "locale_id": "lang:003643", "is_canonical": true}, {"name": "koy sanjaq surat jezik", "bcp_47_code": "sh", "locale_id": "lang:003245", "is_canonical": true}, {"name": "Koy Sanjaq Syriac", "bcp_47_code": "en", "locale_id": "lang:004172", "is_canonical": null}, {"name": "koy sanjaq surat jezik", "bcp_47_code": "hr", "locale_id": "lang:001280", "is_canonical": true}, {"name": "ภาษากอย ซันจัก ซูรัต", "bcp_47_code": "th", "locale_id": "lang:000248", "is_canonical": true}, {"name": "којсанџачки сириски јазик", "bcp_47_code": "mk", "locale_id": "lang:001683", "is_canonical": true}, {"name": "سورث كوي سنجق", "bcp_47_code": "ar", "locale_id": "lang:000884", "is_canonical": true}, {"name": "Lenga Koy Sanjaq Surat", "bcp_47_code": "pms", "locale_id": "lang:003480", "is_canonical": true}, {"name": "lingua koy sanjaq surat", "bcp_47_code": "it", "locale_id": "lang:005147", "is_canonical": true}, {"name": "コイ・サンジャク・スラト語", "bcp_47_code": "ja", "locale_id": "lang:005185", "is_canonical": true}, {"name": "koy sanjaq surat", "bcp_47_code": "fr", "locale_id": "lang:002512", "is_canonical": true}, {"name": "库伊桑贾格叙利亚语", "bcp_47_code": "cmn", "locale_id": "lang:004378", "is_canonical": true}, {"name": "koy sanjaq surat", "bcp_47_code": "vec", "locale_id": "lang:004329", "is_canonical": true}, {"name": "кој санјак сурат јазик", "bcp_47_code": "mk", "locale_id": "lang:001683", "is_canonical": null}]