[{"name": "Poqomchi'", "bcp_47_code": "en", "locale_id": "lang:004172", "is_canonical": true}, {"name": "língua pocomchi", "bcp_47_code": "pt", "locale_id": "lang:001977", "is_canonical": true}, {"name": "pocomchí-Sprache", "bcp_47_code": "de", "locale_id": "lang:006636", "is_canonical": true}, {"name": "Lenga poqomchi' oriental", "bcp_47_code": "pms", "locale_id": "lang:003480", "is_canonical": true}, {"name": "покомчи", "bcp_47_code": "ru", "locale_id": "lang:006745", "is_canonical": true}, {"name": "poqomchi’", "bcp_47_code": "fr", "locale_id": "lang:002512", "is_canonical": true}, {"name": "pocomchí", "bcp_47_code": "es", "locale_id": "lang:005944", "is_canonical": true}, {"name": "Pokomçice", "bcp_47_code": "tr", "locale_id": "lang:000917", "is_canonical": true}, {"name": "покомчиски јазик", "bcp_47_code": "mk", "locale_id": "lang:001683", "is_canonical": true}, {"name": "Poqomchi'", "bcp_47_code": "nl", "locale_id": "lang:006448", "is_canonical": true}, {"name": "pokomchi", "bcp_47_code": "nb", "locale_id": "lang:000958", "is_canonical": true}, {"name": "poqomchi'", "bcp_47_code": "ca", "locale_id": "lang:000334", "is_canonical": true}, {"name": "lingua poqomchi'", "bcp_47_code": "it", "locale_id": "lang:005147", "is_canonical": true}, {"name": "pokomchi", "bcp_47_code": "nn", "locale_id": "lang:005019", "is_canonical": true}, {"name": "Lingua poqomchiʼ", "bcp_47_code": "gl", "locale_id": "lang:006921", "is_canonical": true}, {"name": "pokomtši keel", "bcp_47_code": "et", "locale_id": "lang:007279", "is_canonical": true}, {"name": "idioma poqomchí", "bcp_47_code": "ast", "locale_id": "lang:006965", "is_canonical": true}, {"name": "Wikang Poqomchi'", "bcp_47_code": "tl", "locale_id": "lang:002540", "is_canonical": true}, {"name": "ポコムチ語", "bcp_47_code": "ja", "locale_id": "lang:005185", "is_canonical": true}, {"name": "포콤치어", "bcp_47_code": "ko", "locale_id": "lang:000685", "is_canonical": true}, {"name": "poqomchi'", "bcp_47_code": "vec", "locale_id": "lang:004329", "is_canonical": true}, {"name": "pocomchi", "bcp_47_code": "pt", "locale_id": "lang:001977", "is_canonical": null}, {"name": "Pocomchí", "bcp_47_code": "de", "locale_id": "lang:006636", "is_canonical": null}, {"name": "Lenga poqomchi'", "bcp_47_code": "pms", "locale_id": "lang:003480", "is_canonical": null}, {"name": "idioma pocomchí", "bcp_47_code": "es", "locale_id": "lang:005944", "is_canonical": null}, {"name": "idioma pocomchi", "bcp_47_code": "es", "locale_id": "lang:005944", "is_canonical": null}, {"name": "idioma pokom'chi'", "bcp_47_code": "es", "locale_id": "lang:005944", "is_canonical": null}, {"name": "idioma poqomchi", "bcp_47_code": "es", "locale_id": "lang:005944", "is_canonical": null}, {"name": "pocomchi", "bcp_47_code": "es", "locale_id": "lang:005944", "is_canonical": null}, {"name": "Pokomchí", "bcp_47_code": "en", "locale_id": "lang:004172", "is_canonical": null}, {"name": "Pokomchi", "bcp_47_code": "en", "locale_id": "lang:004172", "is_canonical": null}, {"name": "poqomchi", "bcp_47_code": "nb", "locale_id": "lang:000958", "is_canonical": null}, {"name": "lingua poqomchí", "bcp_47_code": "it", "locale_id": "lang:005147", "is_canonical": null}, {"name": "poqomchi'", "bcp_47_code": "fr", "locale_id": "lang:002512", "is_canonical": null}, {"name": "poqomchi", "bcp_47_code": "no", "locale_id": "lang:002536", "is_canonical": true}]