[{"name": "Gitxsan", "bcp_47_code": "en", "locale_id": "lang:004172", "is_canonical": true}, {"name": "gitksan", "bcp_47_code": "fr", "locale_id": "lang:002512", "is_canonical": true}, {"name": "Lenga gitxsan", "bcp_47_code": "pms", "locale_id": "lang:003480", "is_canonical": true}, {"name": "gitksaneg", "bcp_47_code": "br", "locale_id": "lang:003643", "is_canonical": true}, {"name": "гитксан", "bcp_47_code": "ru", "locale_id": "lang:006745", "is_canonical": true}, {"name": "język gitxsan", "bcp_47_code": "pl", "locale_id": "lang:001433", "is_canonical": true}, {"name": "língua gitxsan", "bcp_47_code": "pt", "locale_id": "lang:001977", "is_canonical": true}, {"name": "Wikang Gitksan", "bcp_47_code": "tl", "locale_id": "lang:002540", "is_canonical": true}, {"name": "гітксан", "bcp_47_code": "uk", "locale_id": "lang:001994", "is_canonical": true}, {"name": "Gitxsan", "bcp_47_code": "de", "locale_id": "lang:006636", "is_canonical": true}, {"name": "Gitsenimx̱", "bcp_47_code": "en", "locale_id": "lang:004172", "is_canonical": null}]