[{"name": "Kota", "bcp_47_code": "en", "locale_id": "lang:004172", "is_canonical": true}, {"name": "lingua Kota", "bcp_47_code": "la", "locale_id": "lang:016110", "is_canonical": true}, {"name": "bahasa Kota", "bcp_47_code": "id", "locale_id": "lang:005344", "is_canonical": true}, {"name": "koteg", "bcp_47_code": "br", "locale_id": "lang:003643", "is_canonical": true}, {"name": "język kota", "bcp_47_code": "pl", "locale_id": "lang:001433", "is_canonical": true}, {"name": "кота", "bcp_47_code": "ru", "locale_id": "lang:006745", "is_canonical": true}, {"name": "கோத்தர் மொழி", "bcp_47_code": "ta", "locale_id": "lang:002996", "is_canonical": true}, {"name": "ภาษาโกตา", "bcp_47_code": "th", "locale_id": "lang:000248", "is_canonical": true}, {"name": "kotan kieli", "bcp_47_code": "fi", "locale_id": "lang:005250", "is_canonical": true}, {"name": "kota", "bcp_47_code": "es", "locale_id": "lang:005944", "is_canonical": true}, {"name": "lingua kota", "bcp_47_code": "it", "locale_id": "lang:005147", "is_canonical": true}, {"name": "Kikota", "bcp_47_code": "sw", "locale_id": "lang:001597", "is_canonical": true}, {"name": "কোটা ভাষা", "bcp_47_code": "bn", "locale_id": "lang:000178", "is_canonical": true}, {"name": "ಕೊತ ಭಾಷೆ", "bcp_47_code": "kn", "locale_id": "lang:006289", "is_canonical": true}, {"name": "କୋଟା ଭାଷା", "bcp_47_code": "or", "locale_id": "lang:001930", "is_canonical": true}, {"name": "科塔语_", "bcp_47_code": "cmn", "locale_id": "lang:004378", "is_canonical": true}, {"name": "kota", "bcp_47_code": "fr", "locale_id": "lang:002512", "is_canonical": true}, {"name": "ਕੋਟਾ", "bcp_47_code": "pa", "locale_id": "lang:003658", "is_canonical": true}, {"name": "Кота теле", "bcp_47_code": "tt", "locale_id": "lang:003939", "is_canonical": true}, {"name": "コータ語", "bcp_47_code": "ja", "locale_id": "lang:005185", "is_canonical": true}, {"name": "कोटा भाषा", "bcp_47_code": "hi", "locale_id": "lang:005010", "is_canonical": true}, {"name": "kota", "bcp_47_code": "vec", "locale_id": "lang:004329", "is_canonical": true}, {"name": "கோத்த மொழி", "bcp_47_code": "ta", "locale_id": "lang:002996", "is_canonical": null}, {"name": "கோட்டா மொழி", "bcp_47_code": "ta", "locale_id": "lang:002996", "is_canonical": null}, {"name": "ਕੋਟਾ |ਕੋਟਾ ਭਾਸ਼ਾ", "bcp_47_code": "pa", "locale_id": "lang:003658", "is_canonical": null}, {"name": "Kota (India)", "bcp_47_code": "en", "locale_id": "lang:004172", "is_canonical": true}]