[{"name": "Kunduvadi", "bcp_47_code": "en", "locale_id": "lang:004172", "is_canonical": true}, {"name": "Kikunduvadi", "bcp_47_code": "sw", "locale_id": "lang:001597", "is_canonical": true}, {"name": "kunduvadi jezik", "bcp_47_code": "hr", "locale_id": "lang:001280", "is_canonical": true}, {"name": "কুন্ডুবাদি ভাষা", "bcp_47_code": "bn", "locale_id": "lang:000178", "is_canonical": true}, {"name": "קונדובאדי", "bcp_47_code": "he", "locale_id": "lang:000780", "is_canonical": true}, {"name": "ਕੁੰਦੁਵਡੀ", "bcp_47_code": "pa", "locale_id": "lang:003658", "is_canonical": true}, {"name": "ਕੁੰਦੁਵਡੀ ਭਾਸ਼ਾ", "bcp_47_code": "pa", "locale_id": "lang:003658", "is_canonical": null}]