[{"name": "Masalit", "bcp_47_code": "en", "locale_id": "lang:004172", "is_canonical": true}, {"name": "língua masalit", "bcp_47_code": "pt", "locale_id": "lang:001977", "is_canonical": true}, {"name": "masaliteg", "bcp_47_code": "br", "locale_id": "lang:003643", "is_canonical": true}, {"name": "masalit", "bcp_47_code": "fr", "locale_id": "lang:002512", "is_canonical": true}, {"name": "масалитски јазик", "bcp_47_code": "mk", "locale_id": "lang:001683", "is_canonical": true}, {"name": "Kimasalit", "bcp_47_code": "sw", "locale_id": "lang:001597", "is_canonical": true}, {"name": "Lenga Masalit", "bcp_47_code": "pms", "locale_id": "lang:003480", "is_canonical": true}, {"name": "масаліт", "bcp_47_code": "uk", "locale_id": "lang:001994", "is_canonical": true}, {"name": "масалит", "bcp_47_code": "ru", "locale_id": "lang:006745", "is_canonical": true}, {"name": "マサリート語", "bcp_47_code": "ja", "locale_id": "lang:005185", "is_canonical": true}, {"name": "لغة المساليت", "bcp_47_code": "ar", "locale_id": "lang:000884", "is_canonical": true}, {"name": "لغة المساليت", "bcp_47_code": "arz", "locale_id": "lang:004060", "is_canonical": true}, {"name": "Γλώσσα Masalit", "bcp_47_code": "el", "locale_id": "lang:002331", "is_canonical": true}, {"name": "Kanaa Massara", "bcp_47_code": "en", "locale_id": "lang:004172", "is_canonical": null}, {"name": "لغة المساليت لغة شعب أفريقي", "bcp_47_code": "ar", "locale_id": "lang:000884", "is_canonical": null}, {"name": "لغة شعب أفريقي", "bcp_47_code": "arz", "locale_id": "lang:004060", "is_canonical": null}, {"name": "Η γλώσσα Masalit είναι η γλώσσα ενός αφρικανικού λαού", "bcp_47_code": "el", "locale_id": "lang:002331", "is_canonical": null}, {"name": "masalaka", "bcp_47_code": "mls", "locale_id": "lang:000100", "is_canonical": true}, {"name": "masaraka", "bcp_47_code": "mls", "locale_id": "lang:000100", "is_canonical": null}]