[{"name": "Biga", "bcp_47_code": "en", "locale_id": "lang:004172", "is_canonical": true}, {"name": "biga", "bcp_47_code": "fr", "locale_id": "lang:002512", "is_canonical": true}, {"name": "Biga", "bcp_47_code": "de", "locale_id": "lang:006636", "is_canonical": true}, {"name": "biga jezik", "bcp_47_code": "hr", "locale_id": "lang:001280", "is_canonical": true}, {"name": "Lenga Biga", "bcp_47_code": "pms", "locale_id": "lang:003480", "is_canonical": true}, {"name": "Kibiga", "bcp_47_code": "sw", "locale_id": "lang:001597", "is_canonical": true}, {"name": "Biga", "bcp_47_code": "id", "locale_id": "lang:005344", "is_canonical": true}, {"name": "Biqa dili", "bcp_47_code": "az", "locale_id": "lang:000492", "is_canonical": true}, {"name": "Biga", "bcp_47_code": "ilo", "locale_id": "lang:007408", "is_canonical": true}, {"name": "język biga", "bcp_47_code": "pl", "locale_id": "lang:001433", "is_canonical": true}, {"name": "bahasa Biga", "bcp_47_code": "id", "locale_id": "lang:005344", "is_canonical": null}]