[{"name": "Barapasi", "bcp_47_code": "en", "locale_id": "lang:004172", "is_canonical": true}, {"name": "Lenga barapasi", "bcp_47_code": "pms", "locale_id": "lang:003480", "is_canonical": true}, {"name": "bahasa Barapasi", "bcp_47_code": "id", "locale_id": "lang:005344", "is_canonical": true}, {"name": "barapasieg", "bcp_47_code": "br", "locale_id": "lang:003643", "is_canonical": true}, {"name": "Baropasi", "bcp_47_code": "en", "locale_id": "lang:004172", "is_canonical": null}, {"name": "barapasi jezik", "bcp_47_code": "hr", "locale_id": "lang:001280", "is_canonical": true}, {"name": "Kibarapasi", "bcp_47_code": "sw", "locale_id": "lang:001597", "is_canonical": true}, {"name": "język baropasi", "bcp_47_code": "pl", "locale_id": "lang:001433", "is_canonical": true}, {"name": "Baropasi", "bcp_47_code": "ilo", "locale_id": "lang:007408", "is_canonical": true}, {"name": "Γλώσσα Μπαροπάσι", "bcp_47_code": "el", "locale_id": "lang:002331", "is_canonical": true}]