[{"name": "Ndonga", "bcp_47_code": "en", "locale_id": "lang:004172", "is_canonical": true}, {"name": "андонга", "bcp_47_code": "ab", "locale_id": "lang:006291", "is_canonical": true}, {"name": "Ndonga", "bcp_47_code": "af", "locale_id": "lang:006849", "is_canonical": true}, {"name": "ንዶንጋ", "bcp_47_code": "am", "locale_id": "lang:000379", "is_canonical": true}, {"name": "الندونجا", "bcp_47_code": "ar", "locale_id": "lang:000884", "is_canonical": true}, {"name": "এন্দোঙ্গা", "bcp_47_code": "as", "locale_id": "lang:003208", "is_canonical": true}, {"name": "ndonga", "bcp_47_code": "ast", "locale_id": "lang:006965", "is_canonical": true}, {"name": "ndonqa", "bcp_47_code": "az", "locale_id": "lang:000492", "is_canonical": true}, {"name": "ндонга", "bcp_47_code": "be", "locale_id": "lang:004942", "is_canonical": true}, {"name": "ндонга", "bcp_47_code": "bg", "locale_id": "lang:003294", "is_canonical": true}, {"name": "اندونگی", "bcp_47_code": "bgn", "locale_id": "lang:004443", "is_canonical": true}, {"name": "এন্দোঙ্গা", "bcp_47_code": "bn", "locale_id": "lang:000178", "is_canonical": true}, {"name": "ndonga", "bcp_47_code": "br", "locale_id": "lang:003643", "is_canonical": true}, {"name": "न्डोंगा", "bcp_47_code": "brx", "locale_id": "lang:003716", "is_canonical": true}, {"name": "ndonga", "bcp_47_code": "bs", "locale_id": "lang:005177", "is_canonical": true}, {"name": "ndonga", "bcp_47_code": "ca", "locale_id": "lang:000334", "is_canonical": true}, {"name": "𑄆𑄚𑄴𑄘𑄮𑄋𑄴𑄉", "bcp_47_code": "ccp", "locale_id": "lang:004815", "is_canonical": true}, {"name": "ндонга", "bcp_47_code": "ce", "locale_id": "lang:000120", "is_canonical": true}, {"name": "ᎾᏙᎦ", "bcp_47_code": "chr", "locale_id": "lang:004490", "is_canonical": true}, {"name": "ندۆنگا", "bcp_47_code": "ckb", "locale_id": "lang:002255", "is_canonical": true}, {"name": "ndondština", "bcp_47_code": "cs", "locale_id": "lang:007371", "is_canonical": true}, {"name": "Ndonga", "bcp_47_code": "cy", "locale_id": "lang:005257", "is_canonical": true}, {"name": "ndonga", "bcp_47_code": "da", "locale_id": "lang:006478", "is_canonical": true}, {"name": "Ndonga", "bcp_47_code": "de", "locale_id": "lang:006636", "is_canonical": true}, {"name": "ndongašćina", "bcp_47_code": "dsb", "locale_id": "lang:007093", "is_canonical": true}, {"name": "Ντόνγκα", "bcp_47_code": "el", "locale_id": "lang:002331", "is_canonical": true}, {"name": "ndonga", "bcp_47_code": "eo", "locale_id": "lang:001065", "is_canonical": true}, {"name": "ndonga", "bcp_47_code": "es", "locale_id": "lang:005944", "is_canonical": true}, {"name": "ndonga", "bcp_47_code": "et", "locale_id": "lang:007279", "is_canonical": true}, {"name": "ndonga", "bcp_47_code": "eu", "locale_id": "lang:004920", "is_canonical": true}, {"name": "اندونگایی", "bcp_47_code": "fa", "locale_id": "lang:005211", "is_canonical": true}, {"name": "ndonga", "bcp_47_code": "fi", "locale_id": "lang:005250", "is_canonical": true}, {"name": "Ndonga", "bcp_47_code": "fil", "locale_id": "lang:004854", "is_canonical": true}, {"name": "ndonga", "bcp_47_code": "fo", "locale_id": "lang:005789", "is_canonical": true}, {"name": "ndonga", "bcp_47_code": "fr", "locale_id": "lang:002512", "is_canonical": true}, {"name": "Ndonga", "bcp_47_code": "fy", "locale_id": "lang:000608", "is_canonical": true}, {"name": "Ndongais", "bcp_47_code": "ga", "locale_id": "lang:005513", "is_canonical": true}, {"name": "Ndonga", "bcp_47_code": "gd", "locale_id": "lang:005113", "is_canonical": true}, {"name": "ndonga", "bcp_47_code": "gl", "locale_id": "lang:006921", "is_canonical": true}, {"name": "Ndonga", "bcp_47_code": "gsw", "locale_id": "lang:006414", "is_canonical": true}, {"name": "ડોન્ગા", "bcp_47_code": "gu", "locale_id": "lang:006797", "is_canonical": true}, {"name": "Ndonga", "bcp_47_code": "ha", "locale_id": "lang:006769", "is_canonical": true}, {"name": "נדונגה", "bcp_47_code": "he", "locale_id": "lang:000780", "is_canonical": true}, {"name": "डोन्गा", "bcp_47_code": "hi", "locale_id": "lang:005010", "is_canonical": true}, {"name": "ndonga", "bcp_47_code": "hr", "locale_id": "lang:001280", "is_canonical": true}, {"name": "ndongašćina", "bcp_47_code": "hsb", "locale_id": "lang:002868", "is_canonical": true}, {"name": "ndonga", "bcp_47_code": "hu", "locale_id": "lang:004445", "is_canonical": true}, {"name": "նդոնգա", "bcp_47_code": "hy", "locale_id": "lang:006918", "is_canonical": true}, {"name": "ndonga", "bcp_47_code": "ia", "locale_id": "lang:008680", "is_canonical": true}, {"name": "Ndonga", "bcp_47_code": "id", "locale_id": "lang:005344", "is_canonical": true}, {"name": "Ndonga", "bcp_47_code": "ig", "locale_id": "lang:002832", "is_canonical": true}, {"name": "ndonga", "bcp_47_code": "is", "locale_id": "lang:006417", "is_canonical": true}, {"name": "ndonga", "bcp_47_code": "it", "locale_id": "lang:005147", "is_canonical": true}, {"name": "ンドンガ語", "bcp_47_code": "ja", "locale_id": "lang:005185", "is_canonical": true}, {"name": "Ndonga", "bcp_47_code": "jv", "locale_id": "lang:006418", "is_canonical": true}, {"name": "ნდონგა", "bcp_47_code": "ka", "locale_id": "lang:005687", "is_canonical": true}, {"name": "Tandungat", "bcp_47_code": "kab", "locale_id": "lang:002124", "is_canonical": true}, {"name": "nogã", "bcp_47_code": "kgp", "locale_id": "lang:005254", "is_canonical": true}, {"name": "ндонга тілі", "bcp_47_code": "kk", "locale_id": "lang:001017", "is_canonical": true}, {"name": "នុនហ្គា", "bcp_47_code": "km", "locale_id": "lang:000690", "is_canonical": true}, {"name": "ಡೋಂಗಾ", "bcp_47_code": "kn", "locale_id": "lang:006289", "is_canonical": true}, {"name": "느동가어", "bcp_47_code": "ko", "locale_id": "lang:000685", "is_canonical": true}, {"name": "डोंगा", "bcp_47_code": "kok", "locale_id": "lang:001978", "is_canonical": true}, {"name": "ڈونگا", "bcp_47_code": "ks", "locale_id": "lang:004361", "is_canonical": true}, {"name": "Ndongjahnesch", "bcp_47_code": "ksh", "locale_id": "lang:000776", "is_canonical": true}, {"name": "ндонгача", "bcp_47_code": "ky", "locale_id": "lang:003193", "is_canonical": true}, {"name": "Ndonga", "bcp_47_code": "lb", "locale_id": "lang:003324", "is_canonical": true}, {"name": "ndonga", "bcp_47_code": "lij", "locale_id": "lang:004453", "is_canonical": true}, {"name": "ເອັນດອງກາ", "bcp_47_code": "lo", "locale_id": "lang:002848", "is_canonical": true}, {"name": "ndongų", "bcp_47_code": "lt", "locale_id": "lang:000996", "is_canonical": true}, {"name": "ndongu", "bcp_47_code": "lv", "locale_id": "lang:006606", "is_canonical": true}, {"name": "एनडोंगा", "bcp_47_code": "mai", "locale_id": "lang:005797", "is_canonical": true}, {"name": "Natōka", "bcp_47_code": "mi", "locale_id": "lang:005897", "is_canonical": true}, {"name": "ндонга", "bcp_47_code": "mk", "locale_id": "lang:001683", "is_canonical": true}, {"name": "ഡോങ്ക", "bcp_47_code": "ml", "locale_id": "lang:001880", "is_canonical": true}, {"name": "ндонга", "bcp_47_code": "mn", "locale_id": "lang:005506", "is_canonical": true}, {"name": "डोंगा", "bcp_47_code": "mr", "locale_id": "lang:003376", "is_canonical": true}, {"name": "Ndonga", "bcp_47_code": "ms", "locale_id": "lang:001263", "is_canonical": true}, {"name": "Ndonga", "bcp_47_code": "mt", "locale_id": "lang:004371", "is_canonical": true}, {"name": "အွန်ဒွန်ဂါ", "bcp_47_code": "my", "locale_id": "lang:004196", "is_canonical": true}, {"name": "Ndonga", "bcp_47_code": "nds", "locale_id": "lang:001710", "is_canonical": true}, {"name": "न्दोन्गा", "bcp_47_code": "ne", "locale_id": "lang:004630", "is_canonical": true}, {"name": "Ndonga", "bcp_47_code": "nl", "locale_id": "lang:006448", "is_canonical": true}, {"name": "ndonga", "bcp_47_code": "no", "locale_id": "lang:002536", "is_canonical": true}, {"name": "ଡୋଙ୍ଗା", "bcp_47_code": "or", "locale_id": "lang:001930", "is_canonical": true}, {"name": "ਐਂਡੋਂਗਾ", "bcp_47_code": "pa", "locale_id": "lang:003658", "is_canonical": true}, {"name": "Ndónga Lángwej", "bcp_47_code": "pcm", "locale_id": "lang:002108", "is_canonical": true}, {"name": "ndonga", "bcp_47_code": "pl", "locale_id": "lang:001433", "is_canonical": true}, {"name": "ندونگا", "bcp_47_code": "ps", "locale_id": "lang:006281", "is_canonical": true}, {"name": "dongo", "bcp_47_code": "pt", "locale_id": "lang:001977", "is_canonical": true}, {"name": "Ndonga Simi", "bcp_47_code": "qu", "locale_id": "lang:000991", "is_canonical": true}, {"name": "ndonga", "bcp_47_code": "rm", "locale_id": "lang:004318", "is_canonical": true}, {"name": "ndonga", "bcp_47_code": "ro", "locale_id": "lang:006592", "is_canonical": true}, {"name": "ндонга", "bcp_47_code": "ru", "locale_id": "lang:006745", "is_canonical": true}, {"name": "ᱰᱚᱝᱜᱟ", "bcp_47_code": "sat", "locale_id": "lang:006025", "is_canonical": true}, {"name": "ndonga", "bcp_47_code": "sc", "locale_id": "lang:000376", "is_canonical": true}, {"name": "ڊونگا", "bcp_47_code": "sd", "locale_id": "lang:002987", "is_canonical": true}, {"name": "න්ඩොන්ගා", "bcp_47_code": "si", "locale_id": "lang:000326", "is_canonical": true}, {"name": "ndonga", "bcp_47_code": "sk", "locale_id": "lang:005464", "is_canonical": true}, {"name": "ndonga", "bcp_47_code": "sl", "locale_id": "lang:004352", "is_canonical": true}, {"name": "ndonga", "bcp_47_code": "smn", "locale_id": "lang:000203", "is_canonical": true}, {"name": "Ndonga", "bcp_47_code": "so", "locale_id": "lang:000435", "is_canonical": true}, {"name": "ndongaisht", "bcp_47_code": "sq", "locale_id": "lang:006275", "is_canonical": true}, {"name": "ндонга", "bcp_47_code": "sr", "locale_id": "lang:002701", "is_canonical": true}, {"name": "ndonga", "bcp_47_code": "sv", "locale_id": "lang:004782", "is_canonical": true}, {"name": "Kindonga", "bcp_47_code": "sw", "locale_id": "lang:001597", "is_canonical": true}, {"name": "தோங்கா", "bcp_47_code": "ta", "locale_id": "lang:002996", "is_canonical": true}, {"name": "డోంగా", "bcp_47_code": "te", "locale_id": "lang:000508", "is_canonical": true}, {"name": "ดองกา", "bcp_47_code": "th", "locale_id": "lang:000248", "is_canonical": true}, {"name": "ኤንዶንጋ", "bcp_47_code": "ti", "locale_id": "lang:002196", "is_canonical": true}, {"name": "ndonga dili", "bcp_47_code": "tk", "locale_id": "lang:002001", "is_canonical": true}, {"name": "lea fakanetongikā", "bcp_47_code": "to", "locale_id": "lang:006037", "is_canonical": true}, {"name": "Ndonga", "bcp_47_code": "tr", "locale_id": "lang:000917", "is_canonical": true}, {"name": "ندونگاچە", "bcp_47_code": "ug", "locale_id": "lang:003330", "is_canonical": true}, {"name": "ндонга", "bcp_47_code": "uk", "locale_id": "lang:001994", "is_canonical": true}, {"name": "نڈونگا", "bcp_47_code": "ur", "locale_id": "lang:001103", "is_canonical": true}, {"name": "ndonga", "bcp_47_code": "uz", "locale_id": "lang:003386", "is_canonical": true}, {"name": "tiếng Ndonga", "bcp_47_code": "vi", "locale_id": "lang:004523", "is_canonical": true}, {"name": "Èdè Ndonga", "bcp_47_code": "yo", "locale_id": "lang:003132", "is_canonical": true}, {"name": "dũgu", "bcp_47_code": "yrl", "locale_id": "lang:006863", "is_canonical": true}, {"name": "恩東加文", "bcp_47_code": "yue", "locale_id": "lang:005108", "is_canonical": true}, {"name": "恩东加语", "bcp_47_code": "cmn", "locale_id": "lang:004378", "is_canonical": true}, {"name": "isi-Ndonga", "bcp_47_code": "zu", "locale_id": "lang:007247", "is_canonical": true}, {"name": "ንዶንጋኛ", "bcp_47_code": "am", "locale_id": "lang:000379", "is_canonical": null}, {"name": "الندونغا", "bcp_47_code": "ar", "locale_id": "lang:000884", "is_canonical": null}, {"name": "ডোংগা", "bcp_47_code": "as", "locale_id": "lang:003208", "is_canonical": null}, {"name": "Ndonqa dili", "bcp_47_code": "az", "locale_id": "lang:000492", "is_canonical": null}, {"name": "ndonga", "bcp_47_code": "cs", "locale_id": "lang:007371", "is_canonical": null}, {"name": "Ντόγκα", "bcp_47_code": "el", "locale_id": "lang:002331", "is_canonical": null}, {"name": "اندونگا", "bcp_47_code": "fa", "locale_id": "lang:005211", "is_canonical": null}, {"name": "Ndonga", "bcp_47_code": "gl", "locale_id": "lang:006921", "is_canonical": null}, {"name": "डोंगो", "bcp_47_code": "hi", "locale_id": "lang:005010", "is_canonical": null}, {"name": "Ndonga", "bcp_47_code": "in", "locale_id": "lang:005344", "is_canonical": true}, {"name": "ნდგონგა", "bcp_47_code": "ka", "locale_id": "lang:005687", "is_canonical": null}, {"name": "Ндонга", "bcp_47_code": "kk", "locale_id": "lang:001017", "is_canonical": null}, {"name": "ដុងង៉ា", "bcp_47_code": "km", "locale_id": "lang:000690", "is_canonical": null}, {"name": "은동가어", "bcp_47_code": "ko", "locale_id": "lang:000685", "is_canonical": null}, {"name": "Ндонгача", "bcp_47_code": "ky", "locale_id": "lang:003193", "is_canonical": null}, {"name": "Ndonga", "bcp_47_code": "ln", "locale_id": "lang:005075", "is_canonical": true}, {"name": "ດົງກາ", "bcp_47_code": "lo", "locale_id": "lang:002848", "is_canonical": null}, {"name": "ndongų kalba", "bcp_47_code": "lt", "locale_id": "lang:000996", "is_canonical": null}, {"name": "ഡോംഗ", "bcp_47_code": "ml", "locale_id": "lang:001880", "is_canonical": null}, {"name": "Ндонга", "bcp_47_code": "mn", "locale_id": "lang:005506", "is_canonical": null}, {"name": "Ndonga", "bcp_47_code": "mo", "locale_id": "lang:006592", "is_canonical": true}, {"name": "एनडोंगा", "bcp_47_code": "mr", "locale_id": "lang:003376", "is_canonical": null}, {"name": "ဒွန်ဂါ", "bcp_47_code": "my", "locale_id": "lang:004196", "is_canonical": null}, {"name": "ndonga", "bcp_47_code": "nb", "locale_id": "lang:000958", "is_canonical": true}, {"name": "एनडोन्गा", "bcp_47_code": "ne", "locale_id": "lang:004630", "is_canonical": null}, {"name": "ਐਨਡੋਂਗਾ", "bcp_47_code": "pa", "locale_id": "lang:003658", "is_canonical": null}, {"name": "ndonga", "bcp_47_code": "pt", "locale_id": "lang:001977", "is_canonical": null}, {"name": "ඩොන්ගා", "bcp_47_code": "si", "locale_id": "lang:000326", "is_canonical": null}, {"name": "Ndonga", "bcp_47_code": "sk", "locale_id": "lang:005464", "is_canonical": null}, {"name": "ovambo", "bcp_47_code": "sl", "locale_id": "lang:004352", "is_canonical": null}, {"name": "டோங்கா", "bcp_47_code": "ta", "locale_id": "lang:002996", "is_canonical": null}, {"name": "ดอนกา", "bcp_47_code": "th", "locale_id": "lang:000248", "is_canonical": null}, {"name": "Ndonga", "bcp_47_code": "tl", "locale_id": "lang:002540", "is_canonical": true}, {"name": "انڈونگا", "bcp_47_code": "ur", "locale_id": "lang:001103", "is_canonical": null}, {"name": "Lenga Ndonga", "bcp_47_code": "pms", "locale_id": "lang:003480", "is_canonical": true}, {"name": "ndonga lingvo", "bcp_47_code": "eo", "locale_id": "lang:001065", "is_canonical": null}, {"name": "język ndonga", "bcp_47_code": "pl", "locale_id": "lang:001433", "is_canonical": null}, {"name": "இந்தோங்க மொழி", "bcp_47_code": "ta", "locale_id": "lang:002996", "is_canonical": null}, {"name": "Bahasa Ndonga", "bcp_47_code": "ms", "locale_id": "lang:001263", "is_canonical": null}, {"name": "ndonga keel", "bcp_47_code": "et", "locale_id": "lang:007279", "is_canonical": null}, {"name": "ندونگا", "bcp_47_code": "mzn", "locale_id": "lang:005912", "is_canonical": true}, {"name": "Ndonga", "bcp_47_code": "ng", "locale_id": "lang:000274", "is_canonical": null}, {"name": "زبان اندونگا", "bcp_47_code": "fa", "locale_id": "lang:005211", "is_canonical": null}, {"name": "Lingua ndonga", "bcp_47_code": "gl", "locale_id": "lang:006921", "is_canonical": null}, {"name": "恩敦加语", "bcp_47_code": "cmn", "locale_id": "lang:004378", "is_canonical": null}, {"name": "idioma ndonga", "bcp_47_code": "ast", "locale_id": "lang:006965", "is_canonical": null}, {"name": "Oshindonga", "bcp_47_code": "sn", "locale_id": "lang:001441", "is_canonical": true}, {"name": "Ndonga", "bcp_47_code": "hif", "locale_id": "lang:004553", "is_canonical": true}, {"name": "Wikaing Ndonga", "bcp_47_code": "tl", "locale_id": "lang:002540", "is_canonical": null}, {"name": "ᱱᱰᱳᱝᱜᱟ ᱯᱟᱹᱨᱥᱤ", "bcp_47_code": "sat", "locale_id": "lang:006025", "is_canonical": null}, {"name": "ndonga", "bcp_47_code": "vec", "locale_id": "lang:004329", "is_canonical": true}, {"name": "Fiteny ndônga", "bcp_47_code": "mg", "locale_id": "lang:001318", "is_canonical": true}, {"name": "língua ndonga", "bcp_47_code": "pt", "locale_id": "lang:001977", "is_canonical": null}, {"name": "język ambo", "bcp_47_code": "pl", "locale_id": "lang:001433", "is_canonical": null}, {"name": "lingua ndonga", "bcp_47_code": "it", "locale_id": "lang:005147", "is_canonical": null}, {"name": "Ndonga Dialect", "bcp_47_code": "en", "locale_id": "lang:004172", "is_canonical": null}, {"name": "Ndonga Oshiwambo", "bcp_47_code": "en", "locale_id": "lang:004172", "is_canonical": null}, {"name": "Oshindonga", "bcp_47_code": "gl", "locale_id": "lang:006921", "is_canonical": null}, {"name": "恩頓加語", "bcp_47_code": "cmn", "locale_id": "lang:004378", "is_canonical": null}, {"name": "նդունգա", "bcp_47_code": "hy", "locale_id": "lang:006918", "is_canonical": null}, {"name": "idioma ndonga", "bcp_47_code": "es", "locale_id": "lang:005944", "is_canonical": null}, {"name": "ndonga", "bcp_47_code": "ng", "locale_id": "lang:000274", "is_canonical": true}, {"name": "Oshiwambo", "bcp_47_code": "ng", "locale_id": "lang:000274", "is_canonical": false}]