[{"name": "Ngad'A", "bcp_47_code": "en", "locale_id": "lang:004172", "is_canonical": true}, {"name": "Ngadha", "bcp_47_code": "en", "locale_id": "lang:004172", "is_canonical": null}, {"name": "Ngada", "bcp_47_code": "de", "locale_id": "lang:006636", "is_canonical": true}, {"name": "Lenga Ngad'a", "bcp_47_code": "pms", "locale_id": "lang:003480", "is_canonical": true}, {"name": "ngadha", "bcp_47_code": "fr", "locale_id": "lang:002512", "is_canonical": true}, {"name": "Ngadha", "bcp_47_code": "nl", "locale_id": "lang:006448", "is_canonical": true}, {"name": "Ngada", "bcp_47_code": "id", "locale_id": "lang:005344", "is_canonical": true}, {"name": "Kingad'a", "bcp_47_code": "sw", "locale_id": "lang:001597", "is_canonical": true}, {"name": "Ngadha", "bcp_47_code": "ilo", "locale_id": "lang:007408", "is_canonical": true}, {"name": "Ngada", "bcp_47_code": "ace", "locale_id": "lang:002724", "is_canonical": true}, {"name": "Ngada", "bcp_47_code": "af", "locale_id": "lang:006849", "is_canonical": true}, {"name": "Ngada", "bcp_47_code": "an", "locale_id": "lang:000439", "is_canonical": true}, {"name": "ngada", "bcp_47_code": "ast", "locale_id": "lang:006965", "is_canonical": true}, {"name": "Ngada", "bcp_47_code": "bar", "locale_id": "lang:002296", "is_canonical": true}, {"name": "ngada", "bcp_47_code": "br", "locale_id": "lang:003643", "is_canonical": true}, {"name": "ngada", "bcp_47_code": "ca", "locale_id": "lang:000334", "is_canonical": true}, {"name": "Ngada", "bcp_47_code": "co", "locale_id": "lang:006406", "is_canonical": true}, {"name": "ngada", "bcp_47_code": "cs", "locale_id": "lang:007371", "is_canonical": true}, {"name": "Ngada", "bcp_47_code": "cy", "locale_id": "lang:005257", "is_canonical": true}, {"name": "ngada", "bcp_47_code": "da", "locale_id": "lang:006478", "is_canonical": true}, {"name": "ngada", "bcp_47_code": "eo", "locale_id": "lang:001065", "is_canonical": true}, {"name": "ngada", "bcp_47_code": "es", "locale_id": "lang:005944", "is_canonical": true}, {"name": "ngada", "bcp_47_code": "et", "locale_id": "lang:007279", "is_canonical": true}, {"name": "ngada", "bcp_47_code": "eu", "locale_id": "lang:004920", "is_canonical": true}, {"name": "ngada", "bcp_47_code": "fi", "locale_id": "lang:005250", "is_canonical": true}, {"name": "Ngada", "bcp_47_code": "frp", "locale_id": "lang:006722", "is_canonical": true}, {"name": "Ngada", "bcp_47_code": "fur", "locale_id": "lang:004668", "is_canonical": true}, {"name": "Ngada", "bcp_47_code": "ga", "locale_id": "lang:005513", "is_canonical": true}, {"name": "Ngada", "bcp_47_code": "gd", "locale_id": "lang:005113", "is_canonical": true}, {"name": "Ngada", "bcp_47_code": "gl", "locale_id": "lang:006921", "is_canonical": true}, {"name": "Ngada", "bcp_47_code": "gsw", "locale_id": "lang:006414", "is_canonical": true}, {"name": "ngada", "bcp_47_code": "hr", "locale_id": "lang:001280", "is_canonical": true}, {"name": "ngada", "bcp_47_code": "hu", "locale_id": "lang:004445", "is_canonical": true}, {"name": "ngada", "bcp_47_code": "ia", "locale_id": "lang:008680", "is_canonical": true}, {"name": "Ngada", "bcp_47_code": "ie", "locale_id": "lang:008683", "is_canonical": true}, {"name": "Ngada", "bcp_47_code": "io", "locale_id": "lang:009754", "is_canonical": true}, {"name": "ngada", "bcp_47_code": "is", "locale_id": "lang:006417", "is_canonical": true}, {"name": "ngada", "bcp_47_code": "it", "locale_id": "lang:005147", "is_canonical": true}, {"name": "Ngada", "bcp_47_code": "jv", "locale_id": "lang:006418", "is_canonical": true}, {"name": "Ngada", "bcp_47_code": "kg", "locale_id": "lang:000640", "is_canonical": true}, {"name": "Ngada", "bcp_47_code": "lb", "locale_id": "lang:003324", "is_canonical": true}, {"name": "Ngada", "bcp_47_code": "li", "locale_id": "lang:000599", "is_canonical": true}, {"name": "Ngada", "bcp_47_code": "lij", "locale_id": "lang:004453", "is_canonical": true}, {"name": "Ngada", "bcp_47_code": "mg", "locale_id": "lang:001318", "is_canonical": true}, {"name": "Ngada", "bcp_47_code": "min", "locale_id": "lang:006057", "is_canonical": true}, {"name": "Ngada", "bcp_47_code": "ms", "locale_id": "lang:001263", "is_canonical": true}, {"name": "ngada", "bcp_47_code": "nap", "locale_id": "lang:001448", "is_canonical": true}, {"name": "ngada", "bcp_47_code": "nb", "locale_id": "lang:000958", "is_canonical": true}, {"name": "Ngada", "bcp_47_code": "nds", "locale_id": "lang:001710", "is_canonical": true}, {"name": "ngada", "bcp_47_code": "nn", "locale_id": "lang:005019", "is_canonical": true}, {"name": "Ngada", "bcp_47_code": "nrm", "locale_id": "lang:003955", "is_canonical": true}, {"name": "ngada", "bcp_47_code": "oc", "locale_id": "lang:003832", "is_canonical": true}, {"name": "Ngada", "bcp_47_code": "pcd", "locale_id": "lang:004673", "is_canonical": true}, {"name": "ngada", "bcp_47_code": "pl", "locale_id": "lang:001433", "is_canonical": true}, {"name": "ngada", "bcp_47_code": "pt", "locale_id": "lang:001977", "is_canonical": true}, {"name": "Ngada", "bcp_47_code": "rm", "locale_id": "lang:004318", "is_canonical": true}, {"name": "ngada", "bcp_47_code": "ro", "locale_id": "lang:006592", "is_canonical": true}, {"name": "Ngada", "bcp_47_code": "sc", "locale_id": "lang:000376", "is_canonical": true}, {"name": "Ngada", "bcp_47_code": "scn", "locale_id": "lang:002425", "is_canonical": true}, {"name": "Ngada", "bcp_47_code": "sco", "locale_id": "lang:003876", "is_canonical": true}, {"name": "Ngada", "bcp_47_code": "sk", "locale_id": "lang:005464", "is_canonical": true}, {"name": "Ngada", "bcp_47_code": "sl", "locale_id": "lang:004352", "is_canonical": true}, {"name": "ngada", "bcp_47_code": "sr", "locale_id": "lang:002701", "is_canonical": true}, {"name": "Ngada", "bcp_47_code": "su", "locale_id": "lang:000207", "is_canonical": true}, {"name": "ngada", "bcp_47_code": "sv", "locale_id": "lang:004782", "is_canonical": true}, {"name": "ngada", "bcp_47_code": "vec", "locale_id": "lang:004329", "is_canonical": true}, {"name": "Ngada", "bcp_47_code": "vi", "locale_id": "lang:004523", "is_canonical": true}, {"name": "Ngada", "bcp_47_code": "vls", "locale_id": "lang:000883", "is_canonical": true}, {"name": "Ngada", "bcp_47_code": "vo", "locale_id": "lang:008677", "is_canonical": true}, {"name": "ngada", "bcp_47_code": "wa", "locale_id": "lang:002518", "is_canonical": true}, {"name": "Ngada", "bcp_47_code": "wo", "locale_id": "lang:003933", "is_canonical": true}, {"name": "Ngada", "bcp_47_code": "zu", "locale_id": "lang:007247", "is_canonical": true}, {"name": "Wikang Ngadha", "bcp_47_code": "tl", "locale_id": "lang:002540", "is_canonical": true}, {"name": "恩加達語", "bcp_47_code": "cmn", "locale_id": "lang:004378", "is_canonical": true}, {"name": "恩加达语", "bcp_47_code": "cmn", "locale_id": "lang:004378", "is_canonical": null}, {"name": "نجادها", "bcp_47_code": "arz", "locale_id": "lang:004060", "is_canonical": true}, {"name": "nagadha", "bcp_47_code": "fr", "locale_id": "lang:002512", "is_canonical": null}, {"name": "Ngad’A", "bcp_47_code": "id", "locale_id": "lang:005344", "is_canonical": null}, {"name": "Badjava", "bcp_47_code": "id", "locale_id": "lang:005344", "is_canonical": null}, {"name": "Bajawa", "bcp_47_code": "id", "locale_id": "lang:005344", "is_canonical": null}, {"name": "Nad'A", "bcp_47_code": "id", "locale_id": "lang:005344", "is_canonical": null}, {"name": "Nga'Da", "bcp_47_code": "id", "locale_id": "lang:005344", "is_canonical": null}, {"name": "Rokka", "bcp_47_code": "id", "locale_id": "lang:005344", "is_canonical": null}, {"name": "Badjava", "bcp_47_code": "en", "locale_id": "lang:004172", "is_canonical": null}, {"name": "Bajawa", "bcp_47_code": "en", "locale_id": "lang:004172", "is_canonical": null}, {"name": "Nga'Da", "bcp_47_code": "en", "locale_id": "lang:004172", "is_canonical": null}, {"name": "Nad'A", "bcp_47_code": "en", "locale_id": "lang:004172", "is_canonical": null}, {"name": "Rokka", "bcp_47_code": "en", "locale_id": "lang:004172", "is_canonical": null}, {"name": "Ngad'a", "bcp_47_code": "en", "locale_id": "lang:004172", "is_canonical": true}]