[{"name": "Penchal", "bcp_47_code": "en", "locale_id": "lang:004172", "is_canonical": true}, {"name": "penchal", "bcp_47_code": "fr", "locale_id": "lang:002512", "is_canonical": true}, {"name": "пенчалски јазик", "bcp_47_code": "mk", "locale_id": "lang:001683", "is_canonical": true}, {"name": "Lenga Penchal", "bcp_47_code": "pms", "locale_id": "lang:003480", "is_canonical": true}, {"name": "Kipenchal", "bcp_47_code": "sw", "locale_id": "lang:001597", "is_canonical": true}, {"name": "Penchal", "bcp_47_code": "ilo", "locale_id": "lang:007408", "is_canonical": true}]