[{"name": "Taman", "bcp_47_code": "en", "locale_id": "lang:004172", "is_canonical": true}, {"name": "tamaneg", "bcp_47_code": "br", "locale_id": "lang:003643", "is_canonical": true}, {"name": "Lenga Taman", "bcp_47_code": "pms", "locale_id": "lang:003480", "is_canonical": true}, {"name": "taman", "bcp_47_code": "fr", "locale_id": "lang:002512", "is_canonical": true}, {"name": "Lingua taman", "bcp_47_code": "gl", "locale_id": "lang:006921", "is_canonical": true}, {"name": "Taman (Myanmar)", "bcp_47_code": "en", "locale_id": "lang:004172", "is_canonical": true}]