[{"name": "Makuri Naga", "bcp_47_code": "en", "locale_id": "lang:004172", "is_canonical": true}, {"name": "Makuri", "bcp_47_code": "en", "locale_id": "lang:004172", "is_canonical": null}, {"name": "makuri naga", "bcp_47_code": "fr", "locale_id": "lang:002512", "is_canonical": true}, {"name": "Kinaga ya Makuri", "bcp_47_code": "sw", "locale_id": "lang:001597", "is_canonical": true}, {"name": "Wikang Makury", "bcp_47_code": "tl", "locale_id": "lang:002540", "is_canonical": true}, {"name": "မကူရီဘာသာစကား", "bcp_47_code": "my", "locale_id": "lang:004196", "is_canonical": true}]