[{"name": "Vaghua", "bcp_47_code": "en", "locale_id": "lang:004172", "is_canonical": true}, {"name": "vaghua", "bcp_47_code": "fr", "locale_id": "lang:002512", "is_canonical": true}, {"name": "Lenga Vaghua", "bcp_47_code": "pms", "locale_id": "lang:003480", "is_canonical": true}, {"name": "Kivaghua", "bcp_47_code": "sw", "locale_id": "lang:001597", "is_canonical": true}, {"name": "Vaghua", "bcp_47_code": "ilo", "locale_id": "lang:007408", "is_canonical": true}, {"name": "Vaghua", "bcp_47_code": "nl", "locale_id": "lang:006448", "is_canonical": true}]