[{"name": "Citak", "bcp_47_code": "en", "locale_id": "lang:004172", "is_canonical": true}, {"name": "bahasa Citak", "bcp_47_code": "id", "locale_id": "lang:005344", "is_canonical": true}, {"name": "citak jezik", "bcp_47_code": "hr", "locale_id": "lang:001280", "is_canonical": true}, {"name": "Lenga Citak", "bcp_47_code": "pms", "locale_id": "lang:003480", "is_canonical": true}, {"name": "Kicitak", "bcp_47_code": "sw", "locale_id": "lang:001597", "is_canonical": true}, {"name": "język asmat citak", "bcp_47_code": "pl", "locale_id": "lang:001433", "is_canonical": true}, {"name": "Citak", "bcp_47_code": "ilo", "locale_id": "lang:007408", "is_canonical": true}]