[{"name": "Awutu", "bcp_47_code": "en", "locale_id": "lang:004172", "is_canonical": true}, {"name": "Kiawutu", "bcp_47_code": "sw", "locale_id": "lang:001597", "is_canonical": true}, {"name": "Lenga Awutu", "bcp_47_code": "pms", "locale_id": "lang:003480", "is_canonical": true}, {"name": "Awutu", "bcp_47_code": "de", "locale_id": "lang:006636", "is_canonical": true}, {"name": "Efutu", "bcp_47_code": "en", "locale_id": "lang:004172", "is_canonical": null}, {"name": "awutu jezik", "bcp_47_code": "hr", "locale_id": "lang:001280", "is_canonical": true}, {"name": "awutu", "bcp_47_code": "fi", "locale_id": "lang:005250", "is_canonical": true}, {"name": "awutu", "bcp_47_code": "ca", "locale_id": "lang:000334", "is_canonical": true}, {"name": "awutu", "bcp_47_code": "oc", "locale_id": "lang:003832", "is_canonical": true}, {"name": "awutu", "bcp_47_code": "sv", "locale_id": "lang:004782", "is_canonical": true}, {"name": "Wikang Efutu", "bcp_47_code": "tl", "locale_id": "lang:002540", "is_canonical": true}, {"name": "avutu keel", "bcp_47_code": "et", "locale_id": "lang:007279", "is_canonical": true}, {"name": "efutu", "bcp_47_code": "fr", "locale_id": "lang:002512", "is_canonical": true}, {"name": "Kiefutu", "bcp_47_code": "sw", "locale_id": "lang:001597", "is_canonical": null}, {"name": "Efutu", "bcp_47_code": "afu", "locale_id": "lang:000471", "is_canonical": true}]