[{"name": "Parenga", "bcp_47_code": "en", "locale_id": "lang:004172", "is_canonical": true}, {"name": "Gorum-Parenga", "bcp_47_code": "en", "locale_id": "lang:004172", "is_canonical": true}, {"name": "gorum", "bcp_47_code": "fr", "locale_id": "lang:002512", "is_canonical": true}, {"name": "Gorum", "bcp_47_code": "en", "locale_id": "lang:004172", "is_canonical": null}, {"name": "Lenga parenga", "bcp_47_code": "pms", "locale_id": "lang:003480", "is_canonical": true}, {"name": "Kiparenga", "bcp_47_code": "sw", "locale_id": "lang:001597", "is_canonical": true}, {"name": "パレンガ語", "bcp_47_code": "ja", "locale_id": "lang:005185", "is_canonical": true}, {"name": "Gorumki", "bcp_47_code": "diq", "locale_id": "lang:003839", "is_canonical": true}, {"name": "Gorum", "bcp_47_code": "ilo", "locale_id": "lang:007408", "is_canonical": true}, {"name": "गोरुम भाषा", "bcp_47_code": "hi", "locale_id": "lang:005010", "is_canonical": true}, {"name": "ᱜᱳᱨᱩᱢ ᱯᱟᱹᱨᱥᱤ", "bcp_47_code": "sat", "locale_id": "lang:006025", "is_canonical": true}, {"name": "戈鲁姆语", "bcp_47_code": "cmn", "locale_id": "lang:004378", "is_canonical": true}]