[{"name": "Ngizim", "bcp_47_code": "en", "locale_id": "lang:004172", "is_canonical": true}, {"name": "Kingizim", "bcp_47_code": "sw", "locale_id": "lang:001597", "is_canonical": true}, {"name": "Lenga Ngizim", "bcp_47_code": "pms", "locale_id": "lang:003480", "is_canonical": true}, {"name": "ngizimeg", "bcp_47_code": "br", "locale_id": "lang:003643", "is_canonical": true}, {"name": "ngizim", "bcp_47_code": "fr", "locale_id": "lang:002512", "is_canonical": true}, {"name": "ngizim jezik", "bcp_47_code": "hr", "locale_id": "lang:001280", "is_canonical": true}, {"name": "нгизим", "bcp_47_code": "ru", "locale_id": "lang:006745", "is_canonical": true}, {"name": "Wikang Ngizim", "bcp_47_code": "tl", "locale_id": "lang:002540", "is_canonical": true}, {"name": "língua ngizim", "bcp_47_code": "pt", "locale_id": "lang:001977", "is_canonical": true}, {"name": "Ngizimanci", "bcp_47_code": "ha", "locale_id": "lang:006769", "is_canonical": true}, {"name": "ンギジム語", "bcp_47_code": "ja", "locale_id": "lang:005185", "is_canonical": true}, {"name": "Ngizim", "bcp_47_code": "ig", "locale_id": "lang:002832", "is_canonical": true}]