[{"name": "Kotafon Gbe", "bcp_47_code": "en", "locale_id": "lang:004172", "is_canonical": true}, {"name": "Kotafon Lenga Gbe", "bcp_47_code": "pms", "locale_id": "lang:003480", "is_canonical": true}, {"name": "Kigbe-Kotafon", "bcp_47_code": "sw", "locale_id": "lang:001597", "is_canonical": true}, {"name": "kotafonua lingvo", "bcp_47_code": "eo", "locale_id": "lang:001065", "is_canonical": true}, {"name": "kotafon", "bcp_47_code": "fr", "locale_id": "lang:002512", "is_canonical": true}, {"name": "kotafon", "bcp_47_code": "ca", "locale_id": "lang:000334", "is_canonical": true}, {"name": "kotafona lingvo", "bcp_47_code": "eo", "locale_id": "lang:001065", "is_canonical": null}, {"name": "gbe kotafon", "bcp_47_code": "fr", "locale_id": "lang:002512", "is_canonical": null}, {"name": "Ayizɔ", "bcp_47_code": "kqk", "locale_id": "lang:000083", "is_canonical": true}]