[{"name": "Vera'A", "bcp_47_code": "en", "locale_id": "lang:004172", "is_canonical": true}, {"name": "vera'a", "bcp_47_code": "fr", "locale_id": "lang:002512", "is_canonical": true}, {"name": "língua vera'a", "bcp_47_code": "pt", "locale_id": "lang:001977", "is_canonical": true}, {"name": "Kivera'a", "bcp_47_code": "sw", "locale_id": "lang:001597", "is_canonical": true}, {"name": "Vera'a mál", "bcp_47_code": "fo", "locale_id": "lang:005789", "is_canonical": true}, {"name": "Vera'a", "bcp_47_code": "ilo", "locale_id": "lang:007408", "is_canonical": true}, {"name": "Vera'aki", "bcp_47_code": "diq", "locale_id": "lang:003839", "is_canonical": true}, {"name": "Vatrata", "bcp_47_code": "en", "locale_id": "lang:004172", "is_canonical": null}, {"name": "Vera'a", "bcp_47_code": "en", "locale_id": "lang:004172", "is_canonical": true}]