[{"name": "Ndali", "bcp_47_code": "en", "locale_id": "lang:004172", "is_canonical": true}, {"name": "Kindali", "bcp_47_code": "sw", "locale_id": "lang:001597", "is_canonical": true}, {"name": "Lenga Ndali", "bcp_47_code": "pms", "locale_id": "lang:003480", "is_canonical": true}, {"name": "ndali", "bcp_47_code": "fr", "locale_id": "lang:002512", "is_canonical": true}, {"name": "ndali", "bcp_47_code": "oc", "locale_id": "lang:003832", "is_canonical": true}, {"name": "Ndali", "bcp_47_code": "ig", "locale_id": "lang:002832", "is_canonical": true}, {"name": "Cindali", "bcp_47_code": "en", "locale_id": "lang:004172", "is_canonical": null}, {"name": "cindali", "bcp_47_code": "fr", "locale_id": "lang:002512", "is_canonical": null}, {"name": "chindali", "bcp_47_code": "fr", "locale_id": "lang:002512", "is_canonical": null}, {"name": "Chindali", "bcp_47_code": "ndh", "locale_id": "lang:000005", "is_canonical": true}]