[{"name": "Ezaa", "bcp_47_code": "en", "locale_id": "lang:004172", "is_canonical": true}, {"name": "ezaa", "bcp_47_code": "ca", "locale_id": "lang:000334", "is_canonical": true}, {"name": "ezaa", "bcp_47_code": "fr", "locale_id": "lang:002512", "is_canonical": true}, {"name": "ezaa", "bcp_47_code": "oc", "locale_id": "lang:003832", "is_canonical": true}, {"name": "Yaren Ezaa", "bcp_47_code": "ha", "locale_id": "lang:006769", "is_canonical": true}, {"name": "Ezza", "bcp_47_code": "eza", "locale_id": "lang:000143", "is_canonical": true}]