[{"name": "Ngunawal", "bcp_47_code": "en", "locale_id": "lang:004172", "is_canonical": true}, {"name": "Nunukul", "bcp_47_code": "en", "locale_id": "lang:004172", "is_canonical": null}, {"name": "Ngunnawal", "bcp_47_code": "en", "locale_id": "lang:004172", "is_canonical": null}, {"name": "Kingunawal", "bcp_47_code": "sw", "locale_id": "lang:001597", "is_canonical": true}, {"name": "ngunawal", "bcp_47_code": "fr", "locale_id": "lang:002512", "is_canonical": true}, {"name": "burragorang", "bcp_47_code": "cs", "locale_id": "lang:007371", "is_canonical": true}, {"name": "idioma ngunnawal", "bcp_47_code": "es", "locale_id": "lang:005944", "is_canonical": true}]