[{"name": "Bugawac", "bcp_47_code": "en", "locale_id": "lang:004172", "is_canonical": true}, {"name": "Bukawa", "bcp_47_code": "en", "locale_id": "lang:004172", "is_canonical": null}, {"name": "Bukawa", "bcp_47_code": "de", "locale_id": "lang:006636", "is_canonical": true}, {"name": "Lenga Bugawac", "bcp_47_code": "pms", "locale_id": "lang:003480", "is_canonical": true}, {"name": "bukawa", "bcp_47_code": "fr", "locale_id": "lang:002512", "is_canonical": true}, {"name": "bugawac jezik", "bcp_47_code": "hr", "locale_id": "lang:001280", "is_canonical": true}, {"name": "Kibugawac", "bcp_47_code": "sw", "locale_id": "lang:001597", "is_canonical": true}, {"name": "Bukawa", "bcp_47_code": "ilo", "locale_id": "lang:007408", "is_canonical": true}, {"name": "língua bukawa", "bcp_47_code": "pt", "locale_id": "lang:001977", "is_canonical": true}, {"name": "Busamma", "bcp_47_code": "ig", "locale_id": "lang:002832", "is_canonical": true}]