[{"name": "Sarsi", "bcp_47_code": "en", "locale_id": "lang:004172", "is_canonical": true}, {"name": "Sarcee", "bcp_47_code": "en", "locale_id": "lang:004172", "is_canonical": null}, {"name": "Sarcee", "bcp_47_code": "de", "locale_id": "lang:006636", "is_canonical": true}, {"name": "Lenga sarsi", "bcp_47_code": "pms", "locale_id": "lang:003480", "is_canonical": true}, {"name": "sarsi", "bcp_47_code": "fr", "locale_id": "lang:002512", "is_canonical": true}, {"name": "TsuutʼIna", "bcp_47_code": "en", "locale_id": "lang:004172", "is_canonical": null}, {"name": "Tsutinaca", "bcp_47_code": "tr", "locale_id": "lang:000917", "is_canonical": true}, {"name": "Tsuutina spriak", "bcp_47_code": "frr", "locale_id": "lang:007274", "is_canonical": true}, {"name": "sarcee", "bcp_47_code": "es", "locale_id": "lang:005944", "is_canonical": true}, {"name": "lingua sarsi", "bcp_47_code": "it", "locale_id": "lang:005147", "is_canonical": true}, {"name": "сарси", "bcp_47_code": "ru", "locale_id": "lang:006745", "is_canonical": true}, {"name": "língua sarcee", "bcp_47_code": "pt", "locale_id": "lang:001977", "is_canonical": true}, {"name": "sarsi keel", "bcp_47_code": "et", "locale_id": "lang:007279", "is_canonical": true}, {"name": "Sarsy", "bcp_47_code": "fy", "locale_id": "lang:000608", "is_canonical": true}, {"name": "Sarcee", "bcp_47_code": "nl", "locale_id": "lang:006448", "is_canonical": true}, {"name": "Wikang Sarcee", "bcp_47_code": "tl", "locale_id": "lang:002540", "is_canonical": true}, {"name": "tsuutʼina", "bcp_47_code": "nb", "locale_id": "lang:000958", "is_canonical": true}, {"name": "sarsi", "bcp_47_code": "vec", "locale_id": "lang:004329", "is_canonical": true}, {"name": "Tsuu T'Ina", "bcp_47_code": "en", "locale_id": "lang:004172", "is_canonical": null}, {"name": "Tsuut’Ina", "bcp_47_code": "en", "locale_id": "lang:004172", "is_canonical": null}, {"name": "Tsuut'Ina", "bcp_47_code": "en", "locale_id": "lang:004172", "is_canonical": null}, {"name": "Blitze", "bcp_47_code": "en", "locale_id": "lang:004172", "is_canonical": null}, {"name": "Sarsice", "bcp_47_code": "tr", "locale_id": "lang:000917", "is_canonical": null}, {"name": "Sarcee spriak", "bcp_47_code": "frr", "locale_id": "lang:007274", "is_canonical": null}, {"name": "Sarsi spriak", "bcp_47_code": "frr", "locale_id": "lang:007274", "is_canonical": null}, {"name": "sarcee", "bcp_47_code": "fr", "locale_id": "lang:002512", "is_canonical": null}]