[{"name": "Pangwali", "bcp_47_code": "en", "locale_id": "lang:004172", "is_canonical": true}, {"name": "Lenga pangwali", "bcp_47_code": "pms", "locale_id": "lang:003480", "is_canonical": true}, {"name": "Kipangwali", "bcp_47_code": "sw", "locale_id": "lang:001597", "is_canonical": true}, {"name": "pangwali", "bcp_47_code": "fr", "locale_id": "lang:002512", "is_canonical": true}, {"name": "পাংওয়ালি ভাষা", "bcp_47_code": "bn", "locale_id": "lang:000178", "is_canonical": true}, {"name": "パングワーリー語", "bcp_47_code": "ja", "locale_id": "lang:005185", "is_canonical": true}, {"name": "पंगवाड़ी", "bcp_47_code": "hi", "locale_id": "lang:005010", "is_canonical": true}, {"name": "língua pangwali", "bcp_47_code": "pt", "locale_id": "lang:001977", "is_canonical": true}, {"name": "پنگواڑی", "bcp_47_code": "pnb", "locale_id": "lang:003334", "is_canonical": true}, {"name": "ਪੰਗਵਾੜੀ", "bcp_47_code": "pa", "locale_id": "lang:003658", "is_canonical": true}, {"name": "পংগৱাড়ী", "bcp_47_code": "as", "locale_id": "lang:003208", "is_canonical": true}, {"name": "पंगवाड़ी भाषा", "bcp_47_code": "hi", "locale_id": "lang:005010", "is_canonical": null}]