[{"name": "Iatmul", "bcp_47_code": "en", "locale_id": "lang:004172", "is_canonical": true}, {"name": "iatmul jezik", "bcp_47_code": "hr", "locale_id": "lang:001280", "is_canonical": true}, {"name": "Iatmül", "bcp_47_code": "en", "locale_id": "lang:004172", "is_canonical": null}, {"name": "iatmouleg", "bcp_47_code": "br", "locale_id": "lang:003643", "is_canonical": true}, {"name": "Lenga Iatmul", "bcp_47_code": "pms", "locale_id": "lang:003480", "is_canonical": true}, {"name": "Kiiatmul", "bcp_47_code": "sw", "locale_id": "lang:001597", "is_canonical": true}, {"name": "iatmul", "bcp_47_code": "fr", "locale_id": "lang:002512", "is_canonical": true}, {"name": "iatmulin kieli", "bcp_47_code": "fi", "locale_id": "lang:005250", "is_canonical": true}, {"name": "język iatmul", "bcp_47_code": "pl", "locale_id": "lang:001433", "is_canonical": true}, {"name": "Iatmül語", "bcp_47_code": "ja", "locale_id": "lang:005185", "is_canonical": true}, {"name": "Iatmül", "bcp_47_code": "ilo", "locale_id": "lang:007408", "is_canonical": true}, {"name": "iatmüli keel", "bcp_47_code": "et", "locale_id": "lang:007279", "is_canonical": true}, {"name": "Iatmul", "bcp_47_code": "de", "locale_id": "lang:006636", "is_canonical": true}]