[{"name": "Chechen", "bcp_47_code": "en", "locale_id": "lang:004172", "is_canonical": true}, {"name": "ачечен", "bcp_47_code": "ab", "locale_id": "lang:006291", "is_canonical": true}, {"name": "Tsjetsjeens", "bcp_47_code": "af", "locale_id": "lang:006849", "is_canonical": true}, {"name": "ችችን", "bcp_47_code": "am", "locale_id": "lang:000379", "is_canonical": true}, {"name": "الشيشانية", "bcp_47_code": "ar", "locale_id": "lang:000884", "is_canonical": true}, {"name": "চেচেন", "bcp_47_code": "as", "locale_id": "lang:003208", "is_canonical": true}, {"name": "chechenu", "bcp_47_code": "ast", "locale_id": "lang:006965", "is_canonical": true}, {"name": "çeçen", "bcp_47_code": "az", "locale_id": "lang:000492", "is_canonical": true}, {"name": "чачэнская", "bcp_47_code": "be", "locale_id": "lang:004942", "is_canonical": true}, {"name": "чеченски", "bcp_47_code": "bg", "locale_id": "lang:003294", "is_canonical": true}, {"name": "چیچینی", "bcp_47_code": "bgn", "locale_id": "lang:004443", "is_canonical": true}, {"name": "চেচেন", "bcp_47_code": "bn", "locale_id": "lang:000178", "is_canonical": true}, {"name": "tchetcheneg", "bcp_47_code": "br", "locale_id": "lang:003643", "is_canonical": true}, {"name": "चेचेन", "bcp_47_code": "brx", "locale_id": "lang:003716", "is_canonical": true}, {"name": "čečenski", "bcp_47_code": "bs", "locale_id": "lang:005177", "is_canonical": true}, {"name": "txetxè", "bcp_47_code": "ca", "locale_id": "lang:000334", "is_canonical": true}, {"name": "𑄌𑄬𑄌𑄬𑄚𑄴", "bcp_47_code": "ccp", "locale_id": "lang:004815", "is_canonical": true}, {"name": "нохчийн", "bcp_47_code": "ce", "locale_id": "lang:000120", "is_canonical": null}, {"name": "ᏤᏤᏂ", "bcp_47_code": "chr", "locale_id": "lang:004490", "is_canonical": true}, {"name": "چیچانی", "bcp_47_code": "ckb", "locale_id": "lang:002255", "is_canonical": true}, {"name": "čečenština", "bcp_47_code": "cs", "locale_id": "lang:007371", "is_canonical": true}, {"name": "Tsietsieneg", "bcp_47_code": "cy", "locale_id": "lang:005257", "is_canonical": true}, {"name": "tjetjensk", "bcp_47_code": "da", "locale_id": "lang:006478", "is_canonical": true}, {"name": "Tschetschenisch", "bcp_47_code": "de", "locale_id": "lang:006636", "is_canonical": true}, {"name": "čečenšćina", "bcp_47_code": "dsb", "locale_id": "lang:007093", "is_canonical": true}, {"name": "Τσετσενικά", "bcp_47_code": "el", "locale_id": "lang:002331", "is_canonical": true}, {"name": "ĉeĉena", "bcp_47_code": "eo", "locale_id": "lang:001065", "is_canonical": true}, {"name": "checheno", "bcp_47_code": "es", "locale_id": "lang:005944", "is_canonical": true}, {"name": "tšetšeeni", "bcp_47_code": "et", "locale_id": "lang:007279", "is_canonical": true}, {"name": "txetxenera", "bcp_47_code": "eu", "locale_id": "lang:004920", "is_canonical": true}, {"name": "چچنی", "bcp_47_code": "fa", "locale_id": "lang:005211", "is_canonical": true}, {"name": "tšetšeeni", "bcp_47_code": "fi", "locale_id": "lang:005250", "is_canonical": true}, {"name": "Chechen", "bcp_47_code": "fil", "locale_id": "lang:004854", "is_canonical": true}, {"name": "tjetjenskt", "bcp_47_code": "fo", "locale_id": "lang:005789", "is_canonical": true}, {"name": "tchétchène", "bcp_47_code": "fr", "locale_id": "lang:002512", "is_canonical": true}, {"name": "cecen", "bcp_47_code": "fur", "locale_id": "lang:004668", "is_canonical": true}, {"name": "Tsjetsjeensk", "bcp_47_code": "fy", "locale_id": "lang:000608", "is_canonical": true}, {"name": "Seisnis", "bcp_47_code": "ga", "locale_id": "lang:005513", "is_canonical": true}, {"name": "Deideanais", "bcp_47_code": "gd", "locale_id": "lang:005113", "is_canonical": true}, {"name": "checheno", "bcp_47_code": "gl", "locale_id": "lang:006921", "is_canonical": true}, {"name": "Tschetscheenisch", "bcp_47_code": "gsw", "locale_id": "lang:006414", "is_canonical": true}, {"name": "ચેચન", "bcp_47_code": "gu", "locale_id": "lang:006797", "is_canonical": true}, {"name": "Chechen", "bcp_47_code": "ha", "locale_id": "lang:006769", "is_canonical": true}, {"name": "צ׳צ׳נית", "bcp_47_code": "he", "locale_id": "lang:000780", "is_canonical": true}, {"name": "चेचन", "bcp_47_code": "hi", "locale_id": "lang:005010", "is_canonical": true}, {"name": "čečenski", "bcp_47_code": "hr", "locale_id": "lang:001280", "is_canonical": true}, {"name": "čečenšćina", "bcp_47_code": "hsb", "locale_id": "lang:002868", "is_canonical": true}, {"name": "csecsen", "bcp_47_code": "hu", "locale_id": "lang:004445", "is_canonical": true}, {"name": "չեչեներեն", "bcp_47_code": "hy", "locale_id": "lang:006918", "is_canonical": true}, {"name": "checheno", "bcp_47_code": "ia", "locale_id": "lang:008680", "is_canonical": true}, {"name": "Chechen", "bcp_47_code": "id", "locale_id": "lang:005344", "is_canonical": true}, {"name": "Chechen", "bcp_47_code": "ig", "locale_id": "lang:002832", "is_canonical": true}, {"name": "tsjetsjenska", "bcp_47_code": "is", "locale_id": "lang:006417", "is_canonical": true}, {"name": "ceceno", "bcp_47_code": "it", "locale_id": "lang:005147", "is_canonical": true}, {"name": "チェチェン語", "bcp_47_code": "ja", "locale_id": "lang:005185", "is_canonical": true}, {"name": "Chechen", "bcp_47_code": "jv", "locale_id": "lang:006418", "is_canonical": true}, {"name": "ჩეჩნური", "bcp_47_code": "ka", "locale_id": "lang:005687", "is_canonical": true}, {"name": "Tačičinit", "bcp_47_code": "kab", "locale_id": "lang:002124", "is_canonical": true}, {"name": "txetxenu", "bcp_47_code": "kea", "locale_id": "lang:000423", "is_canonical": true}, {"name": "sesẽnũ", "bcp_47_code": "kgp", "locale_id": "lang:005254", "is_canonical": true}, {"name": "шешен тілі", "bcp_47_code": "kk", "locale_id": "lang:001017", "is_canonical": true}, {"name": "ឈីឆេន", "bcp_47_code": "km", "locale_id": "lang:000690", "is_canonical": true}, {"name": "ಚಚೆನ್", "bcp_47_code": "kn", "locale_id": "lang:006289", "is_canonical": true}, {"name": "체첸어", "bcp_47_code": "ko", "locale_id": "lang:000685", "is_canonical": true}, {"name": "चिचेन", "bcp_47_code": "kok", "locale_id": "lang:001978", "is_canonical": true}, {"name": "چیچَن", "bcp_47_code": "ks", "locale_id": "lang:004361", "is_canonical": true}, {"name": "Tschätschehnesch", "bcp_47_code": "ksh", "locale_id": "lang:000776", "is_canonical": true}, {"name": "çeçenî", "bcp_47_code": "ku", "locale_id": "lang:003565", "is_canonical": true}, {"name": "чеченче", "bcp_47_code": "ky", "locale_id": "lang:003193", "is_canonical": true}, {"name": "Tschetschenesch", "bcp_47_code": "lb", "locale_id": "lang:003324", "is_canonical": true}, {"name": "cecen", "bcp_47_code": "lij", "locale_id": "lang:004453", "is_canonical": true}, {"name": "Chechen Iyápi", "bcp_47_code": "lkt", "locale_id": "lang:002236", "is_canonical": true}, {"name": "ຊີເຄນ", "bcp_47_code": "lo", "locale_id": "lang:002848", "is_canonical": true}, {"name": "چئچئنی", "bcp_47_code": "lrc", "locale_id": "lang:001958", "is_canonical": true}, {"name": "čečėnų", "bcp_47_code": "lt", "locale_id": "lang:000996", "is_canonical": true}, {"name": "čečenu", "bcp_47_code": "lv", "locale_id": "lang:006606", "is_canonical": true}, {"name": "चेचेन", "bcp_47_code": "mai", "locale_id": "lang:005797", "is_canonical": true}, {"name": "Tietiene", "bcp_47_code": "mi", "locale_id": "lang:005897", "is_canonical": true}, {"name": "чеченски", "bcp_47_code": "mk", "locale_id": "lang:001683", "is_canonical": true}, {"name": "ചെചൻ", "bcp_47_code": "ml", "locale_id": "lang:001880", "is_canonical": true}, {"name": "чечень", "bcp_47_code": "mn", "locale_id": "lang:005506", "is_canonical": true}, {"name": "चेचेन", "bcp_47_code": "mr", "locale_id": "lang:003376", "is_canonical": true}, {"name": "Chechen", "bcp_47_code": "ms", "locale_id": "lang:001263", "is_canonical": true}, {"name": "Chechen", "bcp_47_code": "mt", "locale_id": "lang:004371", "is_canonical": true}, {"name": "ချက်ချန်း", "bcp_47_code": "my", "locale_id": "lang:004196", "is_canonical": true}, {"name": "چچنی", "bcp_47_code": "mzn", "locale_id": "lang:005912", "is_canonical": true}, {"name": "Tschetscheensch", "bcp_47_code": "nds", "locale_id": "lang:001710", "is_canonical": true}, {"name": "चेचेन", "bcp_47_code": "ne", "locale_id": "lang:004630", "is_canonical": true}, {"name": "Tsjetsjeens", "bcp_47_code": "nl", "locale_id": "lang:006448", "is_canonical": true}, {"name": "tsjetsjensk", "bcp_47_code": "no", "locale_id": "lang:002536", "is_canonical": true}, {"name": "ߗߋߗߋߣߌߞߊ߲", "bcp_47_code": "nqo", "locale_id": "lang:006401", "is_canonical": true}, {"name": "chechen", "bcp_47_code": "oc", "locale_id": "lang:003832", "is_canonical": true}, {"name": "ଚେଚନ୍", "bcp_47_code": "or", "locale_id": "lang:001930", "is_canonical": true}, {"name": "цӕцӕйнаг", "bcp_47_code": "os", "locale_id": "lang:000303", "is_canonical": true}, {"name": "ਚੇਚਨ", "bcp_47_code": "pa", "locale_id": "lang:003658", "is_canonical": true}, {"name": "Chẹ́chẹn Lángwej", "bcp_47_code": "pcm", "locale_id": "lang:002108", "is_canonical": true}, {"name": "czeczeński", "bcp_47_code": "pl", "locale_id": "lang:001433", "is_canonical": true}, {"name": "چيچني", "bcp_47_code": "ps", "locale_id": "lang:006281", "is_canonical": true}, {"name": "checheno", "bcp_47_code": "pt", "locale_id": "lang:001977", "is_canonical": true}, {"name": "Checheno Simi", "bcp_47_code": "qu", "locale_id": "lang:000991", "is_canonical": true}, {"name": "tschetschen", "bcp_47_code": "rm", "locale_id": "lang:004318", "is_canonical": true}, {"name": "cecenă", "bcp_47_code": "ro", "locale_id": "lang:006592", "is_canonical": true}, {"name": "чеченский", "bcp_47_code": "ru", "locale_id": "lang:006745", "is_canonical": true}, {"name": "Чэчиэннии", "bcp_47_code": "sah", "locale_id": "lang:000767", "is_canonical": true}, {"name": "ᱪᱷᱮᱪᱷᱮᱱ", "bcp_47_code": "sat", "locale_id": "lang:006025", "is_canonical": true}, {"name": "cecenu", "bcp_47_code": "sc", "locale_id": "lang:000376", "is_canonical": true}, {"name": "چیچن", "bcp_47_code": "sd", "locale_id": "lang:002987", "is_canonical": true}, {"name": "චෙච්නියානු", "bcp_47_code": "si", "locale_id": "lang:000326", "is_canonical": true}, {"name": "čečenčina", "bcp_47_code": "sk", "locale_id": "lang:005464", "is_canonical": true}, {"name": "čečenščina", "bcp_47_code": "sl", "locale_id": "lang:004352", "is_canonical": true}, {"name": "tšetšenkielâ", "bcp_47_code": "smn", "locale_id": "lang:000203", "is_canonical": true}, {"name": "Jejen", "bcp_47_code": "so", "locale_id": "lang:000435", "is_canonical": true}, {"name": "çeçenisht", "bcp_47_code": "sq", "locale_id": "lang:006275", "is_canonical": true}, {"name": "чеченски", "bcp_47_code": "sr", "locale_id": "lang:002701", "is_canonical": true}, {"name": "tjetjenska", "bcp_47_code": "sv", "locale_id": "lang:004782", "is_canonical": true}, {"name": "Kichechenia", "bcp_47_code": "sw", "locale_id": "lang:001597", "is_canonical": true}, {"name": "czeczyński", "bcp_47_code": "szl", "locale_id": "lang:002207", "is_canonical": true}, {"name": "செச்சென்", "bcp_47_code": "ta", "locale_id": "lang:002996", "is_canonical": true}, {"name": "చెచెన్", "bcp_47_code": "te", "locale_id": "lang:000508", "is_canonical": true}, {"name": "เชเชน", "bcp_47_code": "th", "locale_id": "lang:000248", "is_canonical": true}, {"name": "ቸቸንይና", "bcp_47_code": "ti", "locale_id": "lang:002196", "is_canonical": true}, {"name": "çeçen dili", "bcp_47_code": "tk", "locale_id": "lang:002001", "is_canonical": true}, {"name": "lea fakasese", "bcp_47_code": "to", "locale_id": "lang:006037", "is_canonical": true}, {"name": "Çeçence", "bcp_47_code": "tr", "locale_id": "lang:000917", "is_canonical": true}, {"name": "چېچىنچە", "bcp_47_code": "ug", "locale_id": "lang:003330", "is_canonical": true}, {"name": "чеченська", "bcp_47_code": "uk", "locale_id": "lang:001994", "is_canonical": true}, {"name": "چیچن", "bcp_47_code": "ur", "locale_id": "lang:001103", "is_canonical": true}, {"name": "chechen", "bcp_47_code": "uz", "locale_id": "lang:003386", "is_canonical": true}, {"name": "tiếng Chechen", "bcp_47_code": "vi", "locale_id": "lang:004523", "is_canonical": true}, {"name": "Èdè Chechen", "bcp_47_code": "yo", "locale_id": "lang:003132", "is_canonical": true}, {"name": "xexenu", "bcp_47_code": "yrl", "locale_id": "lang:006863", "is_canonical": true}, {"name": "車臣文", "bcp_47_code": "yue", "locale_id": "lang:005108", "is_canonical": true}, {"name": "车臣语", "bcp_47_code": "cmn", "locale_id": "lang:004378", "is_canonical": true}, {"name": "isi-Chechen", "bcp_47_code": "zu", "locale_id": "lang:007247", "is_canonical": true}, {"name": "ቸቼንኛ", "bcp_47_code": "am", "locale_id": "lang:000379", "is_canonical": null}, {"name": "চেছেন", "bcp_47_code": "as", "locale_id": "lang:003208", "is_canonical": null}, {"name": "Çeçen dili", "bcp_47_code": "az", "locale_id": "lang:000492", "is_canonical": null}, {"name": "txetxens", "bcp_47_code": "ca", "locale_id": "lang:000334", "is_canonical": null}, {"name": "tjetjenere", "bcp_47_code": "da", "locale_id": "lang:006478", "is_canonical": null}, {"name": "Tschetschenen", "bcp_47_code": "de", "locale_id": "lang:006636", "is_canonical": null}, {"name": "txetxeniarra", "bcp_47_code": "eu", "locale_id": "lang:004920", "is_canonical": null}, {"name": "tšetšeenit", "bcp_47_code": "fi", "locale_id": "lang:005250", "is_canonical": null}, {"name": "tchétchènes", "bcp_47_code": "fr", "locale_id": "lang:002512", "is_canonical": null}, {"name": "Pobo checheno", "bcp_47_code": "gl", "locale_id": "lang:006921", "is_canonical": null}, {"name": "Tschetschenen", "bcp_47_code": "gsw", "locale_id": "lang:006414", "is_canonical": null}, {"name": "צ'צ'נים", "bcp_47_code": "he", "locale_id": "lang:000780", "is_canonical": true}, {"name": "Suku Chechen", "bcp_47_code": "id", "locale_id": "lang:005344", "is_canonical": null}, {"name": "Suku Chechen", "bcp_47_code": "in", "locale_id": "lang:005344", "is_canonical": true}, {"name": "Шешен", "bcp_47_code": "kk", "locale_id": "lang:001017", "is_canonical": null}, {"name": "ឈីកឈេន", "bcp_47_code": "km", "locale_id": "lang:000690", "is_canonical": null}, {"name": "ಚೆಚನ್", "bcp_47_code": "kn", "locale_id": "lang:006289", "is_canonical": null}, {"name": "체첸인", "bcp_47_code": "ko", "locale_id": "lang:000685", "is_canonical": null}, {"name": "Чеченче", "bcp_47_code": "ky", "locale_id": "lang:003193", "is_canonical": null}, {"name": "Tchétchènes", "bcp_47_code": "ln", "locale_id": "lang:005075", "is_canonical": true}, {"name": "ເຊັກເຊັນ", "bcp_47_code": "lo", "locale_id": "lang:002848", "is_canonical": null}, {"name": "čečėnų k", "bcp_47_code": "lt", "locale_id": "lang:000996", "is_canonical": null}, {"name": "čečeni", "bcp_47_code": "lv", "locale_id": "lang:006606", "is_canonical": null}, {"name": "чеченска", "bcp_47_code": "mk", "locale_id": "lang:001683", "is_canonical": null}, {"name": "ചെചെൻ", "bcp_47_code": "ml", "locale_id": "lang:001880", "is_canonical": null}, {"name": "Чечень", "bcp_47_code": "mn", "locale_id": "lang:005506", "is_canonical": null}, {"name": "Ceceni", "bcp_47_code": "mo", "locale_id": "lang:006592", "is_canonical": true}, {"name": "tsjetsjensk", "bcp_47_code": "nb", "locale_id": "lang:000958", "is_canonical": true}, {"name": "ଚେଚେନ୍", "bcp_47_code": "or", "locale_id": "lang:001930", "is_canonical": null}, {"name": "chechenos", "bcp_47_code": "pt", "locale_id": "lang:001977", "is_canonical": null}, {"name": "ceceni", "bcp_47_code": "ro", "locale_id": "lang:006592", "is_canonical": null}, {"name": "චෙචෙන්", "bcp_47_code": "si", "locale_id": "lang:000326", "is_canonical": null}, {"name": "Čečenčina", "bcp_47_code": "sk", "locale_id": "lang:005464", "is_canonical": null}, {"name": "Çeçenisht", "bcp_47_code": "sq", "locale_id": "lang:006275", "is_canonical": null}, {"name": "чечени", "bcp_47_code": "sr", "locale_id": "lang:002701", "is_canonical": null}, {"name": "Kichecheni", "bcp_47_code": "sw", "locale_id": "lang:001597", "is_canonical": null}, {"name": "செசென்", "bcp_47_code": "ta", "locale_id": "lang:002996", "is_canonical": null}, {"name": "Chechen", "bcp_47_code": "tl", "locale_id": "lang:002540", "is_canonical": true}, {"name": "چیچن قوم", "bcp_47_code": "ur", "locale_id": "lang:001103", "is_canonical": null}, {"name": "tiếng Chechnya", "bcp_47_code": "vi", "locale_id": "lang:004523", "is_canonical": null}, {"name": "車臣語", "bcp_47_code": "cmn", "locale_id": "lang:004378", "is_canonical": null}, {"name": "język czeczeński", "bcp_47_code": "pl", "locale_id": "lang:001433", "is_canonical": null}, {"name": "செச்சன மொழி", "bcp_47_code": "ta", "locale_id": "lang:002996", "is_canonical": null}, {"name": "Tsjetsjnies", "bcp_47_code": "af", "locale_id": "lang:006849", "is_canonical": null}, {"name": "chechèn", "bcp_47_code": "oc", "locale_id": "lang:003832", "is_canonical": null}, {"name": "Bahasa Chechen", "bcp_47_code": "ms", "locale_id": "lang:001263", "is_canonical": null}, {"name": "нохчийн мотт", "bcp_47_code": "ce", "locale_id": "lang:000120", "is_canonical": null}, {"name": "Сэсэн хэлэн", "bcp_47_code": "bxr", "locale_id": "lang:006271", "is_canonical": true}, {"name": "tšetšeeni keel", "bcp_47_code": "et", "locale_id": "lang:007279", "is_canonical": null}, {"name": "Igiceceni", "bcp_47_code": "rw", "locale_id": "lang:005054", "is_canonical": true}, {"name": "ĉeĉena lingvo", "bcp_47_code": "eo", "locale_id": "lang:001065", "is_canonical": null}, {"name": "téténska", "bcp_47_code": "is", "locale_id": "lang:006417", "is_canonical": null}, {"name": "ჩეჩენური ნინა", "bcp_47_code": "xmf", "locale_id": "lang:002772", "is_canonical": true}, {"name": "чеченский язык", "bcp_47_code": "ru", "locale_id": "lang:006745", "is_canonical": null}, {"name": "чеченски језик", "bcp_47_code": "sr", "locale_id": "lang:002701", "is_canonical": null}, {"name": "чеченски јазик", "bcp_47_code": "mk", "locale_id": "lang:001683", "is_canonical": null}, {"name": "tšetšeenin kieli", "bcp_47_code": "fi", "locale_id": "lang:005250", "is_canonical": null}, {"name": "чеченська мова", "bcp_47_code": "uk", "locale_id": "lang:001994", "is_canonical": null}, {"name": "чачэнская мова", "bcp_47_code": "be", "locale_id": "lang:004942", "is_canonical": null}, {"name": "Чэчиэн тыла", "bcp_47_code": "sah", "locale_id": "lang:000767", "is_canonical": null}, {"name": "tsjetsjensk", "bcp_47_code": "nn", "locale_id": "lang:005019", "is_canonical": true}, {"name": "Нохчи кыв", "bcp_47_code": "kv", "locale_id": "lang:000812", "is_canonical": true}, {"name": "čečenski jezik", "bcp_47_code": "hr", "locale_id": "lang:001280", "is_canonical": null}, {"name": "Lenga Chechen", "bcp_47_code": "pms", "locale_id": "lang:003480", "is_canonical": true}, {"name": "Чечен кыл", "bcp_47_code": "udm", "locale_id": "lang:005491", "is_canonical": true}, {"name": "צ'צ'נית", "bcp_47_code": "he", "locale_id": "lang:000780", "is_canonical": null}, {"name": "Мичихичнал маз", "bcp_47_code": "lbe", "locale_id": "lang:001222", "is_canonical": true}, {"name": "čečenu valoda", "bcp_47_code": "lv", "locale_id": "lang:006606", "is_canonical": null}, {"name": "Lingua chechena", "bcp_47_code": "gl", "locale_id": "lang:006921", "is_canonical": null}, {"name": "bahasa Chechnya", "bcp_47_code": "id", "locale_id": "lang:005344", "is_canonical": null}, {"name": "čečenski jezik", "bcp_47_code": "sh", "locale_id": "lang:003245", "is_canonical": true}, {"name": "Нохчо кыв", "bcp_47_code": "koi", "locale_id": "lang:000082", "is_canonical": true}, {"name": "Чечен чĕлхи", "bcp_47_code": "cv", "locale_id": "lang:003469", "is_canonical": true}, {"name": "limba cecenă", "bcp_47_code": "ro", "locale_id": "lang:006592", "is_canonical": null}, {"name": "ภาษาเชเชน", "bcp_47_code": "th", "locale_id": "lang:000248", "is_canonical": null}, {"name": "Čečenščina", "bcp_47_code": "sl", "locale_id": "lang:004352", "is_canonical": null}, {"name": "Чечен йылме", "bcp_47_code": "mhr", "locale_id": "lang:003056", "is_canonical": true}, {"name": "цæцæйнаг æвзаг", "bcp_47_code": "os", "locale_id": "lang:000303", "is_canonical": null}, {"name": "чеченски език", "bcp_47_code": "bg", "locale_id": "lang:003294", "is_canonical": null}, {"name": "زبان چچنی", "bcp_47_code": "fa", "locale_id": "lang:005211", "is_canonical": null}, {"name": "चेचन भाषा", "bcp_47_code": "mr", "locale_id": "lang:003376", "is_canonical": null}, {"name": "ჩეჩნური ენა", "bcp_47_code": "ka", "locale_id": "lang:005687", "is_canonical": null}, {"name": "čečėnų kalba", "bcp_47_code": "lt", "locale_id": "lang:000996", "is_canonical": null}, {"name": "čečenski jezik", "bcp_47_code": "sr", "locale_id": "lang:002701", "is_canonical": null}, {"name": "Chechen leid", "bcp_47_code": "sco", "locale_id": "lang:003876", "is_canonical": true}, {"name": "Chechen", "bcp_47_code": "hif", "locale_id": "lang:004553", "is_canonical": true}, {"name": "chechen tili", "bcp_47_code": "uz", "locale_id": "lang:003386", "is_canonical": null}, {"name": "Tsietsnieg", "bcp_47_code": "cy", "locale_id": "lang:005257", "is_canonical": null}, {"name": "cicenu", "bcp_47_code": "scn", "locale_id": "lang:002425", "is_canonical": true}, {"name": "Chhâ-chhṳ̀n-ngî", "bcp_47_code": "hak", "locale_id": "lang:002711", "is_canonical": true}, {"name": "Чачан мацІ", "bcp_47_code": "av", "locale_id": "lang:006230", "is_canonical": true}, {"name": "چیچنی زبان", "bcp_47_code": "ur", "locale_id": "lang:001103", "is_canonical": null}, {"name": "Çeçenki", "bcp_47_code": "diq", "locale_id": "lang:003839", "is_canonical": true}, {"name": "Czeczeńskŏ gŏdka", "bcp_47_code": "szl", "locale_id": "lang:002207", "is_canonical": null}, {"name": "Kichechen", "bcp_47_code": "sw", "locale_id": "lang:001597", "is_canonical": null}, {"name": "Ċeċen", "bcp_47_code": "mt", "locale_id": "lang:004371", "is_canonical": null}, {"name": "чечен теле", "bcp_47_code": "tt", "locale_id": "lang:003939", "is_canonical": true}, {"name": "txetxen", "bcp_47_code": "lfn", "locale_id": null, "is_canonical": true}, {"name": "Чечен чӀал", "bcp_47_code": "lez", "locale_id": "lang:006686", "is_canonical": true}, {"name": "چچن دیلی", "bcp_47_code": "azb", "locale_id": "lang:003109", "is_canonical": true}, {"name": "Chechnya-gí", "bcp_47_code": "nan", "locale_id": "lang:001296", "is_canonical": true}, {"name": "нохчий мотт", "bcp_47_code": "inh", "locale_id": "lang:003291", "is_canonical": true}, {"name": "Ачечен бызшәа", "bcp_47_code": "ab", "locale_id": "lang:006291", "is_canonical": null}, {"name": "idioma chechenu", "bcp_47_code": "ast", "locale_id": "lang:006965", "is_canonical": null}, {"name": "ചെചെൻ ഭാഷ", "bcp_47_code": "ml", "locale_id": "lang:001880", "is_canonical": null}, {"name": "Чечен тили", "bcp_47_code": "ky", "locale_id": "lang:003193", "is_canonical": null}, {"name": "Chechen-ngṳ̄", "bcp_47_code": "cdo", "locale_id": "lang:006481", "is_canonical": true}, {"name": "čečenski jezik", "bcp_47_code": "bs", "locale_id": "lang:005177", "is_canonical": null}, {"name": "τσετσενικά", "bcp_47_code": "el", "locale_id": "lang:002331", "is_canonical": null}, {"name": "Չեչէներէն", "bcp_47_code": "hyw", "locale_id": "lang:002332", "is_canonical": true}, {"name": "lingua Tsetsenica", "bcp_47_code": "la", "locale_id": "lang:016110", "is_canonical": true}, {"name": "车臣语", "bcp_47_code": "wuu", "locale_id": "lang:006830", "is_canonical": true}, {"name": "لغه شيشانيه", "bcp_47_code": "arz", "locale_id": "lang:004060", "is_canonical": true}, {"name": "língua chechena", "bcp_47_code": "pt", "locale_id": "lang:001977", "is_canonical": null}, {"name": "ᱪᱮᱪᱮᱱ ᱯᱟᱹᱨᱥᱤ", "bcp_47_code": "sat", "locale_id": "lang:006025", "is_canonical": null}, {"name": "Tschetscheensk spriak", "bcp_47_code": "frr", "locale_id": "lang:007274", "is_canonical": true}, {"name": "چیچن بولی", "bcp_47_code": "pnb", "locale_id": "lang:003334", "is_canonical": true}, {"name": "ꯆꯦꯆꯦꯟ ꯂꯣꯟ", "bcp_47_code": "mni", "locale_id": "lang:004974", "is_canonical": true}, {"name": "cecen", "bcp_47_code": "vec", "locale_id": "lang:004329", "is_canonical": true}, {"name": "زمانی چیچانی", "bcp_47_code": "ckb", "locale_id": "lang:002255", "is_canonical": null}, {"name": "Шешен тілі", "bcp_47_code": "kk", "locale_id": "lang:001017", "is_canonical": null}, {"name": "tchetchene", "bcp_47_code": "wa", "locale_id": "lang:002518", "is_canonical": true}, {"name": "An tSeisnis", "bcp_47_code": "ga", "locale_id": "lang:005513", "is_canonical": null}, {"name": "চেচেন ভাষা", "bcp_47_code": "bn", "locale_id": "lang:000178", "is_canonical": null}, {"name": "Чеченьскый язык", "bcp_47_code": "rue", "locale_id": "lang:003636", "is_canonical": true}, {"name": "車臣文", "bcp_47_code": "cmn", "locale_id": "lang:004378", "is_canonical": null}, {"name": "txetxeniera", "bcp_47_code": "eu", "locale_id": "lang:004920", "is_canonical": null}, {"name": "idioma checheno", "bcp_47_code": "es", "locale_id": "lang:005944", "is_canonical": null}, {"name": "اللغة الشيشانية", "bcp_47_code": "ar", "locale_id": "lang:000884", "is_canonical": null}, {"name": "لغه شيشانيه", "bcp_47_code": "ar", "locale_id": "lang:000884", "is_canonical": null}, {"name": "لغة الشيشان", "bcp_47_code": "ar", "locale_id": "lang:000884", "is_canonical": null}, {"name": "شيشانية", "bcp_47_code": "ar", "locale_id": "lang:000884", "is_canonical": null}, {"name": "Tjetjeens", "bcp_47_code": "nl", "locale_id": "lang:006448", "is_canonical": null}, {"name": "tjetjenska språket", "bcp_47_code": "sv", "locale_id": "lang:004782", "is_canonical": null}, {"name": "ĉeĉene", "bcp_47_code": "eo", "locale_id": "lang:001065", "is_canonical": null}, {"name": "нохчийн мотт", "bcp_47_code": "ru", "locale_id": "lang:006745", "is_canonical": null}, {"name": "нохчийн", "bcp_47_code": "ru", "locale_id": "lang:006745", "is_canonical": null}, {"name": "tshetsheenin kieli", "bcp_47_code": "fi", "locale_id": "lang:005250", "is_canonical": null}, {"name": "Чечен тыла", "bcp_47_code": "sah", "locale_id": "lang:000767", "is_canonical": null}, {"name": "Чечен кыв", "bcp_47_code": "kv", "locale_id": "lang:000812", "is_canonical": null}, {"name": "tchechene", "bcp_47_code": "fr", "locale_id": "lang:002512", "is_canonical": null}, {"name": "langue tchétchène", "bcp_47_code": "fr", "locale_id": "lang:002512", "is_canonical": null}, {"name": "tchetchene", "bcp_47_code": "fr", "locale_id": "lang:002512", "is_canonical": null}, {"name": "Чачаннал маз", "bcp_47_code": "lbe", "locale_id": "lang:001222", "is_canonical": null}, {"name": "Чеченннал маз", "bcp_47_code": "lbe", "locale_id": "lang:001222", "is_canonical": null}, {"name": "Checheno", "bcp_47_code": "gl", "locale_id": "lang:006921", "is_canonical": null}, {"name": "bahasa Chechen", "bcp_47_code": "id", "locale_id": "lang:005344", "is_canonical": null}, {"name": "tschetschenische Sprache", "bcp_47_code": "de", "locale_id": "lang:006636", "is_canonical": null}, {"name": "zimanê çeçenî", "bcp_47_code": "ku", "locale_id": "lang:003565", "is_canonical": null}, {"name": "txetxé", "bcp_47_code": "ca", "locale_id": "lang:000334", "is_canonical": null}, {"name": "ჩაჩნური ენა", "bcp_47_code": "ka", "locale_id": "lang:005687", "is_canonical": null}, {"name": "tsjetsjensk språk", "bcp_47_code": "nb", "locale_id": "lang:000958", "is_canonical": null}, {"name": "lingua cicena", "bcp_47_code": "scn", "locale_id": "lang:002425", "is_canonical": null}, {"name": "cecenu", "bcp_47_code": "scn", "locale_id": "lang:002425", "is_canonical": null}, {"name": "lingua cecena", "bcp_47_code": "scn", "locale_id": "lang:002425", "is_canonical": null}, {"name": "lingua cecena", "bcp_47_code": "it", "locale_id": "lang:005147", "is_canonical": null}, {"name": "čečenský jazyk", "bcp_47_code": "cs", "locale_id": "lang:007371", "is_canonical": null}, {"name": "чеченчә", "bcp_47_code": "tt", "locale_id": "lang:003939", "is_canonical": null}, {"name": "csecsen nyelv", "bcp_47_code": "hu", "locale_id": "lang:004445", "is_canonical": null}, {"name": "Çeçenî", "bcp_47_code": "ku", "locale_id": "lang:003565", "is_canonical": null}, {"name": "Нохчийн мотт", "bcp_47_code": "ce", "locale_id": "lang:000120", "is_canonical": null}, {"name": "Цæцæйнаг æвзаг", "bcp_47_code": "os", "locale_id": "lang:000303", "is_canonical": null}, {"name": "لغة شيشانية", "bcp_47_code": "ar", "locale_id": "lang:000884", "is_canonical": null}, {"name": "Нохчийн", "bcp_47_code": "ce", "locale_id": "lang:000120", "is_canonical": true}, {"name": "&#1053;&#1086;&#1093;&#1095;&#1080;&#1081;&#1085;", "bcp_47_code": "ce", "locale_id": "lang:000120", "is_canonical": false}]