[{"name": "Abon", "bcp_47_code": "en", "locale_id": "lang:004172", "is_canonical": true}, {"name": "Kiabon", "bcp_47_code": "sw", "locale_id": "lang:001597", "is_canonical": true}, {"name": "Lenga Abon", "bcp_47_code": "pms", "locale_id": "lang:003480", "is_canonical": true}, {"name": "Abon", "bcp_47_code": "de", "locale_id": "lang:006636", "is_canonical": true}, {"name": "abon jezik", "bcp_47_code": "bs", "locale_id": "lang:005177", "is_canonical": true}, {"name": "abon jezik", "bcp_47_code": "hr", "locale_id": "lang:001280", "is_canonical": true}, {"name": "Abon", "bcp_47_code": "li", "locale_id": "lang:000599", "is_canonical": true}, {"name": "Abon", "bcp_47_code": "id", "locale_id": "lang:005344", "is_canonical": true}, {"name": "abon", "bcp_47_code": "br", "locale_id": "lang:003643", "is_canonical": true}, {"name": "abon", "bcp_47_code": "ca", "locale_id": "lang:000334", "is_canonical": true}, {"name": "abon", "bcp_47_code": "fr", "locale_id": "lang:002512", "is_canonical": true}, {"name": "Wikang Abon", "bcp_47_code": "tl", "locale_id": "lang:002540", "is_canonical": true}, {"name": "Γλώσσα Αμπόν", "bcp_47_code": "el", "locale_id": "lang:002331", "is_canonical": true}, {"name": "abon", "bcp_47_code": "eu", "locale_id": "lang:004920", "is_canonical": true}, {"name": "Lingua abón", "bcp_47_code": "gl", "locale_id": "lang:006921", "is_canonical": true}, {"name": "bahasa Abon", "bcp_47_code": "id", "locale_id": "lang:005344", "is_canonical": null}, {"name": "Αμπόν", "bcp_47_code": "el", "locale_id": "lang:002331", "is_canonical": null}]