[{"name": "Angolar", "bcp_47_code": "en", "locale_id": "lang:004172", "is_canonical": true}, {"name": "angolar", "bcp_47_code": "pt", "locale_id": "lang:001977", "is_canonical": true}, {"name": "Angolar", "bcp_47_code": "de", "locale_id": "lang:006636", "is_canonical": true}, {"name": "angolara lingvo", "bcp_47_code": "eo", "locale_id": "lang:001065", "is_canonical": true}, {"name": "Lenga angolar", "bcp_47_code": "pms", "locale_id": "lang:003480", "is_canonical": true}, {"name": "angolar", "bcp_47_code": "fr", "locale_id": "lang:002512", "is_canonical": true}, {"name": "анголар", "bcp_47_code": "ru", "locale_id": "lang:006745", "is_canonical": true}, {"name": "angolar jezik", "bcp_47_code": "sh", "locale_id": "lang:003245", "is_canonical": true}, {"name": "criollo angolar", "bcp_47_code": "es", "locale_id": "lang:005944", "is_canonical": true}, {"name": "angolar jezik", "bcp_47_code": "hr", "locale_id": "lang:001280", "is_canonical": true}, {"name": "Angolar", "bcp_47_code": "nl", "locale_id": "lang:006448", "is_canonical": true}, {"name": "angolar", "bcp_47_code": "ca", "locale_id": "lang:000334", "is_canonical": true}, {"name": "アンゴラ語", "bcp_47_code": "ja", "locale_id": "lang:005185", "is_canonical": true}, {"name": "angolar", "bcp_47_code": "it", "locale_id": "lang:005147", "is_canonical": true}, {"name": "criollu angolar", "bcp_47_code": "ast", "locale_id": "lang:006965", "is_canonical": true}, {"name": "安哥拉克里奧爾語", "bcp_47_code": "cmn", "locale_id": "lang:004378", "is_canonical": true}, {"name": "安哥拉克里奥尔语", "bcp_47_code": "cmn", "locale_id": "lang:004378", "is_canonical": null}, {"name": "angolar", "bcp_47_code": "cs", "locale_id": "lang:007371", "is_canonical": true}, {"name": "angolar", "bcp_47_code": "vec", "locale_id": "lang:004329", "is_canonical": true}, {"name": "ngola", "bcp_47_code": "pt", "locale_id": "lang:001977", "is_canonical": null}, {"name": "Angolares", "bcp_47_code": "de", "locale_id": "lang:006636", "is_canonical": null}, {"name": "angolar jeik", "bcp_47_code": "sh", "locale_id": "lang:003245", "is_canonical": null}, {"name": "angolar-jezik", "bcp_47_code": "sh", "locale_id": "lang:003245", "is_canonical": null}, {"name": "ngola jezik", "bcp_47_code": "sh", "locale_id": "lang:003245", "is_canonical": null}, {"name": "angolarski jezik", "bcp_47_code": "sh", "locale_id": "lang:003245", "is_canonical": null}, {"name": "idioma angolar", "bcp_47_code": "es", "locale_id": "lang:005944", "is_canonical": null}, {"name": "ngola", "bcp_47_code": "es", "locale_id": "lang:005944", "is_canonical": null}, {"name": "ngolá", "bcp_47_code": "es", "locale_id": "lang:005944", "is_canonical": null}, {"name": "ンゴラ語", "bcp_47_code": "ja", "locale_id": "lang:005185", "is_canonical": null}, {"name": "Ngola", "bcp_47_code": "nl", "locale_id": "lang:006448", "is_canonical": null}]