[{"name": "Mannan", "bcp_47_code": "en", "locale_id": "lang:004172", "is_canonical": true}, {"name": "mannan", "bcp_47_code": "fr", "locale_id": "lang:002512", "is_canonical": true}, {"name": "Lenga Mannan", "bcp_47_code": "pms", "locale_id": "lang:003480", "is_canonical": true}, {"name": "Kimannan", "bcp_47_code": "sw", "locale_id": "lang:001597", "is_canonical": true}, {"name": "mannan", "bcp_47_code": "sv", "locale_id": "lang:004782", "is_canonical": true}, {"name": "மன்னன் மொழி", "bcp_47_code": "ta", "locale_id": "lang:002996", "is_canonical": true}]