[{"name": "Unami", "bcp_47_code": "en", "locale_id": "lang:004172", "is_canonical": true}, {"name": "unami", "bcp_47_code": "fr", "locale_id": "lang:002512", "is_canonical": true}, {"name": "Lenga unami", "bcp_47_code": "pms", "locale_id": "lang:003480", "is_canonical": true}, {"name": "unami", "bcp_47_code": "es", "locale_id": "lang:005944", "is_canonical": true}, {"name": "унами", "bcp_47_code": "ru", "locale_id": "lang:006745", "is_canonical": true}, {"name": "lingua unami", "bcp_47_code": "it", "locale_id": "lang:005147", "is_canonical": true}, {"name": "ounamieg", "bcp_47_code": "br", "locale_id": "lang:003643", "is_canonical": true}, {"name": "Unami", "bcp_47_code": "nl", "locale_id": "lang:006448", "is_canonical": true}, {"name": "孟斯特拉華語", "bcp_47_code": "cmn", "locale_id": "lang:004378", "is_canonical": true}, {"name": "レナペ語", "bcp_47_code": "ja", "locale_id": "lang:005185", "is_canonical": true}, {"name": "Lingua unami", "bcp_47_code": "gl", "locale_id": "lang:006921", "is_canonical": true}, {"name": "Lenape", "bcp_47_code": "lfn", "locale_id": null, "is_canonical": true}, {"name": "унамски јазик", "bcp_47_code": "mk", "locale_id": "lang:001683", "is_canonical": true}, {"name": "Wikang Unami", "bcp_47_code": "tl", "locale_id": "lang:002540", "is_canonical": true}, {"name": "unami", "bcp_47_code": "ca", "locale_id": "lang:000334", "is_canonical": true}, {"name": "unami", "bcp_47_code": "vec", "locale_id": "lang:004329", "is_canonical": true}, {"name": "اونامی", "bcp_47_code": "pnb", "locale_id": "lang:003334", "is_canonical": true}, {"name": "ਉਨਾਮੀ", "bcp_47_code": "pa", "locale_id": "lang:003658", "is_canonical": true}, {"name": "lenape", "bcp_47_code": "fr", "locale_id": "lang:002512", "is_canonical": null}, {"name": "ウナミ語", "bcp_47_code": "ja", "locale_id": "lang:005185", "is_canonical": null}, {"name": "ウナミ", "bcp_47_code": "ja", "locale_id": "lang:005185", "is_canonical": null}, {"name": "烏納米語", "bcp_47_code": "cmn", "locale_id": "lang:004378", "is_canonical": null}, {"name": "ленапе", "bcp_47_code": "ru", "locale_id": "lang:006745", "is_canonical": null}, {"name": "делаварский язык", "bcp_47_code": "ru", "locale_id": "lang:006745", "is_canonical": null}, {"name": "ленни-ленапе", "bcp_47_code": "ru", "locale_id": "lang:006745", "is_canonical": null}]