[{"name": "Aka-Bo", "bcp_47_code": "en", "locale_id": "lang:004172", "is_canonical": true}, {"name": "Akabo", "bcp_47_code": "en", "locale_id": "lang:004172", "is_canonical": true}, {"name": "língua aka-bo", "bcp_47_code": "pt", "locale_id": "lang:001977", "is_canonical": true}, {"name": "Lenga aka-bo", "bcp_47_code": "pms", "locale_id": "lang:003480", "is_canonical": true}, {"name": "aka-bo", "bcp_47_code": "eo", "locale_id": "lang:001065", "is_canonical": true}, {"name": "Aka-Bo", "bcp_47_code": "pam", "locale_id": "lang:003114", "is_canonical": true}, {"name": "język bo", "bcp_47_code": "pl", "locale_id": "lang:001433", "is_canonical": true}, {"name": "aka-bo", "bcp_47_code": "eu", "locale_id": "lang:004920", "is_canonical": true}, {"name": "aka-bo", "bcp_47_code": "fr", "locale_id": "lang:002512", "is_canonical": true}, {"name": "아카보어", "bcp_47_code": "ko", "locale_id": "lang:000685", "is_canonical": true}, {"name": "бо", "bcp_47_code": "ru", "locale_id": "lang:006745", "is_canonical": true}, {"name": "aka-bo", "bcp_47_code": "es", "locale_id": "lang:005944", "is_canonical": true}, {"name": "போ மொழி", "bcp_47_code": "ta", "locale_id": "lang:002996", "is_canonical": true}, {"name": "ака-бо", "bcp_47_code": "mk", "locale_id": "lang:001683", "is_canonical": true}, {"name": "bon kieli", "bcp_47_code": "fi", "locale_id": "lang:005250", "is_canonical": true}, {"name": "Aka-Bo", "bcp_47_code": "de", "locale_id": "lang:006636", "is_canonical": true}, {"name": "Aka-Bo leid", "bcp_47_code": "sco", "locale_id": "lang:003876", "is_canonical": true}, {"name": "aka-bo jezik", "bcp_47_code": "hr", "locale_id": "lang:001280", "is_canonical": true}, {"name": "Lèngua Aka-Bo", "bcp_47_code": "lmo", "locale_id": "lang:003614", "is_canonical": true}, {"name": "bo kalba", "bcp_47_code": "lt", "locale_id": "lang:000996", "is_canonical": true}, {"name": "Wikang Aka-Bo", "bcp_47_code": "tl", "locale_id": "lang:002540", "is_canonical": true}, {"name": "aka-bo", "bcp_47_code": "sv", "locale_id": "lang:004782", "is_canonical": true}, {"name": "lingua aka-bo", "bcp_47_code": "it", "locale_id": "lang:005147", "is_canonical": true}, {"name": "阿卡波语", "bcp_47_code": "cmn", "locale_id": "lang:004378", "is_canonical": true}, {"name": "阿卡波語", "bcp_47_code": "cmn", "locale_id": "lang:004378", "is_canonical": null}, {"name": "aka-bo", "bcp_47_code": "ca", "locale_id": "lang:000334", "is_canonical": true}, {"name": "Kiaka-Bo", "bcp_47_code": "sw", "locale_id": "lang:001597", "is_canonical": true}, {"name": "ਏਕਾ-ਬੋ", "bcp_47_code": "pa", "locale_id": "lang:003658", "is_canonical": true}, {"name": "idioma aka-bo", "bcp_47_code": "ast", "locale_id": "lang:006965", "is_canonical": true}, {"name": "Aka-Bo", "bcp_47_code": "nl", "locale_id": "lang:006448", "is_canonical": true}, {"name": "بو", "bcp_47_code": "ur", "locale_id": "lang:001103", "is_canonical": true}, {"name": "বো ভাষা", "bcp_47_code": "bn", "locale_id": "lang:000178", "is_canonical": true}, {"name": "aka-bo", "bcp_47_code": "vec", "locale_id": "lang:004329", "is_canonical": true}, {"name": "Бо тили", "bcp_47_code": "ky", "locale_id": "lang:003193", "is_canonical": true}, {"name": "língua bo", "bcp_47_code": "pt", "locale_id": "lang:001977", "is_canonical": null}, {"name": "język aka-bo", "bcp_47_code": "pl", "locale_id": "lang:001433", "is_canonical": null}, {"name": "boa sr", "bcp_47_code": "pl", "locale_id": "lang:001433", "is_canonical": null}, {"name": "bo", "bcp_47_code": "fr", "locale_id": "lang:002512", "is_canonical": null}, {"name": "ака-бо", "bcp_47_code": "ru", "locale_id": "lang:006745", "is_canonical": null}, {"name": "ака-боа", "bcp_47_code": "ru", "locale_id": "lang:006745", "is_canonical": null}, {"name": "Ba", "bcp_47_code": "lmo", "locale_id": "lang:003614", "is_canonical": null}, {"name": "bo", "bcp_47_code": "lt", "locale_id": "lang:000996", "is_canonical": null}, {"name": "ਆਕਾ-ਬੋ", "bcp_47_code": "pa", "locale_id": "lang:003658", "is_canonical": null}, {"name": "আকা-বো", "bcp_47_code": "bn", "locale_id": "lang:000178", "is_canonical": null}, {"name": "আকা-বো ভাষা", "bcp_47_code": "bn", "locale_id": "lang:000178", "is_canonical": null}]