[{"name": "Wardaman", "bcp_47_code": "en", "locale_id": "lang:004172", "is_canonical": true}, {"name": "Lenga wardaman", "bcp_47_code": "pms", "locale_id": "lang:003480", "is_canonical": true}, {"name": "wardaman", "bcp_47_code": "sv", "locale_id": "lang:004782", "is_canonical": true}, {"name": "ватаман", "bcp_47_code": "ru", "locale_id": "lang:006745", "is_canonical": true}, {"name": "língua wardaman", "bcp_47_code": "pt", "locale_id": "lang:001977", "is_canonical": true}, {"name": "wardaman", "bcp_47_code": "es", "locale_id": "lang:005944", "is_canonical": true}, {"name": "wardaman", "bcp_47_code": "fr", "locale_id": "lang:002512", "is_canonical": true}, {"name": "Gjuha Vardaman", "bcp_47_code": "sq", "locale_id": "lang:006275", "is_canonical": true}, {"name": "Kiwardaman", "bcp_47_code": "sw", "locale_id": "lang:001597", "is_canonical": true}, {"name": "wardaman", "bcp_47_code": "cs", "locale_id": "lang:007371", "is_canonical": true}, {"name": "Wardaman", "bcp_47_code": "sk", "locale_id": "lang:005464", "is_canonical": true}, {"name": "Wardaman", "bcp_47_code": "de", "locale_id": "lang:006636", "is_canonical": true}, {"name": "lenguas yangmanicas", "bcp_47_code": "es", "locale_id": "lang:005944", "is_canonical": null}, {"name": "lenguas yangmánicas", "bcp_47_code": "es", "locale_id": "lang:005944", "is_canonical": null}]