[{"name": "Idakho-Isukha-Tiriki", "bcp_47_code": "en", "locale_id": "lang:004172", "is_canonical": true}, {"name": "Luidakho-Luisukha-Lutirichi", "bcp_47_code": "en", "locale_id": "lang:004172", "is_canonical": null}, {"name": "Lenga Idakho-Isukha-Tiriki", "bcp_47_code": "pms", "locale_id": "lang:003480", "is_canonical": true}, {"name": "Kiidakho", "bcp_47_code": "sw", "locale_id": "lang:001597", "is_canonical": true}, {"name": "イダホ＝イスハ＝ティリキ語", "bcp_47_code": "ja", "locale_id": "lang:005185", "is_canonical": true}, {"name": "Idaxo-Isuxa-Tiriki", "bcp_47_code": "ig", "locale_id": "lang:002832", "is_canonical": true}, {"name": "Luidakho", "bcp_47_code": "ida", "locale_id": "lang:000075", "is_canonical": true}, {"name": "Luisukha", "bcp_47_code": "ida", "locale_id": "lang:000075", "is_canonical": null}, {"name": "Lutirichi", "bcp_47_code": "ida", "locale_id": "lang:000075", "is_canonical": null}]