[{"name": "Odoodee", "bcp_47_code": "en", "locale_id": "lang:004172", "is_canonical": true}, {"name": "Lenga Odoodee", "bcp_47_code": "pms", "locale_id": "lang:003480", "is_canonical": true}, {"name": "Kiodoodee", "bcp_47_code": "sw", "locale_id": "lang:001597", "is_canonical": true}, {"name": "Odoodee", "bcp_47_code": "ilo", "locale_id": "lang:007408", "is_canonical": true}, {"name": "Οντοοντέε", "bcp_47_code": "el", "locale_id": "lang:002331", "is_canonical": true}, {"name": "odoodee", "bcp_47_code": "fr", "locale_id": "lang:002512", "is_canonical": true}]