[{"name": "Coastal Konjo", "bcp_47_code": "en", "locale_id": "lang:004172", "is_canonical": true}, {"name": "konjo de la côte", "bcp_47_code": "fr", "locale_id": "lang:002512", "is_canonical": true}, {"name": "bahasa Konjo Pesisir", "bcp_47_code": "id", "locale_id": "lang:005344", "is_canonical": true}, {"name": "Kikonjo ya Pwani", "bcp_47_code": "sw", "locale_id": "lang:001597", "is_canonical": true}, {"name": "coastal Lenga konjo", "bcp_47_code": "pms", "locale_id": "lang:003480", "is_canonical": true}, {"name": "pagsasao nga Aplaya a Konjo", "bcp_47_code": "ilo", "locale_id": "lang:007408", "is_canonical": true}, {"name": "język konjo pesisir", "bcp_47_code": "pl", "locale_id": "lang:001433", "is_canonical": true}, {"name": "bahasa Konjo Pantai", "bcp_47_code": "id", "locale_id": "lang:005344", "is_canonical": null}]