[{"name": "Beami", "bcp_47_code": "en", "locale_id": "lang:004172", "is_canonical": true}, {"name": "Lenga Beami", "bcp_47_code": "pms", "locale_id": "lang:003480", "is_canonical": true}, {"name": "beami jezik", "bcp_47_code": "hr", "locale_id": "lang:001280", "is_canonical": true}, {"name": "Kibeami", "bcp_47_code": "sw", "locale_id": "lang:001597", "is_canonical": true}, {"name": "język beami", "bcp_47_code": "pl", "locale_id": "lang:001433", "is_canonical": true}, {"name": "Beami", "bcp_47_code": "ilo", "locale_id": "lang:007408", "is_canonical": true}, {"name": "beami", "bcp_47_code": "fr", "locale_id": "lang:002512", "is_canonical": true}, {"name": "Γλώσσα Μπεάμι", "bcp_47_code": "el", "locale_id": "lang:002331", "is_canonical": true}, {"name": "Μπεάμι", "bcp_47_code": "el", "locale_id": "lang:002331", "is_canonical": null}]