[{"name": "Xiri", "bcp_47_code": "en", "locale_id": "lang:004172", "is_canonical": true}, {"name": "língua xiri", "bcp_47_code": "pt", "locale_id": "lang:001977", "is_canonical": true}, {"name": "Xiri", "bcp_47_code": "de", "locale_id": "lang:006636", "is_canonical": true}, {"name": "Lenga Xiri", "bcp_47_code": "pms", "locale_id": "lang:003480", "is_canonical": true}, {"name": "xiri jezik", "bcp_47_code": "hr", "locale_id": "lang:001280", "is_canonical": true}, {"name": "lingua xiri", "bcp_47_code": "it", "locale_id": "lang:005147", "is_canonical": true}, {"name": "Kixiri", "bcp_47_code": "sw", "locale_id": "lang:001597", "is_canonical": true}, {"name": "xiri", "bcp_47_code": "fr", "locale_id": "lang:002512", "is_canonical": true}, {"name": "Xiri", "bcp_47_code": "nl", "locale_id": "lang:006448", "is_canonical": true}, {"name": "hiri keel", "bcp_47_code": "et", "locale_id": "lang:007279", "is_canonical": true}, {"name": "xiri", "bcp_47_code": "vec", "locale_id": "lang:004329", "is_canonical": true}, {"name": "ottentotto del capo", "bcp_47_code": "it", "locale_id": "lang:005147", "is_canonical": null}]