[{"name": "Jalapa De Díaz Mazatec", "bcp_47_code": "en", "locale_id": "lang:004172", "is_canonical": true}, {"name": "mazatèque de jalapa", "bcp_47_code": "fr", "locale_id": "lang:002512", "is_canonical": true}, {"name": "Jalapa Mazatec", "bcp_47_code": "en", "locale_id": "lang:004172", "is_canonical": null}, {"name": "jalapa de Diaz Lenga mazatec", "bcp_47_code": "pms", "locale_id": "lang:003480", "is_canonical": true}, {"name": "халапанский масатекский язык", "bcp_47_code": "ru", "locale_id": "lang:006745", "is_canonical": true}, {"name": "mazatekeg jalapa de díaz", "bcp_47_code": "br", "locale_id": "lang:003643", "is_canonical": true}, {"name": "jalapa de díaze masateegi keel", "bcp_47_code": "et", "locale_id": "lang:007279", "is_canonical": true}, {"name": "língua jalapa mazatec", "bcp_47_code": "pt", "locale_id": "lang:001977", "is_canonical": true}, {"name": "جالابا مازاتيك", "bcp_47_code": "ar", "locale_id": "lang:000884", "is_canonical": true}, {"name": "哈拉帕馬薩特克語", "bcp_47_code": "cmn", "locale_id": "lang:004378", "is_canonical": true}, {"name": "Jalapa De Diaz Mazatec", "bcp_47_code": "en", "locale_id": "lang:004172", "is_canonical": null}, {"name": "Lowland Mazatec", "bcp_47_code": "en", "locale_id": "lang:004172", "is_canonical": null}, {"name": "mazatèque des basses terres", "bcp_47_code": "fr", "locale_id": "lang:002512", "is_canonical": null}]