[{"name": "Záparo", "bcp_47_code": "en", "locale_id": "lang:004172", "is_canonical": true}, {"name": "zaparoeg", "bcp_47_code": "br", "locale_id": "lang:003643", "is_canonical": true}, {"name": "záparo", "bcp_47_code": "es", "locale_id": "lang:005944", "is_canonical": true}, {"name": "záparo jezik", "bcp_47_code": "hr", "locale_id": "lang:001280", "is_canonical": true}, {"name": "záparo", "bcp_47_code": "pt", "locale_id": "lang:001977", "is_canonical": true}, {"name": "língua záparo", "bcp_47_code": "pt", "locale_id": "lang:001977", "is_canonical": null}, {"name": "Sapara simi", "bcp_47_code": "qu", "locale_id": "lang:000991", "is_canonical": true}, {"name": "Záparo", "bcp_47_code": "de", "locale_id": "lang:006636", "is_canonical": true}, {"name": "Záparo", "bcp_47_code": "nl", "locale_id": "lang:006448", "is_canonical": true}, {"name": "сапаро", "bcp_47_code": "ru", "locale_id": "lang:006745", "is_canonical": true}, {"name": "сапара", "bcp_47_code": "be", "locale_id": "lang:004942", "is_canonical": true}, {"name": "Lenga záparo", "bcp_47_code": "pms", "locale_id": "lang:003480", "is_canonical": true}, {"name": "zaparo", "bcp_47_code": "fr", "locale_id": "lang:002512", "is_canonical": true}, {"name": "záparo", "bcp_47_code": "ca", "locale_id": "lang:000334", "is_canonical": true}, {"name": "záparo", "bcp_47_code": "oc", "locale_id": "lang:003832", "is_canonical": true}, {"name": "záparo", "bcp_47_code": "it", "locale_id": "lang:005147", "is_canonical": true}, {"name": "zàparo", "bcp_47_code": "scn", "locale_id": "lang:002425", "is_canonical": true}, {"name": "język záparo", "bcp_47_code": "pl", "locale_id": "lang:001433", "is_canonical": true}, {"name": "idioma záparo", "bcp_47_code": "ast", "locale_id": "lang:006965", "is_canonical": true}, {"name": "Wikang Záparo", "bcp_47_code": "tl", "locale_id": "lang:002540", "is_canonical": true}, {"name": "záparo", "bcp_47_code": "sv", "locale_id": "lang:004782", "is_canonical": true}, {"name": "saparo keel", "bcp_47_code": "et", "locale_id": "lang:007279", "is_canonical": true}, {"name": "záparo", "bcp_47_code": "vec", "locale_id": "lang:004329", "is_canonical": true}, {"name": "Zápara", "bcp_47_code": "en", "locale_id": "lang:004172", "is_canonical": null}, {"name": "Kayapwe", "bcp_47_code": "en", "locale_id": "lang:004172", "is_canonical": null}, {"name": "Zapara", "bcp_47_code": "en", "locale_id": "lang:004172", "is_canonical": null}, {"name": "zápara", "bcp_47_code": "es", "locale_id": "lang:005944", "is_canonical": null}, {"name": "kayapwe", "bcp_47_code": "es", "locale_id": "lang:005944", "is_canonical": null}, {"name": "zaparo", "bcp_47_code": "es", "locale_id": "lang:005944", "is_canonical": null}, {"name": "zapara", "bcp_47_code": "es", "locale_id": "lang:005944", "is_canonical": null}, {"name": "lingua zàpara", "bcp_47_code": "scn", "locale_id": "lang:002425", "is_canonical": null}, {"name": "lingua záparo", "bcp_47_code": "it", "locale_id": "lang:005147", "is_canonical": null}, {"name": "záparo", "bcp_47_code": "fr", "locale_id": "lang:002512", "is_canonical": null}, {"name": "idioma záparo", "bcp_47_code": "es", "locale_id": "lang:005944", "is_canonical": null}]