[{"name": "Mru", "bcp_47_code": "en", "locale_id": "lang:004172", "is_canonical": true}, {"name": "Mru", "bcp_47_code": "de", "locale_id": "lang:006636", "is_canonical": true}, {"name": "ภาษามรู", "bcp_47_code": "th", "locale_id": "lang:000248", "is_canonical": true}, {"name": "ম্রো ভাষা", "bcp_47_code": "bn", "locale_id": "lang:000178", "is_canonical": true}, {"name": "mroueg", "bcp_47_code": "br", "locale_id": "lang:003643", "is_canonical": true}, {"name": "bahasa Mru", "bcp_47_code": "id", "locale_id": "lang:005344", "is_canonical": true}, {"name": "Мру", "bcp_47_code": "kv", "locale_id": "lang:000812", "is_canonical": true}, {"name": "Lenga Mru", "bcp_47_code": "pms", "locale_id": "lang:003480", "is_canonical": true}, {"name": "Kimru", "bcp_47_code": "sw", "locale_id": "lang:001597", "is_canonical": true}, {"name": "默文", "bcp_47_code": "cmn", "locale_id": "lang:004378", "is_canonical": true}, {"name": "ムル語", "bcp_47_code": "ja", "locale_id": "lang:005185", "is_canonical": true}, {"name": "Wikang Mru", "bcp_47_code": "tl", "locale_id": "lang:002540", "is_canonical": true}, {"name": "tiếng Mru", "bcp_47_code": "vi", "locale_id": "lang:004523", "is_canonical": true}, {"name": "မြိုဘာသာစကား", "bcp_47_code": "my", "locale_id": "lang:004196", "is_canonical": true}, {"name": "mru", "bcp_47_code": "fr", "locale_id": "lang:002512", "is_canonical": true}, {"name": "Mru", "bcp_47_code": "nl", "locale_id": "lang:006448", "is_canonical": true}, {"name": "мру", "bcp_47_code": "ru", "locale_id": "lang:006745", "is_canonical": true}, {"name": "ᱢᱨᱩ ᱯᱟᱹᱨᱥᱤ", "bcp_47_code": "sat", "locale_id": "lang:006025", "is_canonical": true}, {"name": "Mru Script", "bcp_47_code": "en", "locale_id": "lang:004172", "is_canonical": null}, {"name": "默祿語", "bcp_47_code": "cmn", "locale_id": "lang:004378", "is_canonical": null}, {"name": "缪文", "bcp_47_code": "cmn", "locale_id": "lang:004378", "is_canonical": null}]