[{"name": "Inari Sami", "bcp_47_code": "en", "locale_id": "lang:004172", "is_canonical": true}, {"name": "Inari Saami", "bcp_47_code": "en", "locale_id": "lang:004172", "is_canonical": true}, {"name": "аинари-асаам", "bcp_47_code": "ab", "locale_id": "lang:006291", "is_canonical": true}, {"name": "Inari Sami", "bcp_47_code": "af", "locale_id": "lang:006849", "is_canonical": true}, {"name": "ኢናሪ ሳሚ", "bcp_47_code": "am", "locale_id": "lang:000379", "is_canonical": true}, {"name": "الإيناري سامي", "bcp_47_code": "ar", "locale_id": "lang:000884", "is_canonical": true}, {"name": "ইনাৰি ছামি", "bcp_47_code": "as", "locale_id": "lang:003208", "is_canonical": true}, {"name": "inari sami", "bcp_47_code": "ast", "locale_id": "lang:006965", "is_canonical": true}, {"name": "inari sami", "bcp_47_code": "az", "locale_id": "lang:000492", "is_canonical": true}, {"name": "інары-саамская", "bcp_47_code": "be", "locale_id": "lang:004942", "is_canonical": true}, {"name": "инари-саамски", "bcp_47_code": "bg", "locale_id": "lang:003294", "is_canonical": true}, {"name": "اناری سمی", "bcp_47_code": "bgn", "locale_id": "lang:004443", "is_canonical": true}, {"name": "ইনারি সামি", "bcp_47_code": "bn", "locale_id": "lang:000178", "is_canonical": true}, {"name": "sámi inari", "bcp_47_code": "br", "locale_id": "lang:003643", "is_canonical": true}, {"name": "ईनारी सामी", "bcp_47_code": "brx", "locale_id": "lang:003716", "is_canonical": true}, {"name": "inari sami", "bcp_47_code": "bs", "locale_id": "lang:005177", "is_canonical": true}, {"name": "sami d’inari", "bcp_47_code": "ca", "locale_id": "lang:000334", "is_canonical": true}, {"name": "𑄃𑄨𑄚𑄢𑄨 𑄥𑄟𑄨", "bcp_47_code": "ccp", "locale_id": "lang:004815", "is_canonical": true}, {"name": "инари-саамийн", "bcp_47_code": "ce", "locale_id": "lang:000120", "is_canonical": true}, {"name": "ᎢᎾᎵ ᏌᎻ", "bcp_47_code": "chr", "locale_id": "lang:004490", "is_canonical": true}, {"name": "ئیناری سامی", "bcp_47_code": "ckb", "locale_id": "lang:002255", "is_canonical": true}, {"name": "sámština (inarijská)", "bcp_47_code": "cs", "locale_id": "lang:007371", "is_canonical": true}, {"name": "Inari Sami", "bcp_47_code": "cy", "locale_id": "lang:005257", "is_canonical": true}, {"name": "enaresamisk", "bcp_47_code": "da", "locale_id": "lang:006478", "is_canonical": true}, {"name": "Inari-Samisch", "bcp_47_code": "de", "locale_id": "lang:006636", "is_canonical": true}, {"name": "inari-samišćina", "bcp_47_code": "dsb", "locale_id": "lang:007093", "is_canonical": true}, {"name": "Ινάρι Σάμι", "bcp_47_code": "el", "locale_id": "lang:002331", "is_canonical": true}, {"name": "anar-samea", "bcp_47_code": "eo", "locale_id": "lang:001065", "is_canonical": true}, {"name": "sami inari", "bcp_47_code": "es", "locale_id": "lang:005944", "is_canonical": true}, {"name": "inari saami", "bcp_47_code": "et", "locale_id": "lang:007279", "is_canonical": true}, {"name": "inariko samiera", "bcp_47_code": "eu", "locale_id": "lang:004920", "is_canonical": true}, {"name": "ایناری سامی", "bcp_47_code": "fa", "locale_id": "lang:005211", "is_canonical": true}, {"name": "inarinsaame", "bcp_47_code": "fi", "locale_id": "lang:005250", "is_canonical": true}, {"name": "Inari Sami", "bcp_47_code": "fil", "locale_id": "lang:004854", "is_canonical": true}, {"name": "inari sami", "bcp_47_code": "fo", "locale_id": "lang:005789", "is_canonical": true}, {"name": "same d’inari", "bcp_47_code": "fr", "locale_id": "lang:002512", "is_canonical": true}, {"name": "Inari Sami", "bcp_47_code": "fy", "locale_id": "lang:000608", "is_canonical": true}, {"name": "Sáimis Inari", "bcp_47_code": "ga", "locale_id": "lang:005513", "is_canonical": true}, {"name": "Sàmais Inari", "bcp_47_code": "gd", "locale_id": "lang:005113", "is_canonical": true}, {"name": "saami de Inari", "bcp_47_code": "gl", "locale_id": "lang:006921", "is_canonical": true}, {"name": "Inari-Samisch", "bcp_47_code": "gsw", "locale_id": "lang:006414", "is_canonical": true}, {"name": "ઇનારી સામી", "bcp_47_code": "gu", "locale_id": "lang:006797", "is_canonical": true}, {"name": "Inari Sami", "bcp_47_code": "ha", "locale_id": "lang:006769", "is_canonical": true}, {"name": "אינארי סאמי", "bcp_47_code": "he", "locale_id": "lang:000780", "is_canonical": true}, {"name": "इनारी सामी", "bcp_47_code": "hi", "locale_id": "lang:005010", "is_canonical": true}, {"name": "inari sami", "bcp_47_code": "hr", "locale_id": "lang:001280", "is_canonical": true}, {"name": "inari-samišćina", "bcp_47_code": "hsb", "locale_id": "lang:002868", "is_canonical": true}, {"name": "inari számi", "bcp_47_code": "hu", "locale_id": "lang:004445", "is_canonical": true}, {"name": "ինարի սաամի", "bcp_47_code": "hy", "locale_id": "lang:006918", "is_canonical": true}, {"name": "sami de inari", "bcp_47_code": "ia", "locale_id": "lang:008680", "is_canonical": true}, {"name": "Inari Sami", "bcp_47_code": "id", "locale_id": "lang:005344", "is_canonical": true}, {"name": "Inarị Samị", "bcp_47_code": "ig", "locale_id": "lang:002832", "is_canonical": true}, {"name": "enaresamíska", "bcp_47_code": "is", "locale_id": "lang:006417", "is_canonical": true}, {"name": "sami di inari", "bcp_47_code": "it", "locale_id": "lang:005147", "is_canonical": true}, {"name": "イナリ・サーミ語", "bcp_47_code": "ja", "locale_id": "lang:005185", "is_canonical": true}, {"name": "Inari Sami", "bcp_47_code": "jv", "locale_id": "lang:006418", "is_canonical": true}, {"name": "ინარი-საამური", "bcp_47_code": "ka", "locale_id": "lang:005687", "is_canonical": true}, {"name": "Tasami n Inari", "bcp_47_code": "kab", "locale_id": "lang:002124", "is_canonical": true}, {"name": "inari sami", "bcp_47_code": "kea", "locale_id": "lang:000423", "is_canonical": true}, {"name": "samĩ Inari tá", "bcp_47_code": "kgp", "locale_id": "lang:005254", "is_canonical": true}, {"name": "инари саам тілі", "bcp_47_code": "kk", "locale_id": "lang:001017", "is_canonical": true}, {"name": "អ៊ីណារីសាមី", "bcp_47_code": "km", "locale_id": "lang:000690", "is_canonical": true}, {"name": "ಇನಾರಿ ಸಮೀ", "bcp_47_code": "kn", "locale_id": "lang:006289", "is_canonical": true}, {"name": "이나리 사미어", "bcp_47_code": "ko", "locale_id": "lang:000685", "is_canonical": true}, {"name": "ईनारी सामी", "bcp_47_code": "kok", "locale_id": "lang:001978", "is_canonical": true}, {"name": "اِناری سَمی", "bcp_47_code": "ks", "locale_id": "lang:004361", "is_canonical": true}, {"name": "Inahri Lappländesch", "bcp_47_code": "ksh", "locale_id": "lang:000776", "is_canonical": true}, {"name": "samiya înarî", "bcp_47_code": "ku", "locale_id": "lang:003565", "is_canonical": true}, {"name": "инари саамиче", "bcp_47_code": "ky", "locale_id": "lang:003193", "is_canonical": true}, {"name": "Inari-Lappesch", "bcp_47_code": "lb", "locale_id": "lang:003324", "is_canonical": true}, {"name": "sami de Inari", "bcp_47_code": "lij", "locale_id": "lang:004453", "is_canonical": true}, {"name": "ອີນາຣິຊາມິ", "bcp_47_code": "lo", "locale_id": "lang:002848", "is_canonical": true}, {"name": "ئیناری سامی", "bcp_47_code": "lrc", "locale_id": "lang:001958", "is_canonical": true}, {"name": "inario samių", "bcp_47_code": "lt", "locale_id": "lang:000996", "is_canonical": true}, {"name": "inari sāmu", "bcp_47_code": "lv", "locale_id": "lang:006606", "is_canonical": true}, {"name": "इनारी सामी", "bcp_47_code": "mai", "locale_id": "lang:005797", "is_canonical": true}, {"name": "Inari Hami", "bcp_47_code": "mi", "locale_id": "lang:005897", "is_canonical": true}, {"name": "инариски сами", "bcp_47_code": "mk", "locale_id": "lang:001683", "is_canonical": true}, {"name": "ഇനാരി സമി", "bcp_47_code": "ml", "locale_id": "lang:001880", "is_canonical": true}, {"name": "инари сами", "bcp_47_code": "mn", "locale_id": "lang:005506", "is_canonical": true}, {"name": "इनारी सामी", "bcp_47_code": "mr", "locale_id": "lang:003376", "is_canonical": true}, {"name": "Inari Sami", "bcp_47_code": "ms", "locale_id": "lang:001263", "is_canonical": true}, {"name": "Inari Sami", "bcp_47_code": "mt", "locale_id": "lang:004371", "is_canonical": true}, {"name": "အီနာရီ ဆာမိ", "bcp_47_code": "my", "locale_id": "lang:004196", "is_canonical": true}, {"name": "ایناری سامی", "bcp_47_code": "mzn", "locale_id": "lang:005912", "is_canonical": true}, {"name": "Inari-Lappsch", "bcp_47_code": "nds", "locale_id": "lang:001710", "is_canonical": true}, {"name": "इनारी सामी", "bcp_47_code": "ne", "locale_id": "lang:004630", "is_canonical": true}, {"name": "Inari-Samisch", "bcp_47_code": "nl", "locale_id": "lang:006448", "is_canonical": true}, {"name": "enaresamisk", "bcp_47_code": "no", "locale_id": "lang:002536", "is_canonical": true}, {"name": "ߌߣߊߙߌ߫ ߛߊߡߌߞߊ߲", "bcp_47_code": "nqo", "locale_id": "lang:006401", "is_canonical": true}, {"name": "ଇନାରୀ ସାମି", "bcp_47_code": "or", "locale_id": "lang:001930", "is_canonical": true}, {"name": "ਇਨਾਰੀ ਸਾਮੀ", "bcp_47_code": "pa", "locale_id": "lang:003658", "is_canonical": true}, {"name": "Ínárí Sámí Lángwej", "bcp_47_code": "pcm", "locale_id": "lang:002108", "is_canonical": true}, {"name": "inari", "bcp_47_code": "pl", "locale_id": "lang:001433", "is_canonical": true}, {"name": "اناري سميع", "bcp_47_code": "ps", "locale_id": "lang:006281", "is_canonical": true}, {"name": "lapão de inari", "bcp_47_code": "pt", "locale_id": "lang:001977", "is_canonical": true}, {"name": "Sami Inari Simi", "bcp_47_code": "qu", "locale_id": "lang:000991", "is_canonical": true}, {"name": "sami inari", "bcp_47_code": "rm", "locale_id": "lang:004318", "is_canonical": true}, {"name": "sami inari", "bcp_47_code": "ro", "locale_id": "lang:006592", "is_canonical": true}, {"name": "инари-саамский", "bcp_47_code": "ru", "locale_id": "lang:006745", "is_canonical": true}, {"name": "ᱤᱱᱟᱨᱤ ᱥᱟᱢᱤ", "bcp_47_code": "sat", "locale_id": "lang:006025", "is_canonical": true}, {"name": "sami de sos inari", "bcp_47_code": "sc", "locale_id": "lang:000376", "is_canonical": true}, {"name": "اناري سامي", "bcp_47_code": "sd", "locale_id": "lang:002987", "is_canonical": true}, {"name": "anárašgiella", "bcp_47_code": "se", "locale_id": "lang:000771", "is_canonical": true}, {"name": "ඉනාරි සාමි", "bcp_47_code": "si", "locale_id": "lang:000326", "is_canonical": true}, {"name": "saamčina (inarijská)", "bcp_47_code": "sk", "locale_id": "lang:005464", "is_canonical": true}, {"name": "inarska samijščina", "bcp_47_code": "sl", "locale_id": "lang:004352", "is_canonical": true}, {"name": "anarâškielâ", "bcp_47_code": "smn", "locale_id": "lang:000203", "is_canonical": true}, {"name": "Inaari Saami", "bcp_47_code": "so", "locale_id": "lang:000435", "is_canonical": true}, {"name": "samishte inari", "bcp_47_code": "sq", "locale_id": "lang:006275", "is_canonical": true}, {"name": "инари сами", "bcp_47_code": "sr", "locale_id": "lang:002701", "is_canonical": true}, {"name": "enaresamiska", "bcp_47_code": "sv", "locale_id": "lang:004782", "is_canonical": true}, {"name": "Kisami cha Inari", "bcp_47_code": "sw", "locale_id": "lang:001597", "is_canonical": true}, {"name": "inari", "bcp_47_code": "szl", "locale_id": "lang:002207", "is_canonical": true}, {"name": "இனாரி சமி", "bcp_47_code": "ta", "locale_id": "lang:002996", "is_canonical": true}, {"name": "ఇనారి సామి", "bcp_47_code": "te", "locale_id": "lang:000508", "is_canonical": true}, {"name": "инари самӣ", "bcp_47_code": "tg", "locale_id": "lang:002532", "is_canonical": true}, {"name": "ซามิอีนารี", "bcp_47_code": "th", "locale_id": "lang:000248", "is_canonical": true}, {"name": "ሳሚ ኢናሪ", "bcp_47_code": "ti", "locale_id": "lang:002196", "is_canonical": true}, {"name": "inari-saam dili", "bcp_47_code": "tk", "locale_id": "lang:002001", "is_canonical": true}, {"name": "lea fakasami-ʻinali", "bcp_47_code": "to", "locale_id": "lang:006037", "is_canonical": true}, {"name": "İnari Laponcası", "bcp_47_code": "tr", "locale_id": "lang:000917", "is_canonical": true}, {"name": "инари-саам", "bcp_47_code": "tt", "locale_id": "lang:003939", "is_canonical": true}, {"name": "ئىنارى سامىچە", "bcp_47_code": "ug", "locale_id": "lang:003330", "is_canonical": true}, {"name": "саамська інарі", "bcp_47_code": "uk", "locale_id": "lang:001994", "is_canonical": true}, {"name": "اناری سامی", "bcp_47_code": "ur", "locale_id": "lang:001103", "is_canonical": true}, {"name": "inari-saam", "bcp_47_code": "uz", "locale_id": "lang:003386", "is_canonical": true}, {"name": "tiếng Inari Sami", "bcp_47_code": "vi", "locale_id": "lang:004523", "is_canonical": true}, {"name": "Inari Sami", "bcp_47_code": "wo", "locale_id": "lang:003933", "is_canonical": true}, {"name": "Inari Sami", "bcp_47_code": "yo", "locale_id": "lang:003132", "is_canonical": true}, {"name": "sami Inariwara", "bcp_47_code": "yrl", "locale_id": "lang:006863", "is_canonical": true}, {"name": "伊納裡薩米文", "bcp_47_code": "yue", "locale_id": "lang:005108", "is_canonical": true}, {"name": "伊纳里萨米语", "bcp_47_code": "cmn", "locale_id": "lang:004378", "is_canonical": true}, {"name": "isi-Inari Sami", "bcp_47_code": "zu", "locale_id": "lang:007247", "is_canonical": true}, {"name": "Lenga Saami", "bcp_47_code": "pms", "locale_id": "lang:003480", "is_canonical": true}, {"name": "język inari", "bcp_47_code": "pl", "locale_id": "lang:001433", "is_canonical": null}, {"name": "same d'inari", "bcp_47_code": "fr", "locale_id": "lang:002512", "is_canonical": null}, {"name": "Inari Sami", "bcp_47_code": "hif", "locale_id": "lang:004553", "is_canonical": true}, {"name": "inari saami keel", "bcp_47_code": "et", "locale_id": "lang:007279", "is_canonical": null}, {"name": "Inarisamisch", "bcp_47_code": "de", "locale_id": "lang:006636", "is_canonical": null}, {"name": "samieg inari", "bcp_47_code": "br", "locale_id": "lang:003643", "is_canonical": null}, {"name": "lapônico de inari", "bcp_47_code": "pt", "locale_id": "lang:001977", "is_canonical": null}, {"name": "anar-samea lingvo", "bcp_47_code": "eo", "locale_id": "lang:001065", "is_canonical": null}, {"name": "Luenga sami d'Inari", "bcp_47_code": "ext", "locale_id": "lang:004333", "is_canonical": true}, {"name": "инари-саамский язык", "bcp_47_code": "ru", "locale_id": "lang:006745", "is_canonical": null}, {"name": "инарсколапонски јазик", "bcp_47_code": "mk", "locale_id": "lang:001683", "is_canonical": null}, {"name": "інары-саамская мова", "bcp_47_code": "be", "locale_id": "lang:004942", "is_canonical": null}, {"name": "enaresamisk", "bcp_47_code": "nn", "locale_id": "lang:005019", "is_canonical": true}, {"name": "inarijská sámština", "bcp_47_code": "cs", "locale_id": "lang:007371", "is_canonical": null}, {"name": "Inare samiu kalba", "bcp_47_code": "sgs", "locale_id": "lang:005783", "is_canonical": true}, {"name": "инари-саамски език", "bcp_47_code": "bg", "locale_id": "lang:003294", "is_canonical": null}, {"name": "Анараш саами кыв", "bcp_47_code": "kv", "locale_id": "lang:000812", "is_canonical": true}, {"name": "inari laponski", "bcp_47_code": "hr", "locale_id": "lang:001280", "is_canonical": null}, {"name": "Inarisaami kiil", "bcp_47_code": "vro", "locale_id": "lang:001751", "is_canonical": true}, {"name": "inario samių kalba", "bcp_47_code": "lt", "locale_id": "lang:000996", "is_canonical": null}, {"name": "enaresamisk", "bcp_47_code": "nb", "locale_id": "lang:000958", "is_canonical": true}, {"name": "sami d'inari", "bcp_47_code": "ca", "locale_id": "lang:000334", "is_canonical": null}, {"name": "Lingua saami de Inari", "bcp_47_code": "gl", "locale_id": "lang:006921", "is_canonical": null}, {"name": "Inarisámiskt mál", "bcp_47_code": "fo", "locale_id": "lang:005789", "is_canonical": null}, {"name": "Инари-саамонь кель", "bcp_47_code": "myv", "locale_id": "lang:003656", "is_canonical": true}, {"name": "伊納里薩米語", "bcp_47_code": "cmn", "locale_id": "lang:004378", "is_canonical": null}, {"name": "Lappon ta Inari", "bcp_47_code": "mt", "locale_id": "lang:004371", "is_canonical": null}, {"name": "Inari Samice", "bcp_47_code": "tr", "locale_id": "lang:000917", "is_canonical": null}, {"name": "Anaransaamen kieli", "bcp_47_code": "olo", "locale_id": "lang:007186", "is_canonical": true}, {"name": "Aanaarsamisk", "bcp_47_code": "nds", "locale_id": "lang:001710", "is_canonical": null}, {"name": "ഇനാരി സാമി ഭാഷ", "bcp_47_code": "ml", "locale_id": "lang:001880", "is_canonical": null}, {"name": "sami inari", "bcp_47_code": "ast", "locale_id": "lang:006965", "is_canonical": null}, {"name": "Inari Sami leid", "bcp_47_code": "sco", "locale_id": "lang:003876", "is_canonical": true}, {"name": "aanarsääʹmǩiõll", "bcp_47_code": "sms", "locale_id": "lang:001931", "is_canonical": true}, {"name": "لغة سامية إنارية", "bcp_47_code": "ar", "locale_id": "lang:000884", "is_canonical": null}, {"name": "anaaresaemiengïele", "bcp_47_code": "sma", "locale_id": "lang:006966", "is_canonical": true}, {"name": "anársámegiella", "bcp_47_code": "smj", "locale_id": "lang:004729", "is_canonical": true}, {"name": "Sameg Aanaar", "bcp_47_code": "cy", "locale_id": "lang:005257", "is_canonical": null}, {"name": "لغة سامى الاناريه", "bcp_47_code": "arz", "locale_id": "lang:004060", "is_canonical": true}, {"name": "زبان سامی ایناری", "bcp_47_code": "fa", "locale_id": "lang:005211", "is_canonical": null}, {"name": "інарі-саамська мова", "bcp_47_code": "uk", "locale_id": "lang:001994", "is_canonical": null}, {"name": "Inarisaamen kel'", "bcp_47_code": "vep", "locale_id": "lang:002743", "is_canonical": true}, {"name": "ᱤᱱᱟᱨᱤ ᱥᱟᱢᱤ ᱯᱟᱹᱨᱥᱤ", "bcp_47_code": "sat", "locale_id": "lang:006025", "is_canonical": null}, {"name": "Инари-саам теле", "bcp_47_code": "tt", "locale_id": "lang:003939", "is_canonical": null}, {"name": "а̄нар са̄мь кӣлл", "bcp_47_code": "sjd", "locale_id": "lang:002763", "is_canonical": true}, {"name": "sami d'inari", "bcp_47_code": "vec", "locale_id": "lang:004329", "is_canonical": true}, {"name": "инари-саам теле", "bcp_47_code": "ba", "locale_id": "lang:003847", "is_canonical": true}, {"name": "inarijska samijščina", "bcp_47_code": "sl", "locale_id": "lang:004352", "is_canonical": null}, {"name": "inari samiera", "bcp_47_code": "eu", "locale_id": "lang:004920", "is_canonical": null}, {"name": "inariera", "bcp_47_code": "eu", "locale_id": "lang:004920", "is_canonical": null}, {"name": "anarâškielâ", "bcp_47_code": "eu", "locale_id": "lang:004920", "is_canonical": null}, {"name": "anaraskiela", "bcp_47_code": "eu", "locale_id": "lang:004920", "is_canonical": null}, {"name": "sami de inari", "bcp_47_code": "es", "locale_id": "lang:005944", "is_canonical": null}, {"name": "idioma sami inari", "bcp_47_code": "es", "locale_id": "lang:005944", "is_canonical": null}, {"name": "inari-számi nyelv", "bcp_47_code": "hu", "locale_id": "lang:004445", "is_canonical": null}, {"name": "lingua lappone di inari", "bcp_47_code": "it", "locale_id": "lang:005147", "is_canonical": null}, {"name": "lingua sami di inari", "bcp_47_code": "it", "locale_id": "lang:005147", "is_canonical": null}, {"name": "inarisaami keel", "bcp_47_code": "et", "locale_id": "lang:007279", "is_canonical": null}, {"name": "inari keel", "bcp_47_code": "et", "locale_id": "lang:007279", "is_canonical": null}, {"name": "Inari-Sami", "bcp_47_code": "de", "locale_id": "lang:006636", "is_canonical": null}, {"name": "inarisamische Sprache", "bcp_47_code": "de", "locale_id": "lang:006636", "is_canonical": null}, {"name": "inari-samische Sprache", "bcp_47_code": "de", "locale_id": "lang:006636", "is_canonical": null}, {"name": "anar-samee", "bcp_47_code": "eo", "locale_id": "lang:001065", "is_canonical": null}, {"name": "enarea samea dialekto", "bcp_47_code": "eo", "locale_id": "lang:001065", "is_canonical": null}, {"name": "anarsamea lingvo", "bcp_47_code": "eo", "locale_id": "lang:001065", "is_canonical": null}, {"name": "Sami Inari", "bcp_47_code": "ext", "locale_id": "lang:004333", "is_canonical": null}, {"name": "Sami de Inari", "bcp_47_code": "ext", "locale_id": "lang:004333", "is_canonical": null}, {"name": "Sami d'Inari", "bcp_47_code": "ext", "locale_id": "lang:004333", "is_canonical": null}, {"name": "inarinsaamen kieli", "bcp_47_code": "fi", "locale_id": "lang:005250", "is_canonical": null}, {"name": "inarinlappi", "bcp_47_code": "fi", "locale_id": "lang:005250", "is_canonical": null}, {"name": "мова інары", "bcp_47_code": "be", "locale_id": "lang:004942", "is_canonical": null}, {"name": "enaresamisk språk", "bcp_47_code": "nn", "locale_id": "lang:005019", "is_canonical": null}, {"name": "inarisamisk", "bcp_47_code": "nn", "locale_id": "lang:005019", "is_canonical": null}, {"name": "inarská sámština", "bcp_47_code": "cs", "locale_id": "lang:007371", "is_canonical": null}, {"name": "Inarinsaami kiil", "bcp_47_code": "vro", "locale_id": "lang:001751", "is_canonical": null}, {"name": "Inarisaami kiil'", "bcp_47_code": "vro", "locale_id": "lang:001751", "is_canonical": null}, {"name": "inarisamisk", "bcp_47_code": "nb", "locale_id": "lang:000958", "is_canonical": null}, {"name": "enaresamisk språk", "bcp_47_code": "nb", "locale_id": "lang:000958", "is_canonical": null}, {"name": "sami de inari", "bcp_47_code": "pt", "locale_id": "lang:001977", "is_canonical": null}, {"name": "Inari-Sami", "bcp_47_code": "nl", "locale_id": "lang:006448", "is_canonical": null}, {"name": "aanaarkielâ", "bcp_47_code": "smn", "locale_id": "lang:000203", "is_canonical": null}, {"name": "aanaarsämikielâ", "bcp_47_code": "smn", "locale_id": "lang:000203", "is_canonical": null}, {"name": "aanrõšǩiõll", "bcp_47_code": "sms", "locale_id": "lang:001931", "is_canonical": null}, {"name": "anaaresaemien", "bcp_47_code": "sma", "locale_id": "lang:006966", "is_canonical": null}, {"name": "Anárašgiella", "bcp_47_code": "se", "locale_id": "lang:000771", "is_canonical": null}, {"name": "inari számi nyelv", "bcp_47_code": "hu", "locale_id": "lang:004445", "is_canonical": null}, {"name": "língua sami de inari", "bcp_47_code": "pt", "locale_id": "lang:001977", "is_canonical": null}, {"name": "sami d'inari", "bcp_47_code": "fr", "locale_id": "lang:002512", "is_canonical": null}, {"name": "инари самиски јазик", "bcp_47_code": "mk", "locale_id": "lang:001683", "is_canonical": null}, {"name": "Anar&#226;&#353;kiel&#226;", "bcp_47_code": "smn", "locale_id": "lang:000203", "is_canonical": false}]