[{"name": "Nyabwa", "bcp_47_code": "en", "locale_id": "lang:004172", "is_canonical": true}, {"name": "Kinyabwa", "bcp_47_code": "sw", "locale_id": "lang:001597", "is_canonical": true}, {"name": "Nyabwa", "bcp_47_code": "de", "locale_id": "lang:006636", "is_canonical": true}, {"name": "Lenga Nyabwa", "bcp_47_code": "pms", "locale_id": "lang:003480", "is_canonical": true}, {"name": "nyabweg", "bcp_47_code": "br", "locale_id": "lang:003643", "is_canonical": true}, {"name": "nyabwa", "bcp_47_code": "fr", "locale_id": "lang:002512", "is_canonical": true}, {"name": "lingua nyabwa", "bcp_47_code": "it", "locale_id": "lang:005147", "is_canonical": true}, {"name": "ニャブワ語", "bcp_47_code": "ja", "locale_id": "lang:005185", "is_canonical": true}, {"name": "Wikang Nyabwa", "bcp_47_code": "tl", "locale_id": "lang:002540", "is_canonical": true}, {"name": "nyabwa", "bcp_47_code": "vec", "locale_id": "lang:004329", "is_canonical": true}, {"name": "Bahasa Nyabwa", "bcp_47_code": "ms", "locale_id": "lang:001263", "is_canonical": true}, {"name": "língua nyabwa", "bcp_47_code": "pt", "locale_id": "lang:001977", "is_canonical": true}]