[{"name": "Mpade", "bcp_47_code": "en", "locale_id": "lang:004172", "is_canonical": true}, {"name": "makari", "bcp_47_code": "fr", "locale_id": "lang:002512", "is_canonical": true}, {"name": "Kimpade", "bcp_47_code": "sw", "locale_id": "lang:001597", "is_canonical": true}, {"name": "mpade jezik", "bcp_47_code": "hr", "locale_id": "lang:001280", "is_canonical": true}, {"name": "мпаде", "bcp_47_code": "ru", "locale_id": "lang:006745", "is_canonical": true}, {"name": "mpadeg", "bcp_47_code": "br", "locale_id": "lang:003643", "is_canonical": true}, {"name": "Mpade", "bcp_47_code": "de", "locale_id": "lang:006636", "is_canonical": true}, {"name": "Lenga Mpade", "bcp_47_code": "pms", "locale_id": "lang:003480", "is_canonical": true}, {"name": "Wikang Mpade", "bcp_47_code": "tl", "locale_id": "lang:002540", "is_canonical": true}, {"name": "مبادي", "bcp_47_code": "ar", "locale_id": "lang:000884", "is_canonical": true}, {"name": "mpade", "bcp_47_code": "oc", "locale_id": "lang:003832", "is_canonical": true}]