[{"name": "Ono", "bcp_47_code": "en", "locale_id": "lang:004172", "is_canonical": true}, {"name": "język ono", "bcp_47_code": "pl", "locale_id": "lang:001433", "is_canonical": true}, {"name": "Lenga Ono", "bcp_47_code": "pms", "locale_id": "lang:003480", "is_canonical": true}, {"name": "Kiono", "bcp_47_code": "sw", "locale_id": "lang:001597", "is_canonical": true}, {"name": "Ono", "bcp_47_code": "ilo", "locale_id": "lang:007408", "is_canonical": true}, {"name": "Onoki", "bcp_47_code": "diq", "locale_id": "lang:003839", "is_canonical": true}]