[{"name": "Sabu", "bcp_47_code": "en", "locale_id": "lang:004172", "is_canonical": true}, {"name": "Hawu", "bcp_47_code": "en", "locale_id": "lang:004172", "is_canonical": true}, {"name": "Hawoe", "bcp_47_code": "af", "locale_id": "lang:006849", "is_canonical": true}, {"name": "ሃውኛ", "bcp_47_code": "am", "locale_id": "lang:000379", "is_canonical": true}, {"name": "هاوو", "bcp_47_code": "ar", "locale_id": "lang:000884", "is_canonical": true}, {"name": "হাৱু", "bcp_47_code": "as", "locale_id": "lang:003208", "is_canonical": true}, {"name": "Havu", "bcp_47_code": "az", "locale_id": "lang:000492", "is_canonical": true}, {"name": "хаву", "bcp_47_code": "be", "locale_id": "lang:004942", "is_canonical": true}, {"name": "хаву", "bcp_47_code": "bg", "locale_id": "lang:003294", "is_canonical": true}, {"name": "হাউ", "bcp_47_code": "bn", "locale_id": "lang:000178", "is_canonical": true}, {"name": "hawu", "bcp_47_code": "bs", "locale_id": "lang:005177", "is_canonical": true}, {"name": "hawu", "bcp_47_code": "ca", "locale_id": "lang:000334", "is_canonical": true}, {"name": "hawu", "bcp_47_code": "cs", "locale_id": "lang:007371", "is_canonical": true}, {"name": "hawu", "bcp_47_code": "da", "locale_id": "lang:006478", "is_canonical": true}, {"name": "Hawu", "bcp_47_code": "de", "locale_id": "lang:006636", "is_canonical": true}, {"name": "Hawu", "bcp_47_code": "el", "locale_id": "lang:002331", "is_canonical": true}, {"name": "hawu", "bcp_47_code": "es", "locale_id": "lang:005944", "is_canonical": true}, {"name": "hawu", "bcp_47_code": "et", "locale_id": "lang:007279", "is_canonical": true}, {"name": "savuarra", "bcp_47_code": "eu", "locale_id": "lang:004920", "is_canonical": true}, {"name": "هاوو", "bcp_47_code": "fa", "locale_id": "lang:005211", "is_canonical": true}, {"name": "hawu", "bcp_47_code": "fi", "locale_id": "lang:005250", "is_canonical": true}, {"name": "Hawu", "bcp_47_code": "fil", "locale_id": "lang:004854", "is_canonical": true}, {"name": "hawu", "bcp_47_code": "fr", "locale_id": "lang:002512", "is_canonical": true}, {"name": "Hawu", "bcp_47_code": "gl", "locale_id": "lang:006921", "is_canonical": true}, {"name": "Hawu", "bcp_47_code": "gsw", "locale_id": "lang:006414", "is_canonical": true}, {"name": "હાવુ", "bcp_47_code": "gu", "locale_id": "lang:006797", "is_canonical": true}, {"name": "हावू", "bcp_47_code": "hi", "locale_id": "lang:005010", "is_canonical": true}, {"name": "hawu", "bcp_47_code": "hr", "locale_id": "lang:001280", "is_canonical": true}, {"name": "hawu", "bcp_47_code": "hu", "locale_id": "lang:004445", "is_canonical": true}, {"name": "հավու", "bcp_47_code": "hy", "locale_id": "lang:006918", "is_canonical": true}, {"name": "Hawu", "bcp_47_code": "id", "locale_id": "lang:005344", "is_canonical": true}, {"name": "Hawu", "bcp_47_code": "in", "locale_id": "lang:005344", "is_canonical": true}, {"name": "hawu", "bcp_47_code": "is", "locale_id": "lang:006417", "is_canonical": true}, {"name": "hawu", "bcp_47_code": "it", "locale_id": "lang:005147", "is_canonical": true}, {"name": "האוו", "bcp_47_code": "he", "locale_id": "lang:000780", "is_canonical": true}, {"name": "ハウ語", "bcp_47_code": "ja", "locale_id": "lang:005185", "is_canonical": true}, {"name": "ჰავუ", "bcp_47_code": "ka", "locale_id": "lang:005687", "is_canonical": true}, {"name": "Хаву", "bcp_47_code": "kk", "locale_id": "lang:001017", "is_canonical": true}, {"name": "ហាវ៉ូ", "bcp_47_code": "km", "locale_id": "lang:000690", "is_canonical": true}, {"name": "ಹವು", "bcp_47_code": "kn", "locale_id": "lang:006289", "is_canonical": true}, {"name": "하우어", "bcp_47_code": "ko", "locale_id": "lang:000685", "is_canonical": true}, {"name": "Хавуча", "bcp_47_code": "ky", "locale_id": "lang:003193", "is_canonical": true}, {"name": "Hawu", "bcp_47_code": "ln", "locale_id": "lang:005075", "is_canonical": true}, {"name": "ຮາວູ", "bcp_47_code": "lo", "locale_id": "lang:002848", "is_canonical": true}, {"name": "havu", "bcp_47_code": "lt", "locale_id": "lang:000996", "is_canonical": true}, {"name": "havu", "bcp_47_code": "lv", "locale_id": "lang:006606", "is_canonical": true}, {"name": "хави", "bcp_47_code": "mk", "locale_id": "lang:001683", "is_canonical": true}, {"name": "ഹാവു", "bcp_47_code": "ml", "locale_id": "lang:001880", "is_canonical": true}, {"name": "Хаву", "bcp_47_code": "mn", "locale_id": "lang:005506", "is_canonical": true}, {"name": "Hawu", "bcp_47_code": "mo", "locale_id": "lang:006592", "is_canonical": true}, {"name": "हावु", "bcp_47_code": "mr", "locale_id": "lang:003376", "is_canonical": true}, {"name": "Hawu", "bcp_47_code": "ms", "locale_id": "lang:001263", "is_canonical": true}, {"name": "ဟာဝူ", "bcp_47_code": "my", "locale_id": "lang:004196", "is_canonical": true}, {"name": "hawu", "bcp_47_code": "nb", "locale_id": "lang:000958", "is_canonical": true}, {"name": "हावू", "bcp_47_code": "ne", "locale_id": "lang:004630", "is_canonical": true}, {"name": "Hawu", "bcp_47_code": "nl", "locale_id": "lang:006448", "is_canonical": true}, {"name": "hawu", "bcp_47_code": "no", "locale_id": "lang:002536", "is_canonical": true}, {"name": "ହାଉ", "bcp_47_code": "or", "locale_id": "lang:001930", "is_canonical": true}, {"name": "ਹਾਵੂ", "bcp_47_code": "pa", "locale_id": "lang:003658", "is_canonical": true}, {"name": "hawu", "bcp_47_code": "pl", "locale_id": "lang:001433", "is_canonical": true}, {"name": "hawu", "bcp_47_code": "pt", "locale_id": "lang:001977", "is_canonical": true}, {"name": "hawu", "bcp_47_code": "ro", "locale_id": "lang:006592", "is_canonical": true}, {"name": "хаву", "bcp_47_code": "ru", "locale_id": "lang:006745", "is_canonical": true}, {"name": "හාවු", "bcp_47_code": "si", "locale_id": "lang:000326", "is_canonical": true}, {"name": "Hawu", "bcp_47_code": "sk", "locale_id": "lang:005464", "is_canonical": true}, {"name": "hawu", "bcp_47_code": "sl", "locale_id": "lang:004352", "is_canonical": true}, {"name": "Havuisht", "bcp_47_code": "sq", "locale_id": "lang:006275", "is_canonical": true}, {"name": "хаву", "bcp_47_code": "sr", "locale_id": "lang:002701", "is_canonical": true}, {"name": "hawu", "bcp_47_code": "sv", "locale_id": "lang:004782", "is_canonical": true}, {"name": "Kihawu", "bcp_47_code": "sw", "locale_id": "lang:001597", "is_canonical": true}, {"name": "ஹவ்வு", "bcp_47_code": "ta", "locale_id": "lang:002996", "is_canonical": true}, {"name": "హవు", "bcp_47_code": "te", "locale_id": "lang:000508", "is_canonical": true}, {"name": "ฮาวู", "bcp_47_code": "th", "locale_id": "lang:000248", "is_canonical": true}, {"name": "Hawu", "bcp_47_code": "tl", "locale_id": "lang:002540", "is_canonical": true}, {"name": "Hawu", "bcp_47_code": "tr", "locale_id": "lang:000917", "is_canonical": true}, {"name": "хаву", "bcp_47_code": "uk", "locale_id": "lang:001994", "is_canonical": true}, {"name": "ہاؤو", "bcp_47_code": "ur", "locale_id": "lang:001103", "is_canonical": true}, {"name": "havu", "bcp_47_code": "uz", "locale_id": "lang:003386", "is_canonical": true}, {"name": "tiếng Hawu", "bcp_47_code": "vi", "locale_id": "lang:004523", "is_canonical": true}, {"name": "哈乌语", "bcp_47_code": "cmn", "locale_id": "lang:004378", "is_canonical": true}, {"name": "i-Hawu", "bcp_47_code": "zu", "locale_id": "lang:007247", "is_canonical": true}, {"name": "Savunees", "bcp_47_code": "nl", "locale_id": "lang:006448", "is_canonical": null}, {"name": "Lenga Sabu", "bcp_47_code": "pms", "locale_id": "lang:003480", "is_canonical": true}, {"name": "lingua hawu", "bcp_47_code": "it", "locale_id": "lang:005147", "is_canonical": null}, {"name": "língua hawu", "bcp_47_code": "pt", "locale_id": "lang:001977", "is_canonical": null}, {"name": "Hawu", "bcp_47_code": "ilo", "locale_id": "lang:007408", "is_canonical": true}, {"name": "Hawu", "bcp_47_code": "ace", "locale_id": "lang:002724", "is_canonical": true}, {"name": "Hawu", "bcp_47_code": "af", "locale_id": "lang:006849", "is_canonical": null}, {"name": "Hawu", "bcp_47_code": "an", "locale_id": "lang:000439", "is_canonical": true}, {"name": "hawu", "bcp_47_code": "ast", "locale_id": "lang:006965", "is_canonical": true}, {"name": "Hawu", "bcp_47_code": "bar", "locale_id": "lang:002296", "is_canonical": true}, {"name": "hawu", "bcp_47_code": "br", "locale_id": "lang:003643", "is_canonical": true}, {"name": "Hawu", "bcp_47_code": "co", "locale_id": "lang:006406", "is_canonical": true}, {"name": "Hawu", "bcp_47_code": "cy", "locale_id": "lang:005257", "is_canonical": true}, {"name": "hawu", "bcp_47_code": "eo", "locale_id": "lang:001065", "is_canonical": true}, {"name": "hawu", "bcp_47_code": "eu", "locale_id": "lang:004920", "is_canonical": null}, {"name": "Hawu", "bcp_47_code": "frp", "locale_id": "lang:006722", "is_canonical": true}, {"name": "Hawu", "bcp_47_code": "fur", "locale_id": "lang:004668", "is_canonical": true}, {"name": "Hawu", "bcp_47_code": "ga", "locale_id": "lang:005513", "is_canonical": true}, {"name": "Hawu", "bcp_47_code": "gd", "locale_id": "lang:005113", "is_canonical": true}, {"name": "hawu", "bcp_47_code": "ia", "locale_id": "lang:008680", "is_canonical": true}, {"name": "Hawu", "bcp_47_code": "ie", "locale_id": "lang:008683", "is_canonical": true}, {"name": "Hawu", "bcp_47_code": "io", "locale_id": "lang:009754", "is_canonical": true}, {"name": "Hawu", "bcp_47_code": "jv", "locale_id": "lang:006418", "is_canonical": true}, {"name": "Hawu", "bcp_47_code": "kg", "locale_id": "lang:000640", "is_canonical": true}, {"name": "Hawu", "bcp_47_code": "lb", "locale_id": "lang:003324", "is_canonical": true}, {"name": "Hawu", "bcp_47_code": "li", "locale_id": "lang:000599", "is_canonical": true}, {"name": "Hawu", "bcp_47_code": "lij", "locale_id": "lang:004453", "is_canonical": true}, {"name": "Hawu", "bcp_47_code": "mg", "locale_id": "lang:001318", "is_canonical": true}, {"name": "Hawu", "bcp_47_code": "min", "locale_id": "lang:006057", "is_canonical": true}, {"name": "hawu", "bcp_47_code": "nap", "locale_id": "lang:001448", "is_canonical": true}, {"name": "Hawu", "bcp_47_code": "nds", "locale_id": "lang:001710", "is_canonical": true}, {"name": "hawu", "bcp_47_code": "nn", "locale_id": "lang:005019", "is_canonical": true}, {"name": "Hawu", "bcp_47_code": "nrm", "locale_id": "lang:003955", "is_canonical": true}, {"name": "hawu", "bcp_47_code": "oc", "locale_id": "lang:003832", "is_canonical": true}, {"name": "Hawu", "bcp_47_code": "pcd", "locale_id": "lang:004673", "is_canonical": true}, {"name": "Hawu", "bcp_47_code": "rm", "locale_id": "lang:004318", "is_canonical": true}, {"name": "Hawu", "bcp_47_code": "sc", "locale_id": "lang:000376", "is_canonical": true}, {"name": "Hawu", "bcp_47_code": "scn", "locale_id": "lang:002425", "is_canonical": true}, {"name": "Hawu", "bcp_47_code": "sco", "locale_id": "lang:003876", "is_canonical": true}, {"name": "Hawu", "bcp_47_code": "sl", "locale_id": "lang:004352", "is_canonical": null}, {"name": "hawu", "bcp_47_code": "sr", "locale_id": "lang:002701", "is_canonical": null}, {"name": "Hawu", "bcp_47_code": "su", "locale_id": "lang:000207", "is_canonical": true}, {"name": "hawu", "bcp_47_code": "vec", "locale_id": "lang:004329", "is_canonical": true}, {"name": "Hawu", "bcp_47_code": "vi", "locale_id": "lang:004523", "is_canonical": null}, {"name": "Hawu", "bcp_47_code": "vls", "locale_id": "lang:000883", "is_canonical": true}, {"name": "Hawu", "bcp_47_code": "vo", "locale_id": "lang:008677", "is_canonical": true}, {"name": "hawu", "bcp_47_code": "wa", "locale_id": "lang:002518", "is_canonical": true}, {"name": "Hawu", "bcp_47_code": "wo", "locale_id": "lang:003933", "is_canonical": true}, {"name": "Hawu", "bcp_47_code": "zu", "locale_id": "lang:007247", "is_canonical": null}, {"name": "Wikang Hawu", "bcp_47_code": "tl", "locale_id": "lang:002540", "is_canonical": null}, {"name": "Hawu", "bcp_47_code": "ig", "locale_id": "lang:002832", "is_canonical": true}, {"name": "Havunese", "bcp_47_code": "en", "locale_id": "lang:004172", "is_canonical": null}, {"name": "Savu", "bcp_47_code": "en", "locale_id": "lang:004172", "is_canonical": null}, {"name": "Savunese", "bcp_47_code": "en", "locale_id": "lang:004172", "is_canonical": null}, {"name": "Sawu", "bcp_47_code": "en", "locale_id": "lang:004172", "is_canonical": null}, {"name": "Sawunese", "bcp_47_code": "en", "locale_id": "lang:004172", "is_canonical": null}, {"name": "sabu", "bcp_47_code": "fr", "locale_id": "lang:002512", "is_canonical": null}, {"name": "bahasa Hawu", "bcp_47_code": "id", "locale_id": "lang:005344", "is_canonical": null}, {"name": "bahasa Sabu", "bcp_47_code": "id", "locale_id": "lang:005344", "is_canonical": null}, {"name": "asụsụ Hawu", "bcp_47_code": "ig", "locale_id": "lang:002832", "is_canonical": null}, {"name": "Savoenees", "bcp_47_code": "nl", "locale_id": "lang:006448", "is_canonical": null}, {"name": "Hawu", "bcp_47_code": "hvn", "locale_id": "lang:000038", "is_canonical": true}]