[{"name": "Namakura", "bcp_47_code": "en", "locale_id": "lang:004172", "is_canonical": true}, {"name": "namakura", "bcp_47_code": "fr", "locale_id": "lang:002512", "is_canonical": true}, {"name": "Makura", "bcp_47_code": "en", "locale_id": "lang:004172", "is_canonical": null}, {"name": "Kinamakura", "bcp_47_code": "sw", "locale_id": "lang:001597", "is_canonical": true}, {"name": "Lenga Namakura", "bcp_47_code": "pms", "locale_id": "lang:003480", "is_canonical": true}, {"name": "ナマクラ語", "bcp_47_code": "ja", "locale_id": "lang:005185", "is_canonical": true}, {"name": "Makura", "bcp_47_code": "ilo", "locale_id": "lang:007408", "is_canonical": true}, {"name": "Namakura", "bcp_47_code": "bi", "locale_id": "lang:005294", "is_canonical": true}]