[{"name": "Kol", "bcp_47_code": "en", "locale_id": "lang:004172", "is_canonical": true}, {"name": "Kikol", "bcp_47_code": "sw", "locale_id": "lang:001597", "is_canonical": true}, {"name": "Kol", "bcp_47_code": "de", "locale_id": "lang:006636", "is_canonical": true}, {"name": "Lenga Kol", "bcp_47_code": "pms", "locale_id": "lang:003480", "is_canonical": true}, {"name": "kol", "bcp_47_code": "hr", "locale_id": "lang:001280", "is_canonical": true}, {"name": "kol", "bcp_47_code": "es", "locale_id": "lang:005944", "is_canonical": true}, {"name": "kol", "bcp_47_code": "fr", "locale_id": "lang:002512", "is_canonical": true}, {"name": "コル語", "bcp_47_code": "ja", "locale_id": "lang:005185", "is_canonical": true}, {"name": "kol", "bcp_47_code": "nb", "locale_id": "lang:000958", "is_canonical": true}, {"name": "bekol", "bcp_47_code": "fr", "locale_id": "lang:002512", "is_canonical": null}, {"name": "bikele", "bcp_47_code": "fr", "locale_id": "lang:002512", "is_canonical": null}, {"name": "bikele-bikay", "bcp_47_code": "fr", "locale_id": "lang:002512", "is_canonical": null}, {"name": "bikele-bikeng", "bcp_47_code": "fr", "locale_id": "lang:002512", "is_canonical": null}, {"name": "bokol", "bcp_47_code": "fr", "locale_id": "lang:002512", "is_canonical": null}, {"name": "kol", "bcp_47_code": "fi", "locale_id": "lang:005250", "is_canonical": true}, {"name": "Kol (Cameroon)", "bcp_47_code": "en", "locale_id": "lang:004172", "is_canonical": true}]