[{"name": "Tonga", "bcp_47_code": "en", "locale_id": "lang:004172", "is_canonical": true}, {"name": "Kitonga", "bcp_47_code": "sw", "locale_id": "lang:001597", "is_canonical": true}, {"name": "língua tonga", "bcp_47_code": "pt", "locale_id": "lang:001977", "is_canonical": true}, {"name": "Lenga Tonga", "bcp_47_code": "pms", "locale_id": "lang:003480", "is_canonical": true}, {"name": "Chitonga", "bcp_47_code": "de", "locale_id": "lang:006636", "is_canonical": true}, {"name": "トンガ語", "bcp_47_code": "ja", "locale_id": "lang:005185", "is_canonical": true}, {"name": "język tonga", "bcp_47_code": "pl", "locale_id": "lang:001433", "is_canonical": true}, {"name": "tongština", "bcp_47_code": "cs", "locale_id": "lang:007371", "is_canonical": true}, {"name": "Tongčina", "bcp_47_code": "sk", "locale_id": "lang:005464", "is_canonical": true}, {"name": "chitonga", "bcp_47_code": "fr", "locale_id": "lang:002512", "is_canonical": true}, {"name": "tonga", "bcp_47_code": "da", "locale_id": "lang:006478", "is_canonical": true}, {"name": "tonga", "bcp_47_code": "sv", "locale_id": "lang:004782", "is_canonical": true}, {"name": "汤加语", "bcp_47_code": "cmn", "locale_id": "lang:004378", "is_canonical": true}, {"name": "chitonga", "bcp_47_code": "es", "locale_id": "lang:005944", "is_canonical": true}, {"name": "tonga", "bcp_47_code": "hr", "locale_id": "lang:001280", "is_canonical": true}, {"name": "tonga", "bcp_47_code": "ca", "locale_id": "lang:000334", "is_canonical": true}, {"name": "טונגה", "bcp_47_code": "he", "locale_id": "lang:000780", "is_canonical": true}, {"name": "ChiTonga", "bcp_47_code": "sn", "locale_id": "lang:001441", "is_canonical": true}, {"name": "Chitonga", "bcp_47_code": "nl", "locale_id": "lang:006448", "is_canonical": true}, {"name": "tonga", "bcp_47_code": "eu", "locale_id": "lang:004920", "is_canonical": true}, {"name": "Chitonga", "bcp_47_code": "frr", "locale_id": "lang:007274", "is_canonical": true}, {"name": "ĉitonga lingvo", "bcp_47_code": "eo", "locale_id": "lang:001065", "is_canonical": true}, {"name": "Читонга теле", "bcp_47_code": "tt", "locale_id": "lang:003939", "is_canonical": true}, {"name": "통가어", "bcp_47_code": "ko", "locale_id": "lang:000685", "is_canonical": true}, {"name": "टोंगा भाषा", "bcp_47_code": "anp", "locale_id": "lang:007347", "is_canonical": true}, {"name": "ChiTonga", "bcp_47_code": "tum", "locale_id": "lang:006239", "is_canonical": true}, {"name": "Chitonga", "bcp_47_code": "en", "locale_id": "lang:004172", "is_canonical": null}, {"name": "Zambezi", "bcp_47_code": "en", "locale_id": "lang:004172", "is_canonical": null}, {"name": "txitonga", "bcp_47_code": "eu", "locale_id": "lang:004920", "is_canonical": null}, {"name": "zanbeziera", "bcp_47_code": "eu", "locale_id": "lang:004920", "is_canonical": null}, {"name": "tonga hizkuntza", "bcp_47_code": "eu", "locale_id": "lang:004920", "is_canonical": null}, {"name": "zambezi", "bcp_47_code": "fr", "locale_id": "lang:002512", "is_canonical": null}, {"name": "tonga", "bcp_47_code": "fr", "locale_id": "lang:002512", "is_canonical": null}, {"name": "isiTonga", "bcp_47_code": "toi", "locale_id": "lang:000195", "is_canonical": true}, {"name": "Tonga (Zambia)", "bcp_47_code": "en", "locale_id": "lang:004172", "is_canonical": true}]