[{"name": "Carapana", "bcp_47_code": "en", "locale_id": "lang:004172", "is_canonical": true}, {"name": "carapana", "bcp_47_code": "fr", "locale_id": "lang:002512", "is_canonical": true}, {"name": "carapana jezik", "bcp_47_code": "hr", "locale_id": "lang:001280", "is_canonical": true}, {"name": "Lenga carapana", "bcp_47_code": "pms", "locale_id": "lang:003480", "is_canonical": true}, {"name": "карапана", "bcp_47_code": "ru", "locale_id": "lang:006745", "is_canonical": true}, {"name": "Wikang Carapana", "bcp_47_code": "tl", "locale_id": "lang:002540", "is_canonical": true}, {"name": "Lingua carapana", "bcp_47_code": "gl", "locale_id": "lang:006921", "is_canonical": true}, {"name": "carapana", "bcp_47_code": "ca", "locale_id": "lang:000334", "is_canonical": true}, {"name": "carapano", "bcp_47_code": "ca", "locale_id": "lang:000334", "is_canonical": null}, {"name": "karapana", "bcp_47_code": "ca", "locale_id": "lang:000334", "is_canonical": null}, {"name": "mehta", "bcp_47_code": "ca", "locale_id": "lang:000334", "is_canonical": null}, {"name": "mochda", "bcp_47_code": "ca", "locale_id": "lang:000334", "is_canonical": null}]