[{"name": "Sudanese Arabic", "bcp_47_code": "en", "locale_id": "lang:004172", "is_canonical": true}, {"name": "Sudanesisch-Arabisch", "bcp_47_code": "de", "locale_id": "lang:006636", "is_canonical": true}, {"name": "Lenga aràbica sudanèisa", "bcp_47_code": "pms", "locale_id": "lang:003480", "is_canonical": true}, {"name": "arabeg soudan", "bcp_47_code": "br", "locale_id": "lang:003643", "is_canonical": true}, {"name": "sudanski arapski", "bcp_47_code": "sh", "locale_id": "lang:003245", "is_canonical": true}, {"name": "Sudannese Arabic", "bcp_47_code": "en", "locale_id": "lang:004172", "is_canonical": null}, {"name": "sudanski arapski", "bcp_47_code": "hr", "locale_id": "lang:001280", "is_canonical": true}, {"name": "судански арапски јазик", "bcp_47_code": "mk", "locale_id": "lang:001683", "is_canonical": true}, {"name": "لهجة سودانية", "bcp_47_code": "ar", "locale_id": "lang:000884", "is_canonical": true}, {"name": "蘇丹阿拉伯語", "bcp_47_code": "cmn", "locale_id": "lang:004378", "is_canonical": true}, {"name": "アラビア語スーダン方言", "bcp_47_code": "ja", "locale_id": "lang:005185", "is_canonical": true}, {"name": "суданский диалект арабского языка", "bcp_47_code": "ru", "locale_id": "lang:006745", "is_canonical": true}, {"name": "sudana araba lingvo", "bcp_47_code": "eo", "locale_id": "lang:001065", "is_canonical": true}, {"name": "السوداني", "bcp_47_code": "aeb", "locale_id": "lang:006749", "is_canonical": true}, {"name": "سوڈانی عربی", "bcp_47_code": "ur", "locale_id": "lang:001103", "is_canonical": true}, {"name": "árabe sudanés", "bcp_47_code": "ast", "locale_id": "lang:006965", "is_canonical": true}, {"name": "árabe sudanés", "bcp_47_code": "es", "locale_id": "lang:005944", "is_canonical": true}, {"name": "sudanesisk arabisk", "bcp_47_code": "da", "locale_id": "lang:006478", "is_canonical": true}, {"name": "arabe soudanais", "bcp_47_code": "fr", "locale_id": "lang:002512", "is_canonical": true}, {"name": "لهجة سودانية", "bcp_47_code": "arz", "locale_id": "lang:004060", "is_canonical": true}, {"name": "bahasa Arab Sudan", "bcp_47_code": "id", "locale_id": "lang:005344", "is_canonical": true}, {"name": "árabe sudanês", "bcp_47_code": "pt", "locale_id": "lang:001977", "is_canonical": true}, {"name": "عربی سودانی", "bcp_47_code": "fa", "locale_id": "lang:005211", "is_canonical": true}, {"name": "Arabeg Swdan", "bcp_47_code": "cy", "locale_id": "lang:005257", "is_canonical": true}, {"name": "수단 아랍어", "bcp_47_code": "ko", "locale_id": "lang:000685", "is_canonical": true}, {"name": "àrab sudanès", "bcp_47_code": "ca", "locale_id": "lang:000334", "is_canonical": true}, {"name": "sudanska arabščina", "bcp_47_code": "sl", "locale_id": "lang:004352", "is_canonical": true}, {"name": "Sudanesisches Arabisch", "bcp_47_code": "de", "locale_id": "lang:006636", "is_canonical": null}, {"name": "sudanski", "bcp_47_code": "hr", "locale_id": "lang:001280", "is_canonical": null}, {"name": "السورانية", "bcp_47_code": "ar", "locale_id": "lang:000884", "is_canonical": null}, {"name": "لهجه سودانيه", "bcp_47_code": "ar", "locale_id": "lang:000884", "is_canonical": null}, {"name": "العربية السودانية", "bcp_47_code": "ar", "locale_id": "lang:000884", "is_canonical": null}, {"name": "اللهجة السودانية", "bcp_47_code": "ar", "locale_id": "lang:000884", "is_canonical": null}, {"name": "蘇丹口語", "bcp_47_code": "cmn", "locale_id": "lang:004378", "is_canonical": null}, {"name": "لهجة سودانية", "bcp_47_code": "apd", "locale_id": "lang:000226", "is_canonical": true}]