[{"name": "Mundani", "bcp_47_code": "en", "locale_id": "lang:004172", "is_canonical": true}, {"name": "Kimundani", "bcp_47_code": "sw", "locale_id": "lang:001597", "is_canonical": true}, {"name": "Lenga Mundani", "bcp_47_code": "pms", "locale_id": "lang:003480", "is_canonical": true}, {"name": "Mundani", "bcp_47_code": "de", "locale_id": "lang:006636", "is_canonical": true}, {"name": "lingua mundani", "bcp_47_code": "it", "locale_id": "lang:005147", "is_canonical": true}, {"name": "mundani", "bcp_47_code": "fr", "locale_id": "lang:002512", "is_canonical": true}, {"name": "język mundani", "bcp_47_code": "pl", "locale_id": "lang:001433", "is_canonical": true}, {"name": "mundani", "bcp_47_code": "oc", "locale_id": "lang:003832", "is_canonical": true}, {"name": "mundani", "bcp_47_code": "vec", "locale_id": "lang:004329", "is_canonical": true}]