[{"name": "Kaiep", "bcp_47_code": "en", "locale_id": "lang:004172", "is_canonical": true}, {"name": "Lenga Kaiep", "bcp_47_code": "pms", "locale_id": "lang:003480", "is_canonical": true}, {"name": "Kikaiep", "bcp_47_code": "sw", "locale_id": "lang:001597", "is_canonical": true}, {"name": "кајепски јазик", "bcp_47_code": "mk", "locale_id": "lang:001683", "is_canonical": true}, {"name": "Kaiep", "bcp_47_code": "ilo", "locale_id": "lang:007408", "is_canonical": true}, {"name": "Kaiepki", "bcp_47_code": "diq", "locale_id": "lang:003839", "is_canonical": true}, {"name": "kaiep", "bcp_47_code": "fr", "locale_id": "lang:002512", "is_canonical": true}]