[{"name": "Cross River Mbembe", "bcp_47_code": "en", "locale_id": "lang:004172", "is_canonical": true}, {"name": "Kimbembe ya Cross River", "bcp_47_code": "sw", "locale_id": "lang:001597", "is_canonical": true}, {"name": "Cross River Lenga Mbembe", "bcp_47_code": "pms", "locale_id": "lang:003480", "is_canonical": true}, {"name": "Mbembe", "bcp_47_code": "en", "locale_id": "lang:004172", "is_canonical": null}, {"name": "mbembe", "bcp_47_code": "ca", "locale_id": "lang:000334", "is_canonical": true}, {"name": "mbembe cross river", "bcp_47_code": "fr", "locale_id": "lang:002512", "is_canonical": true}, {"name": "język mbembe", "bcp_47_code": "pl", "locale_id": "lang:001433", "is_canonical": true}, {"name": "Wikang Mbembe", "bcp_47_code": "tl", "locale_id": "lang:002540", "is_canonical": true}, {"name": "Mbembe", "bcp_47_code": "ig", "locale_id": "lang:002832", "is_canonical": true}, {"name": "mbembe de cross river", "bcp_47_code": "ca", "locale_id": "lang:000334", "is_canonical": null}]