[{"name": "Pei", "bcp_47_code": "en", "locale_id": "lang:004172", "is_canonical": true}, {"name": "Lenga Pei", "bcp_47_code": "pms", "locale_id": "lang:003480", "is_canonical": true}, {"name": "peieg", "bcp_47_code": "br", "locale_id": "lang:003643", "is_canonical": true}, {"name": "Kipei", "bcp_47_code": "sw", "locale_id": "lang:001597", "is_canonical": true}, {"name": "język pai", "bcp_47_code": "pl", "locale_id": "lang:001433", "is_canonical": true}, {"name": "Pei", "bcp_47_code": "ilo", "locale_id": "lang:007408", "is_canonical": true}, {"name": "pei", "bcp_47_code": "fr", "locale_id": "lang:002512", "is_canonical": true}, {"name": "Peiki", "bcp_47_code": "diq", "locale_id": "lang:003839", "is_canonical": true}]