[{"name": "амхар", "bcp_47_code": "ab", "locale_id": "lang:006291", "is_canonical": true}, {"name": "Amharies", "bcp_47_code": "af", "locale_id": "lang:006849", "is_canonical": true}, {"name": "Àmalì", "bcp_47_code": "agq", "locale_id": "lang:004648", "is_canonical": true}, {"name": "Amarik", "bcp_47_code": "ak", "locale_id": "lang:002020", "is_canonical": true}, {"name": "الأمهرية", "bcp_47_code": "ar", "locale_id": "lang:000884", "is_canonical": true}, {"name": "আমহাৰিক", "bcp_47_code": "as", "locale_id": "lang:003208", "is_canonical": true}, {"name": "Kiamhari", "bcp_47_code": "asa", "locale_id": "lang:007029", "is_canonical": true}, {"name": "amháricu", "bcp_47_code": "ast", "locale_id": "lang:006965", "is_canonical": true}, {"name": "amhar", "bcp_47_code": "az", "locale_id": "lang:000492", "is_canonical": true}, {"name": "Hɔp u amhārìk", "bcp_47_code": "bas", "locale_id": "lang:003426", "is_canonical": true}, {"name": "амхарская", "bcp_47_code": "be", "locale_id": "lang:004942", "is_canonical": true}, {"name": "Ichi Amhari", "bcp_47_code": "bem", "locale_id": "lang:003222", "is_canonical": true}, {"name": "Hiamhari", "bcp_47_code": "bez", "locale_id": "lang:005069", "is_canonical": true}, {"name": "амхарски", "bcp_47_code": "bg", "locale_id": "lang:003294", "is_canonical": true}, {"name": "امهاری", "bcp_47_code": "bgn", "locale_id": "lang:004443", "is_canonical": true}, {"name": "amarikikan", "bcp_47_code": "bm", "locale_id": "lang:005431", "is_canonical": true}, {"name": "আমহারিক", "bcp_47_code": "bn", "locale_id": "lang:000178", "is_canonical": true}, {"name": "amhareg", "bcp_47_code": "br", "locale_id": "lang:003643", "is_canonical": true}, {"name": "आम्हारिक", "bcp_47_code": "brx", "locale_id": "lang:003716", "is_canonical": true}, {"name": "amharski", "bcp_47_code": "bs", "locale_id": "lang:005177", "is_canonical": true}, {"name": "አማርኛ", "bcp_47_code": "byn", "locale_id": "lang:001586", "is_canonical": true}, {"name": "amhàric", "bcp_47_code": "ca", "locale_id": "lang:000334", "is_canonical": true}, {"name": "𑄃𑄟𑄴𑄦𑄢𑄨𑄇𑄴", "bcp_47_code": "ccp", "locale_id": "lang:004815", "is_canonical": true}, {"name": "амхаройн", "bcp_47_code": "ce", "locale_id": "lang:000120", "is_canonical": true}, {"name": "Orumariki", "bcp_47_code": "cgg", "locale_id": "lang:005459", "is_canonical": true}, {"name": "ᎠᎹᎭᎵᎩ", "bcp_47_code": "chr", "locale_id": "lang:004490", "is_canonical": true}, {"name": "ئەمھەری", "bcp_47_code": "ckb", "locale_id": "lang:002255", "is_canonical": true}, {"name": "amharština", "bcp_47_code": "cs", "locale_id": "lang:007371", "is_canonical": true}, {"name": "Amhareg", "bcp_47_code": "cy", "locale_id": "lang:005257", "is_canonical": true}, {"name": "amharisk", "bcp_47_code": "da", "locale_id": "lang:006478", "is_canonical": true}, {"name": "Kiamhari", "bcp_47_code": "dav", "locale_id": "lang:003374", "is_canonical": true}, {"name": "Amharisch", "bcp_47_code": "de", "locale_id": "lang:006636", "is_canonical": true}, {"name": "Amhaarik senni", "bcp_47_code": "dje", "locale_id": "lang:004856", "is_canonical": true}, {"name": "amharšćina", "bcp_47_code": "dsb", "locale_id": "lang:007093", "is_canonical": true}, {"name": "amharik", "bcp_47_code": "dyo", "locale_id": "lang:003346", "is_canonical": true}, {"name": "ཨམ་ཧ་རིཀ་ཁ", "bcp_47_code": "dz", "locale_id": "lang:001019", "is_canonical": true}, {"name": "Kĩamhari", "bcp_47_code": "ebu", "locale_id": "lang:007173", "is_canonical": true}, {"name": "amhariagbe", "bcp_47_code": "ee", "locale_id": "lang:007099", "is_canonical": true}, {"name": "Αμχαρικά", "bcp_47_code": "el", "locale_id": "lang:002331", "is_canonical": true}, {"name": "amhara", "bcp_47_code": "eo", "locale_id": "lang:001065", "is_canonical": true}, {"name": "amárico", "bcp_47_code": "es", "locale_id": "lang:005944", "is_canonical": true}, {"name": "amhara", "bcp_47_code": "et", "locale_id": "lang:007279", "is_canonical": true}, {"name": "amharera", "bcp_47_code": "eu", "locale_id": "lang:004920", "is_canonical": true}, {"name": "Ǹkɔ́bɔ amária", "bcp_47_code": "ewo", "locale_id": "lang:001026", "is_canonical": true}, {"name": "امهری", "bcp_47_code": "fa", "locale_id": "lang:005211", "is_canonical": true}, {"name": "Amarik", "bcp_47_code": "ff", "locale_id": "lang:002404", "is_canonical": true}, {"name": "amhara", "bcp_47_code": "fi", "locale_id": "lang:005250", "is_canonical": true}, {"name": "Amharic", "bcp_47_code": "fil", "locale_id": "lang:004854", "is_canonical": true}, {"name": "amhariskt", "bcp_47_code": "fo", "locale_id": "lang:005789", "is_canonical": true}, {"name": "amharique", "bcp_47_code": "fr", "locale_id": "lang:002512", "is_canonical": true}, {"name": "amaric", "bcp_47_code": "fur", "locale_id": "lang:004668", "is_canonical": true}, {"name": "Amhaarsk", "bcp_47_code": "fy", "locale_id": "lang:000608", "is_canonical": true}, {"name": "Amáiris", "bcp_47_code": "ga", "locale_id": "lang:005513", "is_canonical": true}, {"name": "Amharic", "bcp_47_code": "gaa", "locale_id": "lang:006506", "is_canonical": true}, {"name": "Amtharais", "bcp_47_code": "gd", "locale_id": "lang:005113", "is_canonical": true}, {"name": "አምሐረኛ", "bcp_47_code": "gez", "locale_id": null, "is_canonical": true}, {"name": "amhárico", "bcp_47_code": "gl", "locale_id": "lang:006921", "is_canonical": true}, {"name": "Amharisch", "bcp_47_code": "gsw", "locale_id": "lang:006414", "is_canonical": true}, {"name": "એમ્હારિક", "bcp_47_code": "gu", "locale_id": "lang:006797", "is_canonical": true}, {"name": "Kiamhari", "bcp_47_code": "guz", "locale_id": "lang:004898", "is_canonical": true}, {"name": "Amharik", "bcp_47_code": "ha", "locale_id": "lang:006769", "is_canonical": true}, {"name": "אמהרית", "bcp_47_code": "he", "locale_id": "lang:000780", "is_canonical": true}, {"name": "अम्हेरी", "bcp_47_code": "hi", "locale_id": "lang:005010", "is_canonical": true}, {"name": "amharski", "bcp_47_code": "hr", "locale_id": "lang:001280", "is_canonical": true}, {"name": "amharšćina", "bcp_47_code": "hsb", "locale_id": "lang:002868", "is_canonical": true}, {"name": "amhara", "bcp_47_code": "hu", "locale_id": "lang:004445", "is_canonical": true}, {"name": "ամհարերեն", "bcp_47_code": "hy", "locale_id": "lang:006918", "is_canonical": true}, {"name": "amharico", "bcp_47_code": "ia", "locale_id": "lang:008680", "is_canonical": true}, {"name": "Amharik", "bcp_47_code": "id", "locale_id": "lang:005344", "is_canonical": true}, {"name": "Amariikị", "bcp_47_code": "ig", "locale_id": "lang:002832", "is_canonical": true}, {"name": "amharíska", "bcp_47_code": "is", "locale_id": "lang:006417", "is_canonical": true}, {"name": "amarico", "bcp_47_code": "it", "locale_id": "lang:005147", "is_canonical": true}, {"name": "アムハラ語", "bcp_47_code": "ja", "locale_id": "lang:005185", "is_canonical": true}, {"name": "Kiamharyi", "bcp_47_code": "jmc", "locale_id": "lang:001895", "is_canonical": true}, {"name": "Amharik", "bcp_47_code": "jv", "locale_id": "lang:006418", "is_canonical": true}, {"name": "ამჰარული", "bcp_47_code": "ka", "locale_id": "lang:005687", "is_canonical": true}, {"name": "Tamahrict", "bcp_47_code": "kab", "locale_id": "lang:002124", "is_canonical": true}, {"name": "Kiamhari", "bcp_47_code": "kam", "locale_id": "lang:003568", "is_canonical": true}, {"name": "Chamhali", "bcp_47_code": "kde", "locale_id": "lang:007289", "is_canonical": true}, {"name": "amáriku", "bcp_47_code": "kea", "locale_id": "lang:000423", "is_canonical": true}, {"name": "amỹriko", "bcp_47_code": "kgp", "locale_id": "lang:005254", "is_canonical": true}, {"name": "Amhaarik senni", "bcp_47_code": "khq", "locale_id": "lang:006293", "is_canonical": true}, {"name": "Kiamhari", "bcp_47_code": "ki", "locale_id": "lang:005415", "is_canonical": true}, {"name": "амхар тілі", "bcp_47_code": "kk", "locale_id": "lang:001017", "is_canonical": true}, {"name": "kutitab Amariek", "bcp_47_code": "kln", "locale_id": "lang:002016", "is_canonical": true}, {"name": "អាំហារិក", "bcp_47_code": "km", "locale_id": "lang:000690", "is_canonical": true}, {"name": "ಅಂಹರಿಕ್", "bcp_47_code": "kn", "locale_id": "lang:006289", "is_canonical": true}, {"name": "암하라어", "bcp_47_code": "ko", "locale_id": "lang:000685", "is_canonical": true}, {"name": "अमहारिक्", "bcp_47_code": "kok", "locale_id": "lang:001978", "is_canonical": true}, {"name": "اَمہاری", "bcp_47_code": "ks", "locale_id": "lang:004361", "is_canonical": true}, {"name": "Kiamhali", "bcp_47_code": "ksb", "locale_id": "lang:004590", "is_canonical": true}, {"name": "riamarik", "bcp_47_code": "ksf", "locale_id": "lang:007111", "is_canonical": true}, {"name": "Amhahresch", "bcp_47_code": "ksh", "locale_id": "lang:000776", "is_canonical": true}, {"name": "amharî", "bcp_47_code": "ku", "locale_id": "lang:003565", "is_canonical": true}, {"name": "амхарча", "bcp_47_code": "ky", "locale_id": "lang:003193", "is_canonical": true}, {"name": "Amharica", "bcp_47_code": "la", "locale_id": "lang:016110", "is_canonical": true}, {"name": "Kɨmʉháari", "bcp_47_code": "lag", "locale_id": "lang:000744", "is_canonical": true}, {"name": "Amharesch", "bcp_47_code": "lb", "locale_id": "lang:003324", "is_canonical": true}, {"name": "Lu-amhariki", "bcp_47_code": "lg", "locale_id": "lang:001842", "is_canonical": true}, {"name": "amarico", "bcp_47_code": "lij", "locale_id": "lang:004453", "is_canonical": true}, {"name": "Amharic Iyápi", "bcp_47_code": "lkt", "locale_id": "lang:002236", "is_canonical": true}, {"name": "liamariki", "bcp_47_code": "ln", "locale_id": "lang:005075", "is_canonical": true}, {"name": "ອຳຮາຣິກ", "bcp_47_code": "lo", "locale_id": "lang:002848", "is_canonical": true}, {"name": "أمھأری", "bcp_47_code": "lrc", "locale_id": "lang:001958", "is_canonical": true}, {"name": "amharų", "bcp_47_code": "lt", "locale_id": "lang:000996", "is_canonical": true}, {"name": "Liamhariki", "bcp_47_code": "lu", "locale_id": "lang:001871", "is_canonical": true}, {"name": "Kiamhari", "bcp_47_code": "luo", "locale_id": "lang:004339", "is_canonical": true}, {"name": "Kiamhari", "bcp_47_code": "luy", "locale_id": "lang:004004", "is_canonical": true}, {"name": "amharu", "bcp_47_code": "lv", "locale_id": "lang:006606", "is_canonical": true}, {"name": "अम्हरिक", "bcp_47_code": "mai", "locale_id": "lang:005797", "is_canonical": true}, {"name": "nkʉtʉ́k ɔ́ɔ̄ lAmhari", "bcp_47_code": "mas", "locale_id": "lang:004935", "is_canonical": true}, {"name": "Kĩamarĩki", "bcp_47_code": "mer", "locale_id": "lang:001566", "is_canonical": true}, {"name": "amarik", "bcp_47_code": "mfe", "locale_id": "lang:003300", "is_canonical": true}, {"name": "Amharika", "bcp_47_code": "mg", "locale_id": "lang:001318", "is_canonical": true}, {"name": "Imhari", "bcp_47_code": "mgh", "locale_id": "lang:001239", "is_canonical": true}, {"name": "Amahereka", "bcp_47_code": "mi", "locale_id": "lang:005897", "is_canonical": true}, {"name": "амхарски", "bcp_47_code": "mk", "locale_id": "lang:001683", "is_canonical": true}, {"name": "അംഹാരിക്", "bcp_47_code": "ml", "locale_id": "lang:001880", "is_canonical": true}, {"name": "амхар", "bcp_47_code": "mn", "locale_id": "lang:005506", "is_canonical": true}, {"name": "अम्हारिक", "bcp_47_code": "mr", "locale_id": "lang:003376", "is_canonical": true}, {"name": "Amharic", "bcp_47_code": "ms", "locale_id": "lang:001263", "is_canonical": true}, {"name": "Amhariku", "bcp_47_code": "mt", "locale_id": "lang:004371", "is_canonical": true}, {"name": "amharik", "bcp_47_code": "mua", "locale_id": "lang:002575", "is_canonical": true}, {"name": "အမ်ဟာရစ်ခ်", "bcp_47_code": "my", "locale_id": "lang:004196", "is_canonical": true}, {"name": "امهری", "bcp_47_code": "mzn", "locale_id": "lang:005912", "is_canonical": true}, {"name": "Amharicgowab", "bcp_47_code": "naq", "locale_id": "lang:003962", "is_canonical": true}, {"name": "isi-Amaharikhi", "bcp_47_code": "nd", "locale_id": "lang:004207", "is_canonical": true}, {"name": "Amhaarsch", "bcp_47_code": "nds", "locale_id": "lang:001710", "is_canonical": true}, {"name": "अम्हारिक", "bcp_47_code": "ne", "locale_id": "lang:004630", "is_canonical": true}, {"name": "Amhaars", "bcp_47_code": "nl", "locale_id": "lang:006448", "is_canonical": true}, {"name": "Kiɛl amaria", "bcp_47_code": "nmg", "locale_id": "lang:003100", "is_canonical": true}, {"name": "amharisk", "bcp_47_code": "no", "locale_id": "lang:002536", "is_canonical": true}, {"name": "ߊߡߑߤߊߙߌ", "bcp_47_code": "nqo", "locale_id": "lang:006401", "is_canonical": true}, {"name": "Thok bunyni", "bcp_47_code": "nus", "locale_id": "lang:004151", "is_canonical": true}, {"name": "Orumariki", "bcp_47_code": "nyn", "locale_id": "lang:004636", "is_canonical": true}, {"name": "amaric", "bcp_47_code": "oc", "locale_id": "lang:003832", "is_canonical": true}, {"name": "Afaan Sidaamaa", "bcp_47_code": "om", "locale_id": "lang:000417", "is_canonical": true}, {"name": "ଆମହାରକି", "bcp_47_code": "or", "locale_id": "lang:001930", "is_canonical": true}, {"name": "ਅਮਹਾਰਿਕ", "bcp_47_code": "pa", "locale_id": "lang:003658", "is_canonical": true}, {"name": "Amhárík Lángwej", "bcp_47_code": "pcm", "locale_id": "lang:002108", "is_canonical": true}, {"name": "amharski", "bcp_47_code": "pl", "locale_id": "lang:001433", "is_canonical": true}, {"name": "امهاري", "bcp_47_code": "ps", "locale_id": "lang:006281", "is_canonical": true}, {"name": "amárico", "bcp_47_code": "pt", "locale_id": "lang:001977", "is_canonical": true}, {"name": "Amarico Simi", "bcp_47_code": "qu", "locale_id": "lang:000991", "is_canonical": true}, {"name": "amaric", "bcp_47_code": "rm", "locale_id": "lang:004318", "is_canonical": true}, {"name": "Ikimuhariki", "bcp_47_code": "rn", "locale_id": "lang:006276", "is_canonical": true}, {"name": "amharică", "bcp_47_code": "ro", "locale_id": "lang:006592", "is_canonical": true}, {"name": "Kiamhari", "bcp_47_code": "rof", "locale_id": "lang:006768", "is_canonical": true}, {"name": "амхарский", "bcp_47_code": "ru", "locale_id": "lang:006745", "is_canonical": true}, {"name": "Inyamuhariki", "bcp_47_code": "rw", "locale_id": "lang:005054", "is_canonical": true}, {"name": "Kiamharyi", "bcp_47_code": "rwk", "locale_id": "lang:007338", "is_canonical": true}, {"name": "अंहाऱिक्", "bcp_47_code": "sa", "locale_id": "lang:012325", "is_canonical": true}, {"name": "Амхаардыы", "bcp_47_code": "sah", "locale_id": "lang:000767", "is_canonical": true}, {"name": "Kiamhari", "bcp_47_code": "saq", "locale_id": "lang:006513", "is_canonical": true}, {"name": "ᱟᱢᱦᱟᱨᱤᱠ", "bcp_47_code": "sat", "locale_id": "lang:006025", "is_canonical": true}, {"name": "Ishiyamuhali", "bcp_47_code": "sbp", "locale_id": "lang:003813", "is_canonical": true}, {"name": "amàricu", "bcp_47_code": "sc", "locale_id": "lang:000376", "is_canonical": true}, {"name": "amàricu", "bcp_47_code": "scn", "locale_id": "lang:002425", "is_canonical": true}, {"name": "امهاري", "bcp_47_code": "sd", "locale_id": "lang:002987", "is_canonical": true}, {"name": "amárico", "bcp_47_code": "seh", "locale_id": "lang:002170", "is_canonical": true}, {"name": "Amhaarik senni", "bcp_47_code": "ses", "locale_id": "lang:002112", "is_canonical": true}, {"name": "Amarîki", "bcp_47_code": "sg", "locale_id": "lang:004056", "is_canonical": true}, {"name": "ⵜⴰⵎⵀⴰⵔⵉⵜ", "bcp_47_code": "shi", "locale_id": "lang:002825", "is_canonical": true}, {"name": "ඇම්හාරික්", "bcp_47_code": "si", "locale_id": "lang:000326", "is_canonical": true}, {"name": "amharčina", "bcp_47_code": "sk", "locale_id": "lang:005464", "is_canonical": true}, {"name": "amharščina", "bcp_47_code": "sl", "locale_id": "lang:004352", "is_canonical": true}, {"name": "amharakielâ", "bcp_47_code": "smn", "locale_id": "lang:000203", "is_canonical": true}, {"name": "chiAmaric", "bcp_47_code": "sn", "locale_id": "lang:001441", "is_canonical": true}, {"name": "Axmaar", "bcp_47_code": "so", "locale_id": "lang:000435", "is_canonical": true}, {"name": "amarisht", "bcp_47_code": "sq", "locale_id": "lang:006275", "is_canonical": true}, {"name": "амхарски", "bcp_47_code": "sr", "locale_id": "lang:002701", "is_canonical": true}, {"name": "Se-amhari", "bcp_47_code": "st", "locale_id": "lang:004234", "is_canonical": true}, {"name": "amhariska", "bcp_47_code": "sv", "locale_id": "lang:004782", "is_canonical": true}, {"name": "Kiamhari", "bcp_47_code": "sw", "locale_id": "lang:001597", "is_canonical": true}, {"name": "ܐܡܪܢܝܬ", "bcp_47_code": "syr", "locale_id": "lang:004211", "is_canonical": true}, {"name": "amharski", "bcp_47_code": "szl", "locale_id": "lang:002207", "is_canonical": true}, {"name": "அம்ஹாரிக்", "bcp_47_code": "ta", "locale_id": "lang:002996", "is_canonical": true}, {"name": "అమ్హారిక్", "bcp_47_code": "te", "locale_id": "lang:000508", "is_canonical": true}, {"name": "Kiamhari", "bcp_47_code": "teo", "locale_id": "lang:002338", "is_canonical": true}, {"name": "амҳарӣ", "bcp_47_code": "tg", "locale_id": "lang:002532", "is_canonical": true}, {"name": "อัมฮารา", "bcp_47_code": "th", "locale_id": "lang:000248", "is_canonical": true}, {"name": "ኣምሓርኛ", "bcp_47_code": "ti", "locale_id": "lang:002196", "is_canonical": true}, {"name": "አምሐረኛ", "bcp_47_code": "tig", "locale_id": "lang:005434", "is_canonical": true}, {"name": "amhar dili", "bcp_47_code": "tk", "locale_id": "lang:002001", "is_canonical": true}, {"name": "Amhariki", "bcp_47_code": "tn", "locale_id": "lang:004062", "is_canonical": true}, {"name": "lea fakaʻameliki", "bcp_47_code": "to", "locale_id": "lang:006037", "is_canonical": true}, {"name": "Amharca", "bcp_47_code": "tr", "locale_id": "lang:000917", "is_canonical": true}, {"name": "امھاریک", "bcp_47_code": "trw", "locale_id": "lang:000858", "is_canonical": true}, {"name": "амхар", "bcp_47_code": "tt", "locale_id": "lang:003939", "is_canonical": true}, {"name": "Amhaarik senni", "bcp_47_code": "twq", "locale_id": "lang:005507", "is_canonical": true}, {"name": "Tamharit", "bcp_47_code": "tzm", "locale_id": "lang:003406", "is_canonical": true}, {"name": "ئامھارچە", "bcp_47_code": "ug", "locale_id": "lang:003330", "is_canonical": true}, {"name": "амхарська", "bcp_47_code": "uk", "locale_id": "lang:001994", "is_canonical": true}, {"name": "امہاری", "bcp_47_code": "ur", "locale_id": "lang:001103", "is_canonical": true}, {"name": "amxar", "bcp_47_code": "uz", "locale_id": "lang:003386", "is_canonical": true}, {"name": "ꕉꕆꕌꔸ", "bcp_47_code": "vai", "locale_id": "lang:004899", "is_canonical": true}, {"name": "amàrego", "bcp_47_code": "vec", "locale_id": "lang:004329", "is_canonical": true}, {"name": "tiếng Amharic", "bcp_47_code": "vi", "locale_id": "lang:004523", "is_canonical": true}, {"name": "Kiamharyi", "bcp_47_code": "vun", "locale_id": "lang:004644", "is_canonical": true}, {"name": "Amhariš", "bcp_47_code": "wae", "locale_id": "lang:001423", "is_canonical": true}, {"name": "Amharik", "bcp_47_code": "wo", "locale_id": "lang:003933", "is_canonical": true}, {"name": "isi-Amharic", "bcp_47_code": "xh", "locale_id": "lang:002158", "is_canonical": true}, {"name": "Oluamhariki", "bcp_47_code": "xog", "locale_id": "lang:000562", "is_canonical": true}, {"name": "amalíke", "bcp_47_code": "yav", "locale_id": "lang:004426", "is_canonical": true}, {"name": "אַמהאַריש", "bcp_47_code": "yi", "locale_id": "lang:002081", "is_canonical": true}, {"name": "Èdè Amariki", "bcp_47_code": "yo", "locale_id": "lang:003132", "is_canonical": true}, {"name": "amáriku", "bcp_47_code": "yrl", "locale_id": "lang:006863", "is_canonical": true}, {"name": "阿姆哈拉文", "bcp_47_code": "yue", "locale_id": "lang:005108", "is_canonical": true}, {"name": "ⵜⴰⵎⵀⴰⵔⵉⵜ", "bcp_47_code": "zgh", "locale_id": "lang:000663", "is_canonical": true}, {"name": "阿姆哈拉语", "bcp_47_code": "cmn", "locale_id": "lang:004378", "is_canonical": true}, {"name": "isi-Amharic", "bcp_47_code": "zu", "locale_id": "lang:007247", "is_canonical": true}, {"name": "amhar dili", "bcp_47_code": "az", "locale_id": "lang:000492", "is_canonical": null}, {"name": "амхарская мова", "bcp_47_code": "be", "locale_id": "lang:004942", "is_canonical": null}, {"name": "амхарски език", "bcp_47_code": "bg", "locale_id": "lang:003294", "is_canonical": null}, {"name": "Bahasa Amhar", "bcp_47_code": "bjn", "locale_id": "lang:000396", "is_canonical": true}, {"name": "আমহারীয় ভাষা", "bcp_47_code": "bn", "locale_id": "lang:000178", "is_canonical": null}, {"name": "amharski jezik", "bcp_47_code": "bs", "locale_id": "lang:005177", "is_canonical": null}, {"name": "زمانی ئەمھەری", "bcp_47_code": "ckb", "locale_id": "lang:002255", "is_canonical": null}, {"name": "Амхарьскъ ѩꙁꙑкъ", "bcp_47_code": "cu", "locale_id": "lang:016112", "is_canonical": true}, {"name": "Αμχαρική γλώσσα", "bcp_47_code": "el", "locale_id": "lang:002331", "is_canonical": null}, {"name": "amhara lingvo", "bcp_47_code": "eo", "locale_id": "lang:001065", "is_canonical": null}, {"name": "amhárico", "bcp_47_code": "es", "locale_id": "lang:005944", "is_canonical": null}, {"name": "amhara keel", "bcp_47_code": "et", "locale_id": "lang:007279", "is_canonical": null}, {"name": "زبان امهری", "bcp_47_code": "fa", "locale_id": "lang:005211", "is_canonical": null}, {"name": "amharan kieli", "bcp_47_code": "fi", "locale_id": "lang:005250", "is_canonical": null}, {"name": "An Amairis", "bcp_47_code": "ga", "locale_id": "lang:005513", "is_canonical": null}, {"name": "અમ્હારિક ભાષા", "bcp_47_code": "gu", "locale_id": "lang:006797", "is_canonical": null}, {"name": "अम्हारिक", "bcp_47_code": "hi", "locale_id": "lang:005010", "is_canonical": null}, {"name": "Amharic bhasa", "bcp_47_code": "hif", "locale_id": "lang:004553", "is_canonical": true}, {"name": "amharski jezik", "bcp_47_code": "hr", "locale_id": "lang:001280", "is_canonical": null}, {"name": "bahasa Amhar", "bcp_47_code": "id", "locale_id": "lang:005344", "is_canonical": null}, {"name": "Amhara linguo", "bcp_47_code": "io", "locale_id": "lang:009754", "is_canonical": true}, {"name": "ამჰარული ენა", "bcp_47_code": "ka", "locale_id": "lang:005687", "is_canonical": null}, {"name": "Амхара кыв", "bcp_47_code": "kv", "locale_id": "lang:000812", "is_canonical": true}, {"name": "Amharek", "bcp_47_code": "kw", "locale_id": "lang:007183", "is_canonical": true}, {"name": "Амхар чӀал", "bcp_47_code": "lez", "locale_id": "lang:006686", "is_canonical": true}, {"name": "Lengua amharica", "bcp_47_code": "lij", "locale_id": "lang:004453", "is_canonical": null}, {"name": "amharų kalba", "bcp_47_code": "lt", "locale_id": "lang:000996", "is_canonical": null}, {"name": "amharu valoda", "bcp_47_code": "lv", "locale_id": "lang:006606", "is_canonical": null}, {"name": "Fiteny amharika", "bcp_47_code": "mg", "locale_id": "lang:001318", "is_canonical": null}, {"name": "амхарски јазик", "bcp_47_code": "mk", "locale_id": "lang:001683", "is_canonical": null}, {"name": "അംഹാറിക്ക്", "bcp_47_code": "ml", "locale_id": "lang:001880", "is_canonical": null}, {"name": "अम्हारिक भाषा", "bcp_47_code": "mr", "locale_id": "lang:003376", "is_canonical": null}, {"name": "Bahasa Amhara", "bcp_47_code": "ms", "locale_id": "lang:001263", "is_canonical": null}, {"name": "आम्हारिक भाषा", "bcp_47_code": "new", "locale_id": "lang:004118", "is_canonical": true}, {"name": "amharisk", "bcp_47_code": "nn", "locale_id": "lang:005019", "is_canonical": true}, {"name": "język amharski", "bcp_47_code": "pl", "locale_id": "lang:001433", "is_canonical": null}, {"name": "Lenga amàrica", "bcp_47_code": "pms", "locale_id": "lang:003480", "is_canonical": true}, {"name": "امہاری", "bcp_47_code": "pnb", "locale_id": "lang:003334", "is_canonical": true}, {"name": "língua amárica", "bcp_47_code": "pt", "locale_id": "lang:001977", "is_canonical": null}, {"name": "Amhara simi", "bcp_47_code": "qu", "locale_id": "lang:000991", "is_canonical": null}, {"name": "limba amharică", "bcp_47_code": "ro", "locale_id": "lang:006592", "is_canonical": null}, {"name": "амхарский язык", "bcp_47_code": "ru", "locale_id": "lang:006745", "is_canonical": null}, {"name": "limba amarica", "bcp_47_code": "sc", "locale_id": "lang:000376", "is_canonical": null}, {"name": "amharski jezik", "bcp_47_code": "sh", "locale_id": "lang:003245", "is_canonical": true}, {"name": "Amxaari", "bcp_47_code": "so", "locale_id": "lang:000435", "is_canonical": null}, {"name": "амхарски језик", "bcp_47_code": "sr", "locale_id": "lang:002701", "is_canonical": null}, {"name": "அம்காரியம்", "bcp_47_code": "ta", "locale_id": "lang:002996", "is_canonical": null}, {"name": "ቋንቋ ኣምሓርኛ", "bcp_47_code": "ti", "locale_id": "lang:002196", "is_canonical": null}, {"name": "ئامخارا تىلى", "bcp_47_code": "ug", "locale_id": "lang:003330", "is_canonical": null}, {"name": "амхарська мова", "bcp_47_code": "uk", "locale_id": "lang:001994", "is_canonical": null}, {"name": "tiếng Amhara", "bcp_47_code": "vi", "locale_id": "lang:004523", "is_canonical": null}, {"name": "Èdè Àmháríkì", "bcp_47_code": "yo", "locale_id": "lang:003132", "is_canonical": null}, {"name": "amharisk", "bcp_47_code": "nb", "locale_id": "lang:000958", "is_canonical": true}, {"name": "Amharish", "bcp_47_code": "gv", "locale_id": "lang:002789", "is_canonical": true}, {"name": "amharagiella", "bcp_47_code": "se", "locale_id": "lang:000771", "is_canonical": true}, {"name": "Â-mê-ha̍p-lâ-ngî", "bcp_47_code": "hak", "locale_id": "lang:002711", "is_canonical": true}, {"name": "Idioma amarico", "bcp_47_code": "an", "locale_id": "lang:000439", "is_canonical": true}, {"name": "ਅਮਹਾਰੀ", "bcp_47_code": "pa", "locale_id": "lang:003658", "is_canonical": null}, {"name": "Lingua amhárica", "bcp_47_code": "gl", "locale_id": "lang:006921", "is_canonical": null}, {"name": "amhara tili", "bcp_47_code": "uz", "locale_id": "lang:003386", "is_canonical": null}, {"name": "амхарийн мотт", "bcp_47_code": "ce", "locale_id": "lang:000120", "is_canonical": null}, {"name": "Amariko", "bcp_47_code": "ilo", "locale_id": "lang:007408", "is_canonical": true}, {"name": "Amharu kalba", "bcp_47_code": "sgs", "locale_id": "lang:005783", "is_canonical": true}, {"name": "Amarais", "bcp_47_code": "gd", "locale_id": "lang:005113", "is_canonical": null}, {"name": "امہری زبان", "bcp_47_code": "ur", "locale_id": "lang:001103", "is_canonical": null}, {"name": "Amharice", "bcp_47_code": "la", "locale_id": "lang:016110", "is_canonical": null}, {"name": "Amharisk", "bcp_47_code": "frr", "locale_id": "lang:007274", "is_canonical": true}, {"name": "Seamhare", "bcp_47_code": "nso", "locale_id": "lang:005268", "is_canonical": true}, {"name": "阿姆哈拉語", "bcp_47_code": "cmn", "locale_id": "lang:004378", "is_canonical": null}, {"name": "ამჰარული ნინა", "bcp_47_code": "xmf", "locale_id": "lang:002772", "is_canonical": true}, {"name": "Amħariku", "bcp_47_code": "mt", "locale_id": "lang:004371", "is_canonical": null}, {"name": "الأمهري", "bcp_47_code": "aeb", "locale_id": "lang:006749", "is_canonical": true}, {"name": "amarina", "bcp_47_code": "lfn", "locale_id": null, "is_canonical": true}, {"name": "Amharikii kʊnʊŋ", "bcp_47_code": "kbp", "locale_id": "lang:007412", "is_canonical": true}, {"name": "amáricu", "bcp_47_code": "ast", "locale_id": "lang:006965", "is_canonical": null}, {"name": "Амхар мотт", "bcp_47_code": "inh", "locale_id": "lang:003291", "is_canonical": true}, {"name": "Amhara-gí", "bcp_47_code": "nan", "locale_id": "lang:001296", "is_canonical": true}, {"name": "Wikang Amharico", "bcp_47_code": "tl", "locale_id": "lang:002540", "is_canonical": true}, {"name": "امهرى", "bcp_47_code": "arz", "locale_id": "lang:004060", "is_canonical": true}, {"name": "amaricu", "bcp_47_code": "co", "locale_id": "lang:006406", "is_canonical": true}, {"name": "tamharit", "bcp_47_code": "kab", "locale_id": "lang:002124", "is_canonical": null}, {"name": "Амһара теле", "bcp_47_code": "tt", "locale_id": "lang:003939", "is_canonical": null}, {"name": "阿姆哈拉语", "bcp_47_code": "wuu", "locale_id": "lang:006830", "is_canonical": true}, {"name": "Ամհարերէն", "bcp_47_code": "hyw", "locale_id": "lang:002332", "is_canonical": true}, {"name": "امهري ژبه", "bcp_47_code": "ps", "locale_id": "lang:006281", "is_canonical": null}, {"name": "Amharic", "bcp_47_code": "ak", "locale_id": "lang:002020", "is_canonical": null}, {"name": "amharaǩiõll", "bcp_47_code": "sms", "locale_id": "lang:001931", "is_canonical": true}, {"name": "ภาษาอามารา", "bcp_47_code": "th", "locale_id": "lang:000248", "is_canonical": null}, {"name": "ᱟᱢᱦᱟᱨᱤᱠ ᱯᱟᱹᱨᱥᱤ", "bcp_47_code": "sat", "locale_id": "lang:006025", "is_canonical": null}, {"name": "אמהאריש", "bcp_47_code": "yi", "locale_id": "lang:002081", "is_canonical": null}, {"name": "amhariko", "bcp_47_code": "lad", "locale_id": "lang:001121", "is_canonical": true}, {"name": "Амхар чĕлхи", "bcp_47_code": "cv", "locale_id": "lang:003469", "is_canonical": true}, {"name": "aramàego", "bcp_47_code": "vec", "locale_id": "lang:004329", "is_canonical": null}, {"name": "ߊߡߑߤߊߙߌߞߊ߲", "bcp_47_code": "nqo", "locale_id": "lang:006401", "is_canonical": null}, {"name": "Amharic", "bcp_47_code": "ig", "locale_id": "lang:002832", "is_canonical": null}, {"name": "Амхар тили", "bcp_47_code": "ky", "locale_id": "lang:003193", "is_canonical": null}, {"name": "अम्हारिक भाषा", "bcp_47_code": "anp", "locale_id": "lang:007347", "is_canonical": true}, {"name": "idioma amhárico", "bcp_47_code": "es", "locale_id": "lang:005944", "is_canonical": null}, {"name": "lengua amhárica", "bcp_47_code": "es", "locale_id": "lang:005944", "is_canonical": null}, {"name": "abisinio", "bcp_47_code": "es", "locale_id": "lang:005944", "is_canonical": null}, {"name": "etíope", "bcp_47_code": "es", "locale_id": "lang:005944", "is_canonical": null}, {"name": "amharico", "bcp_47_code": "es", "locale_id": "lang:005944", "is_canonical": null}, {"name": "idioma amharico", "bcp_47_code": "es", "locale_id": "lang:005944", "is_canonical": null}, {"name": "lengua amharica", "bcp_47_code": "es", "locale_id": "lang:005944", "is_canonical": null}, {"name": "amarico", "bcp_47_code": "es", "locale_id": "lang:005944", "is_canonical": null}, {"name": "etiope", "bcp_47_code": "es", "locale_id": "lang:005944", "is_canonical": null}, {"name": "lingua amarica", "bcp_47_code": "it", "locale_id": "lang:005147", "is_canonical": null}, {"name": "amharico", "bcp_47_code": "it", "locale_id": "lang:005147", "is_canonical": null}, {"name": "lingua amharica", "bcp_47_code": "it", "locale_id": "lang:005147", "is_canonical": null}, {"name": "لغة أمهرية", "bcp_47_code": "ar", "locale_id": "lang:000884", "is_canonical": null}, {"name": "اللغة الأمهرية", "bcp_47_code": "ar", "locale_id": "lang:000884", "is_canonical": null}, {"name": "أمهرية", "bcp_47_code": "ar", "locale_id": "lang:000884", "is_canonical": null}, {"name": "Amairis", "bcp_47_code": "ga", "locale_id": "lang:005513", "is_canonical": null}, {"name": "la amhara", "bcp_47_code": "eo", "locale_id": "lang:001065", "is_canonical": null}, {"name": "amharo", "bcp_47_code": "eo", "locale_id": "lang:001065", "is_canonical": null}, {"name": "אמהאריקו", "bcp_47_code": "lad", "locale_id": "lang:001121", "is_canonical": null}, {"name": "lingua amharika", "bcp_47_code": "lad", "locale_id": "lang:001121", "is_canonical": null}, {"name": "לינגואה אמהאריקה", "bcp_47_code": "lad", "locale_id": "lang:001121", "is_canonical": null}, {"name": "amarinya", "bcp_47_code": "ca", "locale_id": "lang:000334", "is_canonical": null}, {"name": "etíop modern", "bcp_47_code": "ca", "locale_id": "lang:000334", "is_canonical": null}, {"name": "امہارک بولی", "bcp_47_code": "pnb", "locale_id": "lang:003334", "is_canonical": null}, {"name": "ਅਮਹਾਰੀ ਭਾਸ਼ਾ", "bcp_47_code": "pa", "locale_id": "lang:003658", "is_canonical": null}, {"name": "amharca", "bcp_47_code": "az", "locale_id": "lang:000492", "is_canonical": null}, {"name": "amharski jezik", "bcp_47_code": "sl", "locale_id": "lang:004352", "is_canonical": null}, {"name": "አማርኛ", "bcp_47_code": "am", "locale_id": "lang:000379", "is_canonical": true}, {"name": "Amharic", "bcp_47_code": "en", "locale_id": "lang:004172", "is_canonical": true}, {"name": "&#4768;&#4635;&#4653;&#4763;", "bcp_47_code": "am", "locale_id": "lang:000379", "is_canonical": false}]