[{"name": "Toto", "bcp_47_code": "en", "locale_id": "lang:004172", "is_canonical": true}, {"name": "Lenga Toto", "bcp_47_code": "pms", "locale_id": "lang:003480", "is_canonical": true}, {"name": "Toto", "bcp_47_code": "de", "locale_id": "lang:006636", "is_canonical": true}, {"name": "totoeg", "bcp_47_code": "br", "locale_id": "lang:003643", "is_canonical": true}, {"name": "Bahasa Toto", "bcp_47_code": "ms", "locale_id": "lang:001263", "is_canonical": true}, {"name": "Totoish", "bcp_47_code": "gv", "locale_id": "lang:002789", "is_canonical": true}, {"name": "投投語", "bcp_47_code": "cmn", "locale_id": "lang:004378", "is_canonical": true}, {"name": "toto", "bcp_47_code": "es", "locale_id": "lang:005944", "is_canonical": true}, {"name": "toto", "bcp_47_code": "fr", "locale_id": "lang:002512", "is_canonical": true}, {"name": "टोटो भाषा", "bcp_47_code": "hi", "locale_id": "lang:005010", "is_canonical": true}, {"name": "ટોટો ભાષા", "bcp_47_code": "gu", "locale_id": "lang:006797", "is_canonical": true}, {"name": "Kitoto", "bcp_47_code": "sw", "locale_id": "lang:001597", "is_canonical": true}, {"name": "టోటో", "bcp_47_code": "te", "locale_id": "lang:000508", "is_canonical": true}, {"name": "ਟੋਟੋ", "bcp_47_code": "pa", "locale_id": "lang:003658", "is_canonical": true}, {"name": "টোটো", "bcp_47_code": "bn", "locale_id": "lang:000178", "is_canonical": true}, {"name": "toto keel", "bcp_47_code": "et", "locale_id": "lang:007279", "is_canonical": true}, {"name": "língua toto", "bcp_47_code": "pt", "locale_id": "lang:001977", "is_canonical": true}, {"name": "тото", "bcp_47_code": "ru", "locale_id": "lang:006745", "is_canonical": true}, {"name": "toto", "bcp_47_code": "hu", "locale_id": "lang:004445", "is_canonical": true}, {"name": "ਟੋਟੋ ਬੋਲੀ", "bcp_47_code": "pa", "locale_id": "lang:003658", "is_canonical": null}, {"name": "টোটো ভাষা", "bcp_47_code": "bn", "locale_id": "lang:000178", "is_canonical": null}]