[{"name": "Onjob", "bcp_47_code": "en", "locale_id": "lang:004172", "is_canonical": true}, {"name": "Lenga Onjob", "bcp_47_code": "pms", "locale_id": "lang:003480", "is_canonical": true}, {"name": "Kionjob", "bcp_47_code": "sw", "locale_id": "lang:001597", "is_canonical": true}, {"name": "język onjob", "bcp_47_code": "pl", "locale_id": "lang:001433", "is_canonical": true}, {"name": "Onjob", "bcp_47_code": "ilo", "locale_id": "lang:007408", "is_canonical": true}, {"name": "onjob", "bcp_47_code": "fr", "locale_id": "lang:002512", "is_canonical": true}]