[{"name": "Kayort", "bcp_47_code": "en", "locale_id": "lang:004172", "is_canonical": true}, {"name": "زبان کایورت", "bcp_47_code": "fa", "locale_id": "lang:005211", "is_canonical": true}, {"name": "Lenga kayort", "bcp_47_code": "pms", "locale_id": "lang:003480", "is_canonical": true}, {"name": "Kikayort", "bcp_47_code": "sw", "locale_id": "lang:001597", "is_canonical": true}, {"name": "kayort", "bcp_47_code": "fr", "locale_id": "lang:002512", "is_canonical": true}, {"name": "kayort", "bcp_47_code": "cs", "locale_id": "lang:007371", "is_canonical": true}]