[{"name": "Sauri", "bcp_47_code": "en", "locale_id": "lang:004172", "is_canonical": true}, {"name": "Lenga sauri", "bcp_47_code": "pms", "locale_id": "lang:003480", "is_canonical": true}, {"name": "Kisauri", "bcp_47_code": "sw", "locale_id": "lang:001597", "is_canonical": true}, {"name": "Sauri", "bcp_47_code": "id", "locale_id": "lang:005344", "is_canonical": true}, {"name": "Sauri", "bcp_47_code": "ilo", "locale_id": "lang:007408", "is_canonical": true}, {"name": "sauri", "bcp_47_code": "fr", "locale_id": "lang:002512", "is_canonical": true}, {"name": "bahasa Sauri", "bcp_47_code": "id", "locale_id": "lang:005344", "is_canonical": null}]