[{"name": "Korafe-Yegha", "bcp_47_code": "en", "locale_id": "lang:004172", "is_canonical": true}, {"name": "język korafe", "bcp_47_code": "pl", "locale_id": "lang:001433", "is_canonical": true}, {"name": "Lenga Korafe", "bcp_47_code": "pms", "locale_id": "lang:003480", "is_canonical": true}, {"name": "Korafe", "bcp_47_code": "en", "locale_id": "lang:004172", "is_canonical": null}, {"name": "Kikorafe", "bcp_47_code": "sw", "locale_id": "lang:001597", "is_canonical": true}, {"name": "Korafe", "bcp_47_code": "ilo", "locale_id": "lang:007408", "is_canonical": true}, {"name": "Γλώσσα Κοράφε", "bcp_47_code": "el", "locale_id": "lang:002331", "is_canonical": true}]