[{"name": "Bookan", "bcp_47_code": "en", "locale_id": "lang:004172", "is_canonical": true}, {"name": "bookan jezik", "bcp_47_code": "hr", "locale_id": "lang:001280", "is_canonical": true}, {"name": "Lenga bookan", "bcp_47_code": "pms", "locale_id": "lang:003480", "is_canonical": true}, {"name": "Kibookan", "bcp_47_code": "sw", "locale_id": "lang:001597", "is_canonical": true}, {"name": "Amanung Bookan", "bcp_47_code": "pam", "locale_id": "lang:003114", "is_canonical": true}, {"name": "Bookan", "bcp_47_code": "ilo", "locale_id": "lang:007408", "is_canonical": true}, {"name": "Wikang Bookan", "bcp_47_code": "tl", "locale_id": "lang:002540", "is_canonical": true}, {"name": "Tataramon na Bookan", "bcp_47_code": "bcl", "locale_id": "lang:005135", "is_canonical": true}, {"name": "Bahasa Bookan", "bcp_47_code": "ms", "locale_id": "lang:001263", "is_canonical": true}]