[{"name": "Samberigi", "bcp_47_code": "en", "locale_id": "lang:004172", "is_canonical": true}, {"name": "Lenga Samberigi", "bcp_47_code": "pms", "locale_id": "lang:003480", "is_canonical": true}, {"name": "Kisamberigi", "bcp_47_code": "sw", "locale_id": "lang:001597", "is_canonical": true}, {"name": "lingua Samberigiana", "bcp_47_code": "la", "locale_id": "lang:016110", "is_canonical": true}, {"name": "Samberigi", "bcp_47_code": "ilo", "locale_id": "lang:007408", "is_canonical": true}, {"name": "Γλώσσα Σαμπερίγκι", "bcp_47_code": "el", "locale_id": "lang:002331", "is_canonical": true}, {"name": "Σαμπερίγκι", "bcp_47_code": "el", "locale_id": "lang:002331", "is_canonical": null}]