[{"name": "Arigidi", "bcp_47_code": "en", "locale_id": "lang:004172", "is_canonical": true}, {"name": "Kiarigidi", "bcp_47_code": "sw", "locale_id": "lang:001597", "is_canonical": true}, {"name": "Lenga Arigidi", "bcp_47_code": "pms", "locale_id": "lang:003480", "is_canonical": true}, {"name": "Akoko", "bcp_47_code": "de", "locale_id": "lang:006636", "is_canonical": true}, {"name": "Akoko", "bcp_47_code": "en", "locale_id": "lang:004172", "is_canonical": null}, {"name": "arigidi jezik", "bcp_47_code": "hr", "locale_id": "lang:001280", "is_canonical": true}, {"name": "akoko", "bcp_47_code": "ca", "locale_id": "lang:000334", "is_canonical": true}, {"name": "akoko", "bcp_47_code": "oc", "locale_id": "lang:003832", "is_canonical": true}, {"name": "акоко", "bcp_47_code": "ru", "locale_id": "lang:006745", "is_canonical": true}, {"name": "língua arigidi", "bcp_47_code": "pt", "locale_id": "lang:001977", "is_canonical": true}]