[{"name": "Serudung Murut", "bcp_47_code": "en", "locale_id": "lang:004172", "is_canonical": true}, {"name": "Serudung", "bcp_47_code": "en", "locale_id": "lang:004172", "is_canonical": null}, {"name": "Lenga serudung murut", "bcp_47_code": "pms", "locale_id": "lang:003480", "is_canonical": true}, {"name": "Kiserudung-Murut", "bcp_47_code": "sw", "locale_id": "lang:001597", "is_canonical": true}, {"name": "Amanung Serudung", "bcp_47_code": "pam", "locale_id": "lang:003114", "is_canonical": true}, {"name": "Serudung", "bcp_47_code": "ilo", "locale_id": "lang:007408", "is_canonical": true}, {"name": "Wikang Serudung", "bcp_47_code": "tl", "locale_id": "lang:002540", "is_canonical": true}, {"name": "Tataramon na Serudung", "bcp_47_code": "bcl", "locale_id": "lang:005135", "is_canonical": true}, {"name": "serudung", "bcp_47_code": "fr", "locale_id": "lang:002512", "is_canonical": true}, {"name": "Bahasa Serudung", "bcp_47_code": "ms", "locale_id": "lang:001263", "is_canonical": true}, {"name": "serudung-murut", "bcp_47_code": "fr", "locale_id": "lang:002512", "is_canonical": null}]