[{"name": "Nakwi", "bcp_47_code": "en", "locale_id": "lang:004172", "is_canonical": true}, {"name": "Lenga nakwi", "bcp_47_code": "pms", "locale_id": "lang:003480", "is_canonical": true}, {"name": "nakwi jezik", "bcp_47_code": "hr", "locale_id": "lang:001280", "is_canonical": true}, {"name": "nakwi", "bcp_47_code": "fr", "locale_id": "lang:002512", "is_canonical": true}, {"name": "Kinakwi", "bcp_47_code": "sw", "locale_id": "lang:001597", "is_canonical": true}, {"name": "Nakwi", "bcp_47_code": "ilo", "locale_id": "lang:007408", "is_canonical": true}, {"name": "nakwieg", "bcp_47_code": "br", "locale_id": "lang:003643", "is_canonical": true}]