[{"name": "Lisela", "bcp_47_code": "en", "locale_id": "lang:004172", "is_canonical": true}, {"name": "лисела", "bcp_47_code": "ru", "locale_id": "lang:006745", "is_canonical": true}, {"name": "Lenga Lisela", "bcp_47_code": "pms", "locale_id": "lang:003480", "is_canonical": true}, {"name": "Kilisela", "bcp_47_code": "sw", "locale_id": "lang:001597", "is_canonical": true}, {"name": "Lisela", "bcp_47_code": "ilo", "locale_id": "lang:007408", "is_canonical": true}, {"name": "Wikang Lisela", "bcp_47_code": "tl", "locale_id": "lang:002540", "is_canonical": true}, {"name": "lisela", "bcp_47_code": "fr", "locale_id": "lang:002512", "is_canonical": true}, {"name": "język lisela", "bcp_47_code": "pl", "locale_id": "lang:001433", "is_canonical": true}]