[{"name": "Upper Kuskokwim", "bcp_47_code": "en", "locale_id": "lang:004172", "is_canonical": true}, {"name": "língua kolchan", "bcp_47_code": "pt", "locale_id": "lang:001977", "is_canonical": true}, {"name": "Lenga kuskokwim", "bcp_47_code": "pms", "locale_id": "lang:003480", "is_canonical": true}, {"name": "Кӱшӹл кускоквим йӹлмӹ", "bcp_47_code": "mrj", "locale_id": "lang:003155", "is_canonical": true}, {"name": "Вини Кускоквимдин чӀал", "bcp_47_code": "lez", "locale_id": "lang:006686", "is_canonical": true}, {"name": "kolchan", "bcp_47_code": "fr", "locale_id": "lang:002512", "is_canonical": true}, {"name": "верхнекускоквимский язык", "bcp_47_code": "ru", "locale_id": "lang:006745", "is_canonical": true}, {"name": "dinak'i", "bcp_47_code": "es", "locale_id": "lang:005944", "is_canonical": true}, {"name": "Yukarı Kuskokvimce", "bcp_47_code": "tr", "locale_id": "lang:000917", "is_canonical": true}, {"name": "Boower-Kuskokwim spriak", "bcp_47_code": "frr", "locale_id": "lang:007274", "is_canonical": true}, {"name": "Upper Kuskokwim", "bcp_47_code": "de", "locale_id": "lang:006636", "is_canonical": true}, {"name": "lingua athabaska", "bcp_47_code": "it", "locale_id": "lang:005147", "is_canonical": true}, {"name": "上卡斯科奎姆語", "bcp_47_code": "cmn", "locale_id": "lang:004378", "is_canonical": true}, {"name": "ülem-kuskokwimi keel", "bcp_47_code": "et", "locale_id": "lang:007279", "is_canonical": true}, {"name": "Wikang Mataas na Kuskokwim", "bcp_47_code": "tl", "locale_id": "lang:002540", "is_canonical": true}, {"name": "kolchan", "bcp_47_code": "nb", "locale_id": "lang:000958", "is_canonical": true}, {"name": "athabaska", "bcp_47_code": "vec", "locale_id": "lang:004329", "is_canonical": true}, {"name": "верхнекускоквимский", "bcp_47_code": "ru", "locale_id": "lang:006745", "is_canonical": null}, {"name": "idioma kolchan", "bcp_47_code": "es", "locale_id": "lang:005944", "is_canonical": null}, {"name": "idioma kuskokwim alto", "bcp_47_code": "es", "locale_id": "lang:005944", "is_canonical": null}, {"name": "idioma del alto kuskokwim", "bcp_47_code": "es", "locale_id": "lang:005944", "is_canonical": null}, {"name": "Kuskokvimce", "bcp_47_code": "tr", "locale_id": "lang:000917", "is_canonical": null}, {"name": "Boowen-Kuskokwim spriak", "bcp_47_code": "frr", "locale_id": "lang:007274", "is_canonical": null}, {"name": "haut-kuskokwim", "bcp_47_code": "fr", "locale_id": "lang:002512", "is_canonical": null}]