[{"name": "Konda", "bcp_47_code": "en", "locale_id": "lang:004172", "is_canonical": true}, {"name": "Yaben", "bcp_47_code": "en", "locale_id": "lang:004172", "is_canonical": null}, {"name": "język konda", "bcp_47_code": "pl", "locale_id": "lang:001433", "is_canonical": true}, {"name": "Lenga Konda", "bcp_47_code": "pms", "locale_id": "lang:003480", "is_canonical": true}, {"name": "Kikonda", "bcp_47_code": "sw", "locale_id": "lang:001597", "is_canonical": true}, {"name": "Konda", "bcp_47_code": "id", "locale_id": "lang:005344", "is_canonical": true}, {"name": "Konda", "bcp_47_code": "ilo", "locale_id": "lang:007408", "is_canonical": true}, {"name": "Yabin", "bcp_47_code": "en", "locale_id": "lang:004172", "is_canonical": null}, {"name": "Yabin-Konda", "bcp_47_code": "en", "locale_id": "lang:004172", "is_canonical": null}, {"name": "Ogit", "bcp_47_code": "en", "locale_id": "lang:004172", "is_canonical": null}, {"name": "bahasa Yabin", "bcp_47_code": "id", "locale_id": "lang:005344", "is_canonical": null}, {"name": "bahasa Konda", "bcp_47_code": "id", "locale_id": "lang:005344", "is_canonical": null}, {"name": "bahasa Yabin-Konda", "bcp_47_code": "id", "locale_id": "lang:005344", "is_canonical": null}, {"name": "bahasa Ogit", "bcp_47_code": "id", "locale_id": "lang:005344", "is_canonical": null}, {"name": "Yaben (Konda)", "bcp_47_code": "en", "locale_id": "lang:004172", "is_canonical": true}]