[{"name": "Shumcho", "bcp_47_code": "en", "locale_id": "lang:004172", "is_canonical": true}, {"name": "Kishumcho", "bcp_47_code": "sw", "locale_id": "lang:001597", "is_canonical": true}, {"name": "Lenga Shumcho", "bcp_47_code": "pms", "locale_id": "lang:003480", "is_canonical": true}, {"name": "shumcho", "bcp_47_code": "fr", "locale_id": "lang:002512", "is_canonical": true}, {"name": "ਸ਼ੁਮਚੋ", "bcp_47_code": "pa", "locale_id": "lang:003658", "is_canonical": true}, {"name": "ਸ਼ੁਮਚੋ ਭਾਸ਼ਾ", "bcp_47_code": "pa", "locale_id": "lang:003658", "is_canonical": null}]