[{"name": "Borôro", "bcp_47_code": "en", "locale_id": "lang:004172", "is_canonical": true}, {"name": "Bororo", "bcp_47_code": "en", "locale_id": "lang:004172", "is_canonical": true}, {"name": "Lenga borôro", "bcp_47_code": "pms", "locale_id": "lang:003480", "is_canonical": true}, {"name": "бороро", "bcp_47_code": "ru", "locale_id": "lang:006745", "is_canonical": true}, {"name": "borôro jezik", "bcp_47_code": "hr", "locale_id": "lang:001280", "is_canonical": true}, {"name": "боророански јазик", "bcp_47_code": "mk", "locale_id": "lang:001683", "is_canonical": true}, {"name": "borôro", "bcp_47_code": "it", "locale_id": "lang:005147", "is_canonical": true}, {"name": "Bororo", "bcp_47_code": "de", "locale_id": "lang:006636", "is_canonical": true}, {"name": "língua bororo", "bcp_47_code": "pt", "locale_id": "lang:001977", "is_canonical": true}, {"name": "bororo keel", "bcp_47_code": "et", "locale_id": "lang:007279", "is_canonical": true}, {"name": "bororo", "bcp_47_code": "fr", "locale_id": "lang:002512", "is_canonical": true}, {"name": "Wikang Bororo", "bcp_47_code": "tl", "locale_id": "lang:002540", "is_canonical": true}, {"name": "Lingua bororo", "bcp_47_code": "gl", "locale_id": "lang:006921", "is_canonical": true}, {"name": "borôro", "bcp_47_code": "vec", "locale_id": "lang:004329", "is_canonical": true}, {"name": "bororo", "bcp_47_code": "ca", "locale_id": "lang:000334", "is_canonical": true}, {"name": "bororo", "bcp_47_code": "it", "locale_id": "lang:005147", "is_canonical": null}, {"name": "lingua bororo", "bcp_47_code": "it", "locale_id": "lang:005147", "is_canonical": null}, {"name": "lingua borôro", "bcp_47_code": "it", "locale_id": "lang:005147", "is_canonical": null}, {"name": "boe", "bcp_47_code": "it", "locale_id": "lang:005147", "is_canonical": null}, {"name": "língua borora", "bcp_47_code": "pt", "locale_id": "lang:001977", "is_canonical": null}, {"name": "boróro", "bcp_47_code": "ca", "locale_id": "lang:000334", "is_canonical": null}, {"name": "borôro", "bcp_47_code": "ca", "locale_id": "lang:000334", "is_canonical": null}]