[{"name": "Uneme", "bcp_47_code": "en", "locale_id": "lang:004172", "is_canonical": true}, {"name": "Kiuneme", "bcp_47_code": "sw", "locale_id": "lang:001597", "is_canonical": true}, {"name": "Lenga Uneme", "bcp_47_code": "pms", "locale_id": "lang:003480", "is_canonical": true}, {"name": "język uneme", "bcp_47_code": "pl", "locale_id": "lang:001433", "is_canonical": true}, {"name": "uneme", "bcp_47_code": "oc", "locale_id": "lang:003832", "is_canonical": true}, {"name": "Ileme", "bcp_47_code": "en", "locale_id": "lang:004172", "is_canonical": null}]