[{"name": "Pumé", "bcp_47_code": "en", "locale_id": "lang:004172", "is_canonical": true}, {"name": "Lenga pumé", "bcp_47_code": "pms", "locale_id": "lang:003480", "is_canonical": true}, {"name": "yaruro", "bcp_47_code": "fr", "locale_id": "lang:002512", "is_canonical": true}, {"name": "idioma yaruro", "bcp_47_code": "es", "locale_id": "lang:005944", "is_canonical": true}, {"name": "пуме", "bcp_47_code": "ru", "locale_id": "lang:006745", "is_canonical": true}, {"name": "jarura lingvo", "bcp_47_code": "eo", "locale_id": "lang:001065", "is_canonical": true}, {"name": "pumeg", "bcp_47_code": "br", "locale_id": "lang:003643", "is_canonical": true}, {"name": "pumé jezik", "bcp_47_code": "hr", "locale_id": "lang:001280", "is_canonical": true}, {"name": "idioma yaruro", "bcp_47_code": "ast", "locale_id": "lang:006965", "is_canonical": true}, {"name": "Wikang Yaruro", "bcp_47_code": "tl", "locale_id": "lang:002540", "is_canonical": true}, {"name": "雅鲁罗语", "bcp_47_code": "cmn", "locale_id": "lang:004378", "is_canonical": true}, {"name": "língua yaruro", "bcp_47_code": "pt", "locale_id": "lang:001977", "is_canonical": true}, {"name": "yaruro", "bcp_47_code": "ca", "locale_id": "lang:000334", "is_canonical": true}, {"name": "pumén kieli", "bcp_47_code": "fi", "locale_id": "lang:005250", "is_canonical": true}, {"name": "pume", "bcp_47_code": "es", "locale_id": "lang:005944", "is_canonical": null}, {"name": "Pume", "bcp_47_code": "en", "locale_id": "lang:004172", "is_canonical": null}, {"name": "pumé", "bcp_47_code": "fr", "locale_id": "lang:002512", "is_canonical": null}]