[{"name": "Tengger", "bcp_47_code": "en", "locale_id": "lang:004172", "is_canonical": true}, {"name": "Tengger", "bcp_47_code": "id", "locale_id": "lang:005344", "is_canonical": true}, {"name": "Tengger", "bcp_47_code": "ms", "locale_id": "lang:001263", "is_canonical": true}, {"name": "Lenga Tengger", "bcp_47_code": "pms", "locale_id": "lang:003480", "is_canonical": true}, {"name": "Kitengger", "bcp_47_code": "sw", "locale_id": "lang:001597", "is_canonical": true}, {"name": "Basa Jawa Tengger", "bcp_47_code": "jv", "locale_id": "lang:006418", "is_canonical": true}, {"name": "tengger", "bcp_47_code": "fr", "locale_id": "lang:002512", "is_canonical": true}, {"name": "Tenggeres", "bcp_47_code": "ilo", "locale_id": "lang:007408", "is_canonical": true}, {"name": "Diyalektong Tenggeres", "bcp_47_code": "bcl", "locale_id": "lang:005135", "is_canonical": true}, {"name": "騰格爾族語", "bcp_47_code": "cmn", "locale_id": "lang:004378", "is_canonical": true}, {"name": "bahasa Tengger", "bcp_47_code": "id", "locale_id": "lang:005344", "is_canonical": null}, {"name": "Tenggerese", "bcp_47_code": "en", "locale_id": "lang:004172", "is_canonical": null}, {"name": "騰格爾語", "bcp_47_code": "cmn", "locale_id": "lang:004378", "is_canonical": null}, {"name": "Bahasa Tengger", "bcp_47_code": "ms", "locale_id": "lang:001263", "is_canonical": null}]