[{"name": "Eastern Arrernte", "bcp_47_code": "en", "locale_id": "lang:004172", "is_canonical": true}, {"name": "östlig arrernte", "bcp_47_code": "sv", "locale_id": "lang:004782", "is_canonical": true}, {"name": "istočni arrernte jezik", "bcp_47_code": "hr", "locale_id": "lang:001280", "is_canonical": true}, {"name": "Lenga arrernte oriental", "bcp_47_code": "pms", "locale_id": "lang:003480", "is_canonical": true}, {"name": "idaaranda keel", "bcp_47_code": "et", "locale_id": "lang:007279", "is_canonical": true}, {"name": "Kiarrernte cha Mashariki", "bcp_47_code": "sw", "locale_id": "lang:001597", "is_canonical": true}, {"name": "arrernte de l'est", "bcp_47_code": "fr", "locale_id": "lang:002512", "is_canonical": true}, {"name": "Gjuha Arrernte Lindore", "bcp_47_code": "sq", "locale_id": "lang:006275", "is_canonical": true}, {"name": "мова усходняя аррернте", "bcp_47_code": "be", "locale_id": "lang:004942", "is_canonical": true}]