[{"name": "Yoy", "bcp_47_code": "en", "locale_id": "lang:004172", "is_canonical": true}, {"name": "Lenga yoy", "bcp_47_code": "pms", "locale_id": "lang:003480", "is_canonical": true}, {"name": "yoy jezik", "bcp_47_code": "hr", "locale_id": "lang:001280", "is_canonical": true}, {"name": "ภาษาโย้ย", "bcp_47_code": "th", "locale_id": "lang:000248", "is_canonical": true}, {"name": "ヨイ語", "bcp_47_code": "ja", "locale_id": "lang:005185", "is_canonical": true}, {"name": "Wikang Yoy", "bcp_47_code": "tl", "locale_id": "lang:002540", "is_canonical": true}, {"name": "tiếng Yoy", "bcp_47_code": "vi", "locale_id": "lang:004523", "is_canonical": true}, {"name": "Yoy語", "bcp_47_code": "cmn", "locale_id": "lang:004378", "is_canonical": true}, {"name": "Yoy语", "bcp_47_code": "cmn", "locale_id": "lang:004378", "is_canonical": null}, {"name": "傣幼语", "bcp_47_code": "cmn", "locale_id": "lang:004378", "is_canonical": null}]