[{"name": "Hadza", "bcp_47_code": "en", "locale_id": "lang:004172", "is_canonical": true}, {"name": "língua hadza", "bcp_47_code": "pt", "locale_id": "lang:001977", "is_canonical": true}, {"name": "język hadza", "bcp_47_code": "pl", "locale_id": "lang:001433", "is_canonical": true}, {"name": "hadza", "bcp_47_code": "fr", "locale_id": "lang:002512", "is_canonical": true}, {"name": "хадза", "bcp_47_code": "ru", "locale_id": "lang:006745", "is_canonical": true}, {"name": "hadza", "bcp_47_code": "ast", "locale_id": "lang:006965", "is_canonical": true}, {"name": "idioma hadza", "bcp_47_code": "es", "locale_id": "lang:005944", "is_canonical": true}, {"name": "lingua hadza", "bcp_47_code": "it", "locale_id": "lang:005147", "is_canonical": true}, {"name": "hadza", "bcp_47_code": "nn", "locale_id": "lang:005019", "is_canonical": true}, {"name": "hadzaeg", "bcp_47_code": "br", "locale_id": "lang:003643", "is_canonical": true}, {"name": "hadza jezik", "bcp_47_code": "sh", "locale_id": "lang:003245", "is_canonical": true}, {"name": "hadza jezik", "bcp_47_code": "hr", "locale_id": "lang:001280", "is_canonical": true}, {"name": "لغة هادزا", "bcp_47_code": "ar", "locale_id": "lang:000884", "is_canonical": true}, {"name": "hadza", "bcp_47_code": "sv", "locale_id": "lang:004782", "is_canonical": true}, {"name": "hadza", "bcp_47_code": "oc", "locale_id": "lang:003832", "is_canonical": true}, {"name": "hatza", "bcp_47_code": "ca", "locale_id": "lang:000334", "is_canonical": true}, {"name": "хаѕа", "bcp_47_code": "mk", "locale_id": "lang:001683", "is_canonical": true}, {"name": "hadza", "bcp_47_code": "nb", "locale_id": "lang:000958", "is_canonical": true}, {"name": "hatsa keel", "bcp_47_code": "et", "locale_id": "lang:007279", "is_canonical": true}, {"name": "Kihadza", "bcp_47_code": "sw", "locale_id": "lang:001597", "is_canonical": true}, {"name": "hadza", "bcp_47_code": "fi", "locale_id": "lang:005250", "is_canonical": true}, {"name": "Lenga Hadza", "bcp_47_code": "pms", "locale_id": "lang:003480", "is_canonical": true}, {"name": "ハヅァ語", "bcp_47_code": "ja", "locale_id": "lang:005185", "is_canonical": true}, {"name": "хадза", "bcp_47_code": "uk", "locale_id": "lang:001994", "is_canonical": true}, {"name": "Hadza", "bcp_47_code": "nl", "locale_id": "lang:006448", "is_canonical": true}, {"name": "Gjuha Hadza", "bcp_47_code": "sq", "locale_id": "lang:006275", "is_canonical": true}, {"name": "Wikang Hadza", "bcp_47_code": "tl", "locale_id": "lang:002540", "is_canonical": true}, {"name": "Hadza", "bcp_47_code": "lfn", "locale_id": null, "is_canonical": true}, {"name": "哈扎語", "bcp_47_code": "cmn", "locale_id": "lang:004378", "is_canonical": true}, {"name": "tiếng Hadza", "bcp_47_code": "vi", "locale_id": "lang:004523", "is_canonical": true}, {"name": "하자어", "bcp_47_code": "ko", "locale_id": "lang:000685", "is_canonical": true}, {"name": "Hadza", "bcp_47_code": "de", "locale_id": "lang:006636", "is_canonical": true}, {"name": "hadza", "bcp_47_code": "vec", "locale_id": "lang:004329", "is_canonical": true}, {"name": "שפת הדזה", "bcp_47_code": "he", "locale_id": "lang:000780", "is_canonical": true}, {"name": "hadza", "bcp_47_code": "da", "locale_id": "lang:006478", "is_canonical": true}, {"name": "язык хадза", "bcp_47_code": "ru", "locale_id": "lang:006745", "is_canonical": null}, {"name": "hatsa", "bcp_47_code": "sv", "locale_id": "lang:004782", "is_canonical": null}, {"name": "Hatsa", "bcp_47_code": "en", "locale_id": "lang:004172", "is_canonical": null}, {"name": "哈札語", "bcp_47_code": "cmn", "locale_id": "lang:004378", "is_canonical": null}]