[{"name": "Northwestern Tamang", "bcp_47_code": "en", "locale_id": "lang:004172", "is_canonical": true}, {"name": "tamangeg ar gwalarn", "bcp_47_code": "br", "locale_id": "lang:003643", "is_canonical": true}, {"name": "Lenga Tamang nòrd-ossidental", "bcp_47_code": "pms", "locale_id": "lang:003480", "is_canonical": true}, {"name": "Kitamang ya Kaskazini-Magharibi", "bcp_47_code": "sw", "locale_id": "lang:001597", "is_canonical": true}, {"name": "tamang du nord-ouest", "bcp_47_code": "fr", "locale_id": "lang:002512", "is_canonical": true}, {"name": "Western Tamang", "bcp_47_code": "en", "locale_id": "lang:004172", "is_canonical": true}]