[{"name": "Baelelea", "bcp_47_code": "en", "locale_id": "lang:004172", "is_canonical": true}, {"name": "baelelea", "bcp_47_code": "fr", "locale_id": "lang:002512", "is_canonical": true}, {"name": "baelelea jezik", "bcp_47_code": "hr", "locale_id": "lang:001280", "is_canonical": true}, {"name": "Lenga Baelelea", "bcp_47_code": "pms", "locale_id": "lang:003480", "is_canonical": true}, {"name": "Kibaelelea", "bcp_47_code": "sw", "locale_id": "lang:001597", "is_canonical": true}, {"name": "Baelelea", "bcp_47_code": "ilo", "locale_id": "lang:007408", "is_canonical": true}, {"name": "Baeleleaki", "bcp_47_code": "diq", "locale_id": "lang:003839", "is_canonical": true}]