[{"name": "San Martín Quechua", "bcp_47_code": "en", "locale_id": "lang:004172", "is_canonical": true}, {"name": "San Martin Lenga quechua", "bcp_47_code": "pms", "locale_id": "lang:003480", "is_canonical": true}, {"name": "Lamas-Quechua", "bcp_47_code": "de", "locale_id": "lang:006636", "is_canonical": true}, {"name": "Lamas-Luritu", "bcp_47_code": "qu", "locale_id": "lang:000991", "is_canonical": true}, {"name": "Lamas Quechua", "bcp_47_code": "en", "locale_id": "lang:004172", "is_canonical": null}, {"name": "quechua lamista", "bcp_47_code": "es", "locale_id": "lang:005944", "is_canonical": true}, {"name": "ламаско-кечуански дијалект", "bcp_47_code": "mk", "locale_id": "lang:001683", "is_canonical": true}, {"name": "ламасский кечуа", "bcp_47_code": "ru", "locale_id": "lang:006745", "is_canonical": true}, {"name": "quechua de san martin", "bcp_47_code": "fr", "locale_id": "lang:002512", "is_canonical": true}, {"name": "quechua lamista", "bcp_47_code": "ast", "locale_id": "lang:006965", "is_canonical": true}, {"name": "Wikang Lamas", "bcp_47_code": "tl", "locale_id": "lang:002540", "is_canonical": true}, {"name": "quítxua lamista", "bcp_47_code": "ca", "locale_id": "lang:000334", "is_canonical": true}, {"name": "Lamista-Quechua", "bcp_47_code": "de", "locale_id": "lang:006636", "is_canonical": null}, {"name": "quechua de san martín", "bcp_47_code": "fr", "locale_id": "lang:002512", "is_canonical": null}]