[{"name": "Tawoyan", "bcp_47_code": "en", "locale_id": "lang:004172", "is_canonical": true}, {"name": "taboyan", "bcp_47_code": "fr", "locale_id": "lang:002512", "is_canonical": true}, {"name": "bahasa Tawoyan", "bcp_47_code": "id", "locale_id": "lang:005344", "is_canonical": true}, {"name": "Bahasa Tawoyan", "bcp_47_code": "ms", "locale_id": "lang:001263", "is_canonical": true}, {"name": "Kitawoyan", "bcp_47_code": "sw", "locale_id": "lang:001597", "is_canonical": true}, {"name": "Lenga Tawoyan", "bcp_47_code": "pms", "locale_id": "lang:003480", "is_canonical": true}, {"name": "język tawoyan", "bcp_47_code": "pl", "locale_id": "lang:001433", "is_canonical": true}, {"name": "bahasa Dusun Tawoyan", "bcp_47_code": "id", "locale_id": "lang:005344", "is_canonical": null}, {"name": "Taboyan", "bcp_47_code": "id", "locale_id": "lang:005344", "is_canonical": null}, {"name": "bahasa Taboyan", "bcp_47_code": "id", "locale_id": "lang:005344", "is_canonical": null}]