[{"name": "Bonkiman", "bcp_47_code": "en", "locale_id": "lang:004172", "is_canonical": true}, {"name": "bonkiman jezik", "bcp_47_code": "hr", "locale_id": "lang:001280", "is_canonical": true}, {"name": "Lenga Bonkiman", "bcp_47_code": "pms", "locale_id": "lang:003480", "is_canonical": true}, {"name": "Kibonkiman", "bcp_47_code": "sw", "locale_id": "lang:001597", "is_canonical": true}, {"name": "język bonkiman", "bcp_47_code": "pl", "locale_id": "lang:001433", "is_canonical": true}, {"name": "Bonkiman", "bcp_47_code": "ilo", "locale_id": "lang:007408", "is_canonical": true}, {"name": "Bonkimanki", "bcp_47_code": "diq", "locale_id": "lang:003839", "is_canonical": true}, {"name": "bonkiman", "bcp_47_code": "fr", "locale_id": "lang:002512", "is_canonical": true}]