[{"name": "Western Abnaki", "bcp_47_code": "en", "locale_id": "lang:004172", "is_canonical": true}, {"name": "Western Abenaki", "bcp_47_code": "en", "locale_id": "lang:004172", "is_canonical": true}, {"name": "Abenaki", "bcp_47_code": "en", "locale_id": "lang:004172", "is_canonical": null}, {"name": "Wèstelik Abenaki", "bcp_47_code": "li", "locale_id": "lang:000599", "is_canonical": true}, {"name": "zapadnoabnački jezik", "bcp_47_code": "hr", "locale_id": "lang:001280", "is_canonical": true}, {"name": "западный абенаки", "bcp_47_code": "ru", "locale_id": "lang:006745", "is_canonical": true}, {"name": "Westliche Abenaki", "bcp_47_code": "de", "locale_id": "lang:006636", "is_canonical": true}, {"name": "Lenga abnaki ossidental", "bcp_47_code": "pms", "locale_id": "lang:003480", "is_canonical": true}, {"name": "abénaqui occidental", "bcp_47_code": "fr", "locale_id": "lang:002512", "is_canonical": true}, {"name": "West-Abnaki", "bcp_47_code": "nl", "locale_id": "lang:006448", "is_canonical": true}, {"name": "abnakieg ar c'hornôg", "bcp_47_code": "br", "locale_id": "lang:003643", "is_canonical": true}, {"name": "西アベナキ語", "bcp_47_code": "ja", "locale_id": "lang:005185", "is_canonical": true}, {"name": "западноабенакский язык", "bcp_47_code": "ru", "locale_id": "lang:006745", "is_canonical": null}, {"name": "sokoki", "bcp_47_code": "hr", "locale_id": "lang:001280", "is_canonical": null}, {"name": "abénaquis de l’ouest", "bcp_47_code": "fr", "locale_id": "lang:002512", "is_canonical": null}, {"name": "abénaki de l'ouest", "bcp_47_code": "fr", "locale_id": "lang:002512", "is_canonical": null}, {"name": "wôbanakiôdwawôgan", "bcp_47_code": "abe", "locale_id": "lang:000218", "is_canonical": true}]