[{"name": "Ebrié", "bcp_47_code": "en", "locale_id": "lang:004172", "is_canonical": true}, {"name": "Kiebrie", "bcp_47_code": "sw", "locale_id": "lang:001597", "is_canonical": true}, {"name": "Tschaman", "bcp_47_code": "de", "locale_id": "lang:006636", "is_canonical": true}, {"name": "Lenga Ebrié", "bcp_47_code": "pms", "locale_id": "lang:003480", "is_canonical": true}, {"name": "tchaman", "bcp_47_code": "fr", "locale_id": "lang:002512", "is_canonical": true}, {"name": "ebrié jezik", "bcp_47_code": "hr", "locale_id": "lang:001280", "is_canonical": true}, {"name": "ebrié", "bcp_47_code": "ca", "locale_id": "lang:000334", "is_canonical": true}, {"name": "Wikang Ebrié", "bcp_47_code": "tl", "locale_id": "lang:002540", "is_canonical": true}, {"name": "エブリエ語", "bcp_47_code": "ja", "locale_id": "lang:005185", "is_canonical": true}, {"name": "ebrié", "bcp_47_code": "oc", "locale_id": "lang:003832", "is_canonical": true}, {"name": "língua ebrié", "bcp_47_code": "pt", "locale_id": "lang:001977", "is_canonical": true}, {"name": "Kiebrié", "bcp_47_code": "sw", "locale_id": "lang:001597", "is_canonical": null}, {"name": "Tchaman", "bcp_47_code": "de", "locale_id": "lang:006636", "is_canonical": null}, {"name": "Ébrié", "bcp_47_code": "de", "locale_id": "lang:006636", "is_canonical": null}, {"name": "tchabio", "bcp_47_code": "fr", "locale_id": "lang:002512", "is_canonical": null}, {"name": "tchabia", "bcp_47_code": "fr", "locale_id": "lang:002512", "is_canonical": null}, {"name": "atchan", "bcp_47_code": "fr", "locale_id": "lang:002512", "is_canonical": null}, {"name": "ébrié", "bcp_47_code": "fr", "locale_id": "lang:002512", "is_canonical": null}, {"name": "ébrie", "bcp_47_code": "fr", "locale_id": "lang:002512", "is_canonical": null}]