[{"name": "Lubu", "bcp_47_code": "en", "locale_id": "lang:004172", "is_canonical": true}, {"name": "lubu", "bcp_47_code": "fr", "locale_id": "lang:002512", "is_canonical": true}, {"name": "Lenga Lubu", "bcp_47_code": "pms", "locale_id": "lang:003480", "is_canonical": true}, {"name": "Lubu", "bcp_47_code": "id", "locale_id": "lang:005344", "is_canonical": true}, {"name": "Kilubu", "bcp_47_code": "sw", "locale_id": "lang:001597", "is_canonical": true}, {"name": "Lubu", "bcp_47_code": "ilo", "locale_id": "lang:007408", "is_canonical": true}, {"name": "Wikang Lubu", "bcp_47_code": "tl", "locale_id": "lang:002540", "is_canonical": true}, {"name": "Tataramon na Lubu", "bcp_47_code": "bcl", "locale_id": "lang:005135", "is_canonical": true}, {"name": "Lubu", "bcp_47_code": "nl", "locale_id": "lang:006448", "is_canonical": true}, {"name": "卢布语", "bcp_47_code": "cmn", "locale_id": "lang:004378", "is_canonical": true}, {"name": "język lubu", "bcp_47_code": "pl", "locale_id": "lang:001433", "is_canonical": true}, {"name": "Bahaso Lubu", "bcp_47_code": "min", "locale_id": "lang:006057", "is_canonical": true}, {"name": "bahasa Lubu", "bcp_47_code": "id", "locale_id": "lang:005344", "is_canonical": null}]