[{"name": "Anindilyakwa", "bcp_47_code": "en", "locale_id": "lang:004172", "is_canonical": true}, {"name": "língua enindhilyagwa", "bcp_47_code": "pt", "locale_id": "lang:001977", "is_canonical": true}, {"name": "Lenga anindilyakwa", "bcp_47_code": "pms", "locale_id": "lang:003480", "is_canonical": true}, {"name": "энинтиляква", "bcp_47_code": "ru", "locale_id": "lang:006745", "is_canonical": true}, {"name": "anindilyakwa jezik", "bcp_47_code": "hr", "locale_id": "lang:001280", "is_canonical": true}, {"name": "lingua enindhilyagwa", "bcp_47_code": "it", "locale_id": "lang:005147", "is_canonical": true}, {"name": "enindhilyagwa", "bcp_47_code": "nb", "locale_id": "lang:000958", "is_canonical": true}, {"name": "エニンディリャグワ語", "bcp_47_code": "ja", "locale_id": "lang:005185", "is_canonical": true}, {"name": "anindilyakwa", "bcp_47_code": "sv", "locale_id": "lang:004782", "is_canonical": true}, {"name": "anindiljakva keel", "bcp_47_code": "et", "locale_id": "lang:007279", "is_canonical": true}, {"name": "anindilyakwa", "bcp_47_code": "fr", "locale_id": "lang:002512", "is_canonical": true}, {"name": "Gjuha enindhilyagwa", "bcp_47_code": "sq", "locale_id": "lang:006275", "is_canonical": true}, {"name": "Kianindilyakwa", "bcp_47_code": "sw", "locale_id": "lang:001597", "is_canonical": true}, {"name": "Lingua enindhilyagwa", "bcp_47_code": "gl", "locale_id": "lang:006921", "is_canonical": true}, {"name": "阿宁迪利亚夸语", "bcp_47_code": "cmn", "locale_id": "lang:004378", "is_canonical": true}, {"name": "enindhilyagwa", "bcp_47_code": "vec", "locale_id": "lang:004329", "is_canonical": true}, {"name": "anindilyakwa", "bcp_47_code": "cs", "locale_id": "lang:007371", "is_canonical": true}, {"name": "эниндхильягва", "bcp_47_code": "ru", "locale_id": "lang:006745", "is_canonical": null}, {"name": "аниндиляква", "bcp_47_code": "ru", "locale_id": "lang:006745", "is_canonical": null}, {"name": "нинтильяква", "bcp_47_code": "ru", "locale_id": "lang:006745", "is_canonical": null}, {"name": "анинтильяква", "bcp_47_code": "ru", "locale_id": "lang:006745", "is_canonical": null}, {"name": "эниндхилягва", "bcp_47_code": "ru", "locale_id": "lang:006745", "is_canonical": null}, {"name": "анинтиляква", "bcp_47_code": "ru", "locale_id": "lang:006745", "is_canonical": null}, {"name": "энинтильяква", "bcp_47_code": "ru", "locale_id": "lang:006745", "is_canonical": null}, {"name": "enindhilyagwa", "bcp_47_code": "it", "locale_id": "lang:005147", "is_canonical": null}, {"name": "lingua anindilyakwa", "bcp_47_code": "it", "locale_id": "lang:005147", "is_canonical": null}, {"name": "Enindhilyagwa", "bcp_47_code": "en", "locale_id": "lang:004172", "is_canonical": null}, {"name": "anindhiljagu keel", "bcp_47_code": "et", "locale_id": "lang:007279", "is_canonical": null}, {"name": "Lingua anindilyakwa", "bcp_47_code": "gl", "locale_id": "lang:006921", "is_canonical": null}, {"name": "アニンディリャクワ語", "bcp_47_code": "ja", "locale_id": "lang:005185", "is_canonical": null}, {"name": "enindhilyagwa", "bcp_47_code": "no", "locale_id": "lang:002536", "is_canonical": true}]