[{"name": "Kua", "bcp_47_code": "en", "locale_id": "lang:004172", "is_canonical": true}, {"name": "Southern Tshwa", "bcp_47_code": "en", "locale_id": "lang:004172", "is_canonical": true}, {"name": "lingua kua", "bcp_47_code": "it", "locale_id": "lang:005147", "is_canonical": true}, {"name": "Lenga Kua", "bcp_47_code": "pms", "locale_id": "lang:003480", "is_canonical": true}, {"name": "kua jezik", "bcp_47_code": "hr", "locale_id": "lang:001280", "is_canonical": true}, {"name": "kua", "bcp_47_code": "fr", "locale_id": "lang:002512", "is_canonical": true}, {"name": "kua", "bcp_47_code": "vec", "locale_id": "lang:004329", "is_canonical": true}]