[{"name": "Komi-Permyak", "bcp_47_code": "en", "locale_id": "lang:004172", "is_canonical": true}, {"name": "Komi-Permyaks", "bcp_47_code": "af", "locale_id": "lang:006849", "is_canonical": true}, {"name": "ኮሚ ፔርምያክ", "bcp_47_code": "am", "locale_id": "lang:000379", "is_canonical": true}, {"name": "كومي-بيرماياك", "bcp_47_code": "ar", "locale_id": "lang:000884", "is_canonical": true}, {"name": "komi-permyak", "bcp_47_code": "ast", "locale_id": "lang:006965", "is_canonical": true}, {"name": "komi-permyak", "bcp_47_code": "az", "locale_id": "lang:000492", "is_canonical": true}, {"name": "комі-пярмяцкая", "bcp_47_code": "be", "locale_id": "lang:004942", "is_canonical": true}, {"name": "коми-пермякски", "bcp_47_code": "bg", "locale_id": "lang:003294", "is_canonical": true}, {"name": "কমি-পারমিআক", "bcp_47_code": "bn", "locale_id": "lang:000178", "is_canonical": true}, {"name": "komi-permski", "bcp_47_code": "bs", "locale_id": "lang:005177", "is_canonical": true}, {"name": "komi-permiac", "bcp_47_code": "ca", "locale_id": "lang:000334", "is_canonical": true}, {"name": "𑄇𑄧𑄟𑄨-𑄛𑄢𑄧𑄟𑄨𑄃𑄇𑄴", "bcp_47_code": "ccp", "locale_id": "lang:004815", "is_canonical": true}, {"name": "коми-пермякийн", "bcp_47_code": "ce", "locale_id": "lang:000120", "is_canonical": true}, {"name": "komi-permjačtina", "bcp_47_code": "cs", "locale_id": "lang:007371", "is_canonical": true}, {"name": "Komi-Permyak", "bcp_47_code": "cy", "locale_id": "lang:005257", "is_canonical": true}, {"name": "komi-permjakisk", "bcp_47_code": "da", "locale_id": "lang:006478", "is_canonical": true}, {"name": "Komi-Permjakisch", "bcp_47_code": "de", "locale_id": "lang:006636", "is_canonical": true}, {"name": "komi-permyak", "bcp_47_code": "dsb", "locale_id": "lang:007093", "is_canonical": true}, {"name": "Κόμι-Περμιάκ", "bcp_47_code": "el", "locale_id": "lang:002331", "is_canonical": true}, {"name": "komi permio", "bcp_47_code": "es", "locale_id": "lang:005944", "is_canonical": true}, {"name": "permikomi", "bcp_47_code": "et", "locale_id": "lang:007279", "is_canonical": true}, {"name": "komi-permyakera", "bcp_47_code": "eu", "locale_id": "lang:004920", "is_canonical": true}, {"name": "کومی پرمیاک", "bcp_47_code": "fa", "locale_id": "lang:005211", "is_canonical": true}, {"name": "komipermjakki", "bcp_47_code": "fi", "locale_id": "lang:005250", "is_canonical": true}, {"name": "Komi-Permyak", "bcp_47_code": "fil", "locale_id": "lang:004854", "is_canonical": true}, {"name": "komi-permyak", "bcp_47_code": "fo", "locale_id": "lang:005789", "is_canonical": true}, {"name": "komi-permiak", "bcp_47_code": "fr", "locale_id": "lang:002512", "is_canonical": true}, {"name": "Komi-Permyak", "bcp_47_code": "gd", "locale_id": "lang:005113", "is_canonical": true}, {"name": "komi permio", "bcp_47_code": "gl", "locale_id": "lang:006921", "is_canonical": true}, {"name": "કોમી-પર્મ્યાક", "bcp_47_code": "gu", "locale_id": "lang:006797", "is_canonical": true}, {"name": "קומי-פרמיאקית", "bcp_47_code": "he", "locale_id": "lang:000780", "is_canonical": true}, {"name": "कोमी-पर्मयाक", "bcp_47_code": "hi", "locale_id": "lang:005010", "is_canonical": true}, {"name": "komi-permski", "bcp_47_code": "hr", "locale_id": "lang:001280", "is_canonical": true}, {"name": "permska komišćina", "bcp_47_code": "hsb", "locale_id": "lang:002868", "is_canonical": true}, {"name": "komi-permják", "bcp_47_code": "hu", "locale_id": "lang:004445", "is_canonical": true}, {"name": "պերմյակ կոմիերեն", "bcp_47_code": "hy", "locale_id": "lang:006918", "is_canonical": true}, {"name": "Komi-Permyak", "bcp_47_code": "id", "locale_id": "lang:005344", "is_canonical": true}, {"name": "kómí-permyak", "bcp_47_code": "is", "locale_id": "lang:006417", "is_canonical": true}, {"name": "permiaco", "bcp_47_code": "it", "locale_id": "lang:005147", "is_canonical": true}, {"name": "コミ・ペルミャク語", "bcp_47_code": "ja", "locale_id": "lang:005185", "is_canonical": true}, {"name": "კომი-პერმიაკული", "bcp_47_code": "ka", "locale_id": "lang:005687", "is_canonical": true}, {"name": "komi-permiak", "bcp_47_code": "kea", "locale_id": "lang:000423", "is_canonical": true}, {"name": "komĩ-permyjag", "bcp_47_code": "kgp", "locale_id": "lang:005254", "is_canonical": true}, {"name": "коми-пермяк тілі", "bcp_47_code": "kk", "locale_id": "lang:001017", "is_canonical": true}, {"name": "គូមីភឹមយ៉ាគ", "bcp_47_code": "km", "locale_id": "lang:000690", "is_canonical": true}, {"name": "ಕೋಮಿ-ಪರ್ಮ್ಯಕ್", "bcp_47_code": "kn", "locale_id": "lang:006289", "is_canonical": true}, {"name": "코미페르먀크어", "bcp_47_code": "ko", "locale_id": "lang:000685", "is_canonical": true}, {"name": "коми-пермякча", "bcp_47_code": "ky", "locale_id": "lang:003193", "is_canonical": true}, {"name": "Komi-Permiak", "bcp_47_code": "lb", "locale_id": "lang:003324", "is_canonical": true}, {"name": "ໂຄມີ-ເພີມຢັກ", "bcp_47_code": "lo", "locale_id": "lang:002848", "is_canonical": true}, {"name": "کومی پئرمیاک", "bcp_47_code": "lrc", "locale_id": "lang:001958", "is_canonical": true}, {"name": "komių-permių", "bcp_47_code": "lt", "locale_id": "lang:000996", "is_canonical": true}, {"name": "komiešu-permiešu", "bcp_47_code": "lv", "locale_id": "lang:006606", "is_canonical": true}, {"name": "коми-пермјачки", "bcp_47_code": "mk", "locale_id": "lang:001683", "is_canonical": true}, {"name": "കോമി-പെർമ്യാക്ക്", "bcp_47_code": "ml", "locale_id": "lang:001880", "is_canonical": true}, {"name": "коми-пермяк", "bcp_47_code": "mn", "locale_id": "lang:005506", "is_canonical": true}, {"name": "कोमी-परम्याक", "bcp_47_code": "mr", "locale_id": "lang:003376", "is_canonical": true}, {"name": "Komi-Permyak", "bcp_47_code": "ms", "locale_id": "lang:001263", "is_canonical": true}, {"name": "ကိုမီ-ပါမြက်", "bcp_47_code": "my", "locale_id": "lang:004196", "is_canonical": true}, {"name": "کومی-پرمیاک", "bcp_47_code": "mzn", "locale_id": "lang:005912", "is_canonical": true}, {"name": "Komipermjaksch", "bcp_47_code": "nds", "locale_id": "lang:001710", "is_canonical": true}, {"name": "कोमी-पर्म्याक", "bcp_47_code": "ne", "locale_id": "lang:004630", "is_canonical": true}, {"name": "Komi-Permjaaks", "bcp_47_code": "nl", "locale_id": "lang:006448", "is_canonical": true}, {"name": "komipermjakisk", "bcp_47_code": "no", "locale_id": "lang:002536", "is_canonical": true}, {"name": "ਕੋਮੀ-ਪੇਰਮਿਆਕ", "bcp_47_code": "pa", "locale_id": "lang:003658", "is_canonical": true}, {"name": "komi-permiacki", "bcp_47_code": "pl", "locale_id": "lang:001433", "is_canonical": true}, {"name": "komi-permyak", "bcp_47_code": "pt", "locale_id": "lang:001977", "is_canonical": true}, {"name": "komi-permiak", "bcp_47_code": "ro", "locale_id": "lang:006592", "is_canonical": true}, {"name": "коми-пермяцкий", "bcp_47_code": "ru", "locale_id": "lang:006745", "is_canonical": true}, {"name": "කොමි-පර්මියාක්", "bcp_47_code": "si", "locale_id": "lang:000326", "is_canonical": true}, {"name": "komi-permiačtina", "bcp_47_code": "sk", "locale_id": "lang:005464", "is_canonical": true}, {"name": "komi-permjaščina", "bcp_47_code": "sl", "locale_id": "lang:004352", "is_canonical": true}, {"name": "komi-parmjakisht", "bcp_47_code": "sq", "locale_id": "lang:006275", "is_canonical": true}, {"name": "коми-пермски", "bcp_47_code": "sr", "locale_id": "lang:002701", "is_canonical": true}, {"name": "komi-permjakiska", "bcp_47_code": "sv", "locale_id": "lang:004782", "is_canonical": true}, {"name": "Kikomi-Permyak", "bcp_47_code": "sw", "locale_id": "lang:001597", "is_canonical": true}, {"name": "கொமி-பெர்ம்யாக்", "bcp_47_code": "ta", "locale_id": "lang:002996", "is_canonical": true}, {"name": "కోమి-పర్మాక్", "bcp_47_code": "te", "locale_id": "lang:000508", "is_canonical": true}, {"name": "โคมิ-เปียร์เมียค", "bcp_47_code": "th", "locale_id": "lang:000248", "is_canonical": true}, {"name": "lea fakakomi-pelemiaki", "bcp_47_code": "to", "locale_id": "lang:006037", "is_canonical": true}, {"name": "Komi-Permyak", "bcp_47_code": "tr", "locale_id": "lang:000917", "is_canonical": true}, {"name": "комі-перм’яцька", "bcp_47_code": "uk", "locale_id": "lang:001994", "is_canonical": true}, {"name": "کومی پرمیاک", "bcp_47_code": "ur", "locale_id": "lang:001103", "is_canonical": true}, {"name": "komi-permyak", "bcp_47_code": "uz", "locale_id": "lang:003386", "is_canonical": true}, {"name": "tiếng Komi-Permyak", "bcp_47_code": "vi", "locale_id": "lang:004523", "is_canonical": true}, {"name": "kumi-perimiaki", "bcp_47_code": "yrl", "locale_id": "lang:006863", "is_canonical": true}, {"name": "科米-彼爾米亞克文", "bcp_47_code": "yue", "locale_id": "lang:005108", "is_canonical": true}, {"name": "科米-彼尔米亚克语", "bcp_47_code": "cmn", "locale_id": "lang:004378", "is_canonical": true}, {"name": "isi-Komi-Permyak", "bcp_47_code": "zu", "locale_id": "lang:007247", "is_canonical": true}, {"name": "Komi-Permjak", "bcp_47_code": "af", "locale_id": "lang:006849", "is_canonical": null}, {"name": "ኮሚኛ-ፐርሚያክኛ", "bcp_47_code": "am", "locale_id": "lang:000379", "is_canonical": null}, {"name": "كومي بيرمياك", "bcp_47_code": "ar", "locale_id": "lang:000884", "is_canonical": null}, {"name": "কোমি-পাৰম্যাক", "bcp_47_code": "as", "locale_id": "lang:003208", "is_canonical": true}, {"name": "Komi-Permyak", "bcp_47_code": "az", "locale_id": "lang:000492", "is_canonical": null}, {"name": "коми-пермяцки", "bcp_47_code": "bg", "locale_id": "lang:003294", "is_canonical": null}, {"name": "কোমি-পার্মিয়াক", "bcp_47_code": "bn", "locale_id": "lang:000178", "is_canonical": null}, {"name": "komi-permska", "bcp_47_code": "bs", "locale_id": "lang:005177", "is_canonical": null}, {"name": "komipermjakisk", "bcp_47_code": "da", "locale_id": "lang:006478", "is_canonical": null}, {"name": "permgo komiarra", "bcp_47_code": "eu", "locale_id": "lang:004920", "is_canonical": null}, {"name": "کومی-پرمیاکی", "bcp_47_code": "fa", "locale_id": "lang:005211", "is_canonical": null}, {"name": "Komi permiano", "bcp_47_code": "gl", "locale_id": "lang:006921", "is_canonical": null}, {"name": "Komi-Permjakisch", "bcp_47_code": "gsw", "locale_id": "lang:006414", "is_canonical": true}, {"name": "કોમી-પરમ્યાક", "bcp_47_code": "gu", "locale_id": "lang:006797", "is_canonical": null}, {"name": "קומי-פרמיאק", "bcp_47_code": "he", "locale_id": "lang:000780", "is_canonical": true}, {"name": "कोमी-परम्याक", "bcp_47_code": "hi", "locale_id": "lang:005010", "is_canonical": null}, {"name": "komi-permjački", "bcp_47_code": "hr", "locale_id": "lang:001280", "is_canonical": null}, {"name": "permják komi", "bcp_47_code": "hu", "locale_id": "lang:004445", "is_canonical": null}, {"name": "Komi-Permyak", "bcp_47_code": "in", "locale_id": "lang:005344", "is_canonical": true}, {"name": "komi-permyak", "bcp_47_code": "is", "locale_id": "lang:006417", "is_canonical": null}, {"name": "コミ ペルミャク語", "bcp_47_code": "ja", "locale_id": "lang:005185", "is_canonical": null}, {"name": "Коми-пермяк", "bcp_47_code": "kk", "locale_id": "lang:001017", "is_canonical": null}, {"name": "កូមីភឺមយ៉ាក់", "bcp_47_code": "km", "locale_id": "lang:000690", "is_canonical": null}, {"name": "ಕೋಮಿ-ಪರ್ಮ್ಯಾಕ್", "bcp_47_code": "kn", "locale_id": "lang:006289", "is_canonical": null}, {"name": "코미 페르먀크어", "bcp_47_code": "ko", "locale_id": "lang:000685", "is_canonical": null}, {"name": "Коми-пермякча", "bcp_47_code": "ky", "locale_id": "lang:003193", "is_canonical": null}, {"name": "Komi-permiak", "bcp_47_code": "ln", "locale_id": "lang:005075", "is_canonical": true}, {"name": "ໂຄມີ-ເພີມີຢັກ", "bcp_47_code": "lo", "locale_id": "lang:002848", "is_canonical": null}, {"name": "komių permių kalba", "bcp_47_code": "lt", "locale_id": "lang:000996", "is_canonical": null}, {"name": "കോമി-പെർമിയാക്", "bcp_47_code": "ml", "locale_id": "lang:001880", "is_canonical": null}, {"name": "Коми-Пэрмяак", "bcp_47_code": "mn", "locale_id": "lang:005506", "is_canonical": null}, {"name": "Komi-Permyak", "bcp_47_code": "mo", "locale_id": "lang:006592", "is_canonical": true}, {"name": "कोमी-परमिक", "bcp_47_code": "mr", "locale_id": "lang:003376", "is_canonical": null}, {"name": "ကိုမိပါမြက်", "bcp_47_code": "my", "locale_id": "lang:004196", "is_canonical": null}, {"name": "komipermjakisk", "bcp_47_code": "nb", "locale_id": "lang:000958", "is_canonical": true}, {"name": "कोमी पेर्म्याक", "bcp_47_code": "ne", "locale_id": "lang:004630", "is_canonical": null}, {"name": "କୋମି-ପେରମ୍ୟାକ", "bcp_47_code": "or", "locale_id": "lang:001930", "is_canonical": true}, {"name": "ਕੋਮੀ-ਪਰਮਿਕ", "bcp_47_code": "pa", "locale_id": "lang:003658", "is_canonical": null}, {"name": "komi-permyak", "bcp_47_code": "ro", "locale_id": "lang:006592", "is_canonical": null}, {"name": "කොමි-පර්ම්යාක්", "bcp_47_code": "si", "locale_id": "lang:000326", "is_canonical": null}, {"name": "komi-permjačtina", "bcp_47_code": "sk", "locale_id": "lang:005464", "is_canonical": null}, {"name": "Komipermjakisht", "bcp_47_code": "sq", "locale_id": "lang:006275", "is_canonical": null}, {"name": "коми-пермјачка", "bcp_47_code": "sr", "locale_id": "lang:002701", "is_canonical": null}, {"name": "கோமி-பெர்மியாக்", "bcp_47_code": "ta", "locale_id": "lang:002996", "is_canonical": null}, {"name": "కోమి-పెర్మ్యాక్", "bcp_47_code": "te", "locale_id": "lang:000508", "is_canonical": null}, {"name": "Komi-Permyak", "bcp_47_code": "tl", "locale_id": "lang:002540", "is_canonical": true}, {"name": "彼尔姆科米语", "bcp_47_code": "cmn", "locale_id": "lang:004378", "is_canonical": null}, {"name": "język komi-permiacki", "bcp_47_code": "pl", "locale_id": "lang:001433", "is_canonical": null}, {"name": "Коми-пермяк кыл", "bcp_47_code": "udm", "locale_id": "lang:005491", "is_canonical": true}, {"name": "permikomi keel", "bcp_47_code": "et", "locale_id": "lang:007279", "is_canonical": null}, {"name": "komieg-permyakeg", "bcp_47_code": "br", "locale_id": "lang:003643", "is_canonical": true}, {"name": "ПеКоми-пермяцкӧй кыв", "bcp_47_code": "koi", "locale_id": "lang:000082", "is_canonical": null}, {"name": "língua komi-permyak", "bcp_47_code": "pt", "locale_id": "lang:001977", "is_canonical": null}, {"name": "komipermjaka lingvo", "bcp_47_code": "eo", "locale_id": "lang:001065", "is_canonical": true}, {"name": "коми-пермяцкий язык", "bcp_47_code": "ru", "locale_id": "lang:006745", "is_canonical": null}, {"name": "Permyak", "bcp_47_code": "en", "locale_id": "lang:004172", "is_canonical": null}, {"name": "komipermjakgiella", "bcp_47_code": "se", "locale_id": "lang:000771", "is_canonical": true}, {"name": "коми-пермјачки јазик", "bcp_47_code": "mk", "locale_id": "lang:001683", "is_canonical": null}, {"name": "komi-permià", "bcp_47_code": "ca", "locale_id": "lang:000334", "is_canonical": null}, {"name": "komipermjakin kieli", "bcp_47_code": "fi", "locale_id": "lang:005250", "is_canonical": null}, {"name": "комі-перм'яцька мова", "bcp_47_code": "uk", "locale_id": "lang:001994", "is_canonical": null}, {"name": "комі-пярмяцкая мова", "bcp_47_code": "be", "locale_id": "lang:004942", "is_canonical": null}, {"name": "komipermjakisk", "bcp_47_code": "nn", "locale_id": "lang:005019", "is_canonical": true}, {"name": "Permės kuomiu kalba", "bcp_47_code": "sgs", "locale_id": "lang:005783", "is_canonical": true}, {"name": "коми-пермяк йылме", "bcp_47_code": "mhr", "locale_id": "lang:003056", "is_canonical": true}, {"name": "Перым коми кыв", "bcp_47_code": "kv", "locale_id": "lang:000812", "is_canonical": true}, {"name": "Permin komin kel'", "bcp_47_code": "vep", "locale_id": "lang:002743", "is_canonical": true}, {"name": "زبان کومی-پرمیاکی", "bcp_47_code": "fa", "locale_id": "lang:005211", "is_canonical": null}, {"name": "Komi-permyak dili", "bcp_47_code": "az", "locale_id": "lang:000492", "is_canonical": null}, {"name": "Коми-пермякийн мотт", "bcp_47_code": "ce", "locale_id": "lang:000120", "is_canonical": null}, {"name": "Коми-пермяконь кель", "bcp_47_code": "myv", "locale_id": "lang:003656", "is_canonical": true}, {"name": "Коми-перĕм чĕлхи", "bcp_47_code": "cv", "locale_id": "lang:003469", "is_canonical": true}, {"name": "Komi-Permyak", "bcp_47_code": "hif", "locale_id": "lang:004553", "is_canonical": true}, {"name": "Permikomin kieli", "bcp_47_code": "olo", "locale_id": "lang:007186", "is_canonical": true}, {"name": "Lenga Komi-Permyak", "bcp_47_code": "pms", "locale_id": "lang:003480", "is_canonical": true}, {"name": "Lingua komi-permyac", "bcp_47_code": "gl", "locale_id": "lang:006921", "is_canonical": null}, {"name": "Wikang Komi-Permyak", "bcp_47_code": "tl", "locale_id": "lang:002540", "is_canonical": null}, {"name": "Permjakisch", "bcp_47_code": "de", "locale_id": "lang:006636", "is_canonical": null}, {"name": "کومی-پرمیاک دیلی", "bcp_47_code": "azb", "locale_id": "lang:003109", "is_canonical": true}, {"name": "Коми-пермяк хэлэн", "bcp_47_code": "bxr", "locale_id": "lang:006271", "is_canonical": true}, {"name": "komi-permyak tili", "bcp_47_code": "uz", "locale_id": "lang:003386", "is_canonical": null}, {"name": "idioma komi permio", "bcp_47_code": "ast", "locale_id": "lang:006965", "is_canonical": null}, {"name": "Permikomi kiil", "bcp_47_code": "vro", "locale_id": "lang:001751", "is_canonical": true}, {"name": "კომი-პერმული ენა", "bcp_47_code": "ka", "locale_id": "lang:005687", "is_canonical": null}, {"name": "komi-permyak", "bcp_47_code": "eu", "locale_id": "lang:004920", "is_canonical": null}, {"name": "Акоми-пермиак бызшәа", "bcp_47_code": "ab", "locale_id": "lang:006291", "is_canonical": true}, {"name": "permják", "bcp_47_code": "hu", "locale_id": "lang:004445", "is_canonical": null}, {"name": "كومى بيرمياك", "bcp_47_code": "arz", "locale_id": "lang:004060", "is_canonical": true}, {"name": "коми-пермякски език", "bcp_47_code": "bg", "locale_id": "lang:003294", "is_canonical": null}, {"name": "komipermjakkielâ", "bcp_47_code": "smn", "locale_id": "lang:000203", "is_canonical": true}, {"name": "коми-пермјачки језик", "bcp_47_code": "sr", "locale_id": "lang:002701", "is_canonical": null}, {"name": "Permyakça", "bcp_47_code": "tr", "locale_id": "lang:000917", "is_canonical": null}, {"name": "ᱯᱟᱨᱢᱤᱭᱟᱠ ᱯᱟᱹᱨᱥᱤ", "bcp_47_code": "sat", "locale_id": "lang:006025", "is_canonical": true}, {"name": "彼爾姆科米語", "bcp_47_code": "cmn", "locale_id": "lang:004378", "is_canonical": null}, {"name": "Коми-пермь теле", "bcp_47_code": "tt", "locale_id": "lang:003939", "is_canonical": true}, {"name": "بيرمياك", "bcp_47_code": "ar", "locale_id": "lang:000884", "is_canonical": null}, {"name": "komi pèrmio", "bcp_47_code": "vec", "locale_id": "lang:004329", "is_canonical": true}, {"name": "język komi-permski", "bcp_47_code": "pl", "locale_id": "lang:001433", "is_canonical": null}, {"name": "komi permyak", "bcp_47_code": "es", "locale_id": "lang:005944", "is_canonical": null}, {"name": "lingua permiaca", "bcp_47_code": "it", "locale_id": "lang:005147", "is_canonical": null}, {"name": "língua komi-permyakia", "bcp_47_code": "pt", "locale_id": "lang:001977", "is_canonical": null}, {"name": "komi-permjaka lingvo", "bcp_47_code": "eo", "locale_id": "lang:001065", "is_canonical": null}, {"name": "пермяцкий язык", "bcp_47_code": "ru", "locale_id": "lang:006745", "is_canonical": null}, {"name": "permià", "bcp_47_code": "ca", "locale_id": "lang:000334", "is_canonical": null}, {"name": "komi permià", "bcp_47_code": "ca", "locale_id": "lang:000334", "is_canonical": null}, {"name": "комі-перм’яцька мова", "bcp_47_code": "uk", "locale_id": "lang:001994", "is_canonical": null}, {"name": "komipermjakisk språk", "bcp_47_code": "nn", "locale_id": "lang:005019", "is_canonical": null}, {"name": "komi-permština", "bcp_47_code": "cs", "locale_id": "lang:007371", "is_canonical": null}, {"name": "permština", "bcp_47_code": "cs", "locale_id": "lang:007371", "is_canonical": null}, {"name": "permjačtina", "bcp_47_code": "cs", "locale_id": "lang:007371", "is_canonical": null}, {"name": "Коми-Перым кыв", "bcp_47_code": "kv", "locale_id": "lang:000812", "is_canonical": null}, {"name": "permės komių kalba", "bcp_47_code": "lt", "locale_id": "lang:000996", "is_canonical": null}, {"name": "komių-permių kalba", "bcp_47_code": "lt", "locale_id": "lang:000996", "is_canonical": null}, {"name": "komių - permių kalba", "bcp_47_code": "lt", "locale_id": "lang:000996", "is_canonical": null}, {"name": "Permisch", "bcp_47_code": "nl", "locale_id": "lang:006448", "is_canonical": null}, {"name": "Permjak", "bcp_47_code": "nl", "locale_id": "lang:006448", "is_canonical": null}, {"name": "komi-permják nyelv", "bcp_47_code": "hu", "locale_id": "lang:004445", "is_canonical": null}, {"name": "permják komi nyelv", "bcp_47_code": "hu", "locale_id": "lang:004445", "is_canonical": null}, {"name": "彼尔米亚克语", "bcp_47_code": "cmn", "locale_id": "lang:004378", "is_canonical": null}, {"name": "科米-彼爾米亞克語", "bcp_47_code": "cmn", "locale_id": "lang:004378", "is_canonical": null}, {"name": "перем коми кыв", "bcp_47_code": "koi", "locale_id": "lang:000082", "is_canonical": null}, {"name": "코이", "bcp_47_code": "ko", "locale_id": "lang:000685", "is_canonical": null}, {"name": "Komipermjakgiella", "bcp_47_code": "se", "locale_id": "lang:000771", "is_canonical": null}, {"name": "Перем коми", "bcp_47_code": "koi", "locale_id": "lang:000082", "is_canonical": true}, {"name": "&#1055;&#1077;&#1088;&#1077;&#1084; &#1050;&#1086;&#1084;&#1080; (Perem Komi)", "bcp_47_code": "koi", "locale_id": "lang:000082", "is_canonical": false}]