[{"name": "Karelian", "bcp_47_code": "en", "locale_id": "lang:004172", "is_canonical": true}, {"name": "акарел", "bcp_47_code": "ab", "locale_id": "lang:006291", "is_canonical": true}, {"name": "Karelies", "bcp_47_code": "af", "locale_id": "lang:006849", "is_canonical": true}, {"name": "ካረሊኛ", "bcp_47_code": "am", "locale_id": "lang:000379", "is_canonical": true}, {"name": "الكاريلية", "bcp_47_code": "ar", "locale_id": "lang:000884", "is_canonical": true}, {"name": "কেৰেলিয়ান", "bcp_47_code": "as", "locale_id": "lang:003208", "is_canonical": true}, {"name": "karelianu", "bcp_47_code": "ast", "locale_id": "lang:006965", "is_canonical": true}, {"name": "karel", "bcp_47_code": "az", "locale_id": "lang:000492", "is_canonical": true}, {"name": "карэльская", "bcp_47_code": "be", "locale_id": "lang:004942", "is_canonical": true}, {"name": "карелски", "bcp_47_code": "bg", "locale_id": "lang:003294", "is_canonical": true}, {"name": "کاریلینی", "bcp_47_code": "bgn", "locale_id": "lang:004443", "is_canonical": true}, {"name": "কারেলিয়ান", "bcp_47_code": "bn", "locale_id": "lang:000178", "is_canonical": true}, {"name": "karelieg", "bcp_47_code": "br", "locale_id": "lang:003643", "is_canonical": true}, {"name": "करेलियान", "bcp_47_code": "brx", "locale_id": "lang:003716", "is_canonical": true}, {"name": "karelijski", "bcp_47_code": "bs", "locale_id": "lang:005177", "is_canonical": true}, {"name": "carelià", "bcp_47_code": "ca", "locale_id": "lang:000334", "is_canonical": true}, {"name": "𑄇𑄢𑄬𑄣𑄨𑄠𑄚𑄴", "bcp_47_code": "ccp", "locale_id": "lang:004815", "is_canonical": true}, {"name": "карелийн", "bcp_47_code": "ce", "locale_id": "lang:000120", "is_canonical": true}, {"name": "ᎧᎴᎵᎠᏂ", "bcp_47_code": "chr", "locale_id": "lang:004490", "is_canonical": true}, {"name": "کارێلی", "bcp_47_code": "ckb", "locale_id": "lang:002255", "is_canonical": true}, {"name": "karelština", "bcp_47_code": "cs", "locale_id": "lang:007371", "is_canonical": true}, {"name": "Careleg", "bcp_47_code": "cy", "locale_id": "lang:005257", "is_canonical": true}, {"name": "karelsk", "bcp_47_code": "da", "locale_id": "lang:006478", "is_canonical": true}, {"name": "Karelisch", "bcp_47_code": "de", "locale_id": "lang:006636", "is_canonical": true}, {"name": "karelianšćina", "bcp_47_code": "dsb", "locale_id": "lang:007093", "is_canonical": true}, {"name": "Καρελικά", "bcp_47_code": "el", "locale_id": "lang:002331", "is_canonical": true}, {"name": "karela", "bcp_47_code": "eo", "locale_id": "lang:001065", "is_canonical": true}, {"name": "carelio", "bcp_47_code": "es", "locale_id": "lang:005944", "is_canonical": true}, {"name": "karjala", "bcp_47_code": "et", "locale_id": "lang:007279", "is_canonical": true}, {"name": "kareliera", "bcp_47_code": "eu", "locale_id": "lang:004920", "is_canonical": true}, {"name": "کاریلیانی", "bcp_47_code": "fa", "locale_id": "lang:005211", "is_canonical": true}, {"name": "karjala", "bcp_47_code": "fi", "locale_id": "lang:005250", "is_canonical": true}, {"name": "Karelian", "bcp_47_code": "fil", "locale_id": "lang:004854", "is_canonical": true}, {"name": "karelskt", "bcp_47_code": "fo", "locale_id": "lang:005789", "is_canonical": true}, {"name": "carélien", "bcp_47_code": "fr", "locale_id": "lang:002512", "is_canonical": true}, {"name": "Karelysk", "bcp_47_code": "fy", "locale_id": "lang:000608", "is_canonical": true}, {"name": "Cairéilis", "bcp_47_code": "ga", "locale_id": "lang:005513", "is_canonical": true}, {"name": "Cairealais", "bcp_47_code": "gd", "locale_id": "lang:005113", "is_canonical": true}, {"name": "carelio", "bcp_47_code": "gl", "locale_id": "lang:006921", "is_canonical": true}, {"name": "Karelisch", "bcp_47_code": "gsw", "locale_id": "lang:006414", "is_canonical": true}, {"name": "કરેલિયન", "bcp_47_code": "gu", "locale_id": "lang:006797", "is_canonical": true}, {"name": "Kareliyanci", "bcp_47_code": "ha", "locale_id": "lang:006769", "is_canonical": true}, {"name": "קארלית", "bcp_47_code": "he", "locale_id": "lang:000780", "is_canonical": true}, {"name": "करेलियन", "bcp_47_code": "hi", "locale_id": "lang:005010", "is_canonical": true}, {"name": "karelijski", "bcp_47_code": "hr", "locale_id": "lang:001280", "is_canonical": true}, {"name": "karelianšćina", "bcp_47_code": "hsb", "locale_id": "lang:002868", "is_canonical": true}, {"name": "karelai", "bcp_47_code": "hu", "locale_id": "lang:004445", "is_canonical": true}, {"name": "կարելերեն", "bcp_47_code": "hy", "locale_id": "lang:006918", "is_canonical": true}, {"name": "careliano", "bcp_47_code": "ia", "locale_id": "lang:008680", "is_canonical": true}, {"name": "Karelia", "bcp_47_code": "id", "locale_id": "lang:005344", "is_canonical": true}, {"name": "Karelian", "bcp_47_code": "ig", "locale_id": "lang:002832", "is_canonical": true}, {"name": "karélska", "bcp_47_code": "is", "locale_id": "lang:006417", "is_canonical": true}, {"name": "careliano", "bcp_47_code": "it", "locale_id": "lang:005147", "is_canonical": true}, {"name": "カレリア語", "bcp_47_code": "ja", "locale_id": "lang:005185", "is_canonical": true}, {"name": "Karelian", "bcp_47_code": "jv", "locale_id": "lang:006418", "is_canonical": true}, {"name": "კარელიური", "bcp_47_code": "ka", "locale_id": "lang:005687", "is_canonical": true}, {"name": "Takarilyant", "bcp_47_code": "kab", "locale_id": "lang:002124", "is_canonical": true}, {"name": "karérijo", "bcp_47_code": "kgp", "locale_id": "lang:005254", "is_canonical": true}, {"name": "карель тілі", "bcp_47_code": "kk", "locale_id": "lang:001017", "is_canonical": true}, {"name": "ការីលា", "bcp_47_code": "km", "locale_id": "lang:000690", "is_canonical": true}, {"name": "ಕರೇಲಿಯನ್", "bcp_47_code": "kn", "locale_id": "lang:006289", "is_canonical": true}, {"name": "카렐리야어", "bcp_47_code": "ko", "locale_id": "lang:000685", "is_canonical": true}, {"name": "कारेलियन", "bcp_47_code": "kok", "locale_id": "lang:001978", "is_canonical": true}, {"name": "کَریلِیَن", "bcp_47_code": "ks", "locale_id": "lang:004361", "is_canonical": true}, {"name": "Karehlesch", "bcp_47_code": "ksh", "locale_id": "lang:000776", "is_canonical": true}, {"name": "карелче", "bcp_47_code": "ky", "locale_id": "lang:003193", "is_canonical": true}, {"name": "Karelesch", "bcp_47_code": "lb", "locale_id": "lang:003324", "is_canonical": true}, {"name": "carelian", "bcp_47_code": "lij", "locale_id": "lang:004453", "is_canonical": true}, {"name": "ກາເຣລຽນ", "bcp_47_code": "lo", "locale_id": "lang:002848", "is_canonical": true}, {"name": "karelų", "bcp_47_code": "lt", "locale_id": "lang:000996", "is_canonical": true}, {"name": "karēļu", "bcp_47_code": "lv", "locale_id": "lang:006606", "is_canonical": true}, {"name": "केरैलियन", "bcp_47_code": "mai", "locale_id": "lang:005797", "is_canonical": true}, {"name": "Kareriana", "bcp_47_code": "mi", "locale_id": "lang:005897", "is_canonical": true}, {"name": "карелски", "bcp_47_code": "mk", "locale_id": "lang:001683", "is_canonical": true}, {"name": "കരീലിയൻ", "bcp_47_code": "ml", "locale_id": "lang:001880", "is_canonical": true}, {"name": "карель", "bcp_47_code": "mn", "locale_id": "lang:005506", "is_canonical": true}, {"name": "करेलियन", "bcp_47_code": "mr", "locale_id": "lang:003376", "is_canonical": true}, {"name": "Karelian", "bcp_47_code": "ms", "locale_id": "lang:001263", "is_canonical": true}, {"name": "Kareljan", "bcp_47_code": "mt", "locale_id": "lang:004371", "is_canonical": true}, {"name": "ကာရီလီယန်", "bcp_47_code": "my", "locale_id": "lang:004196", "is_canonical": true}, {"name": "Kareelsch", "bcp_47_code": "nds", "locale_id": "lang:001710", "is_canonical": true}, {"name": "करेलियन", "bcp_47_code": "ne", "locale_id": "lang:004630", "is_canonical": true}, {"name": "Karelisch", "bcp_47_code": "nl", "locale_id": "lang:006448", "is_canonical": true}, {"name": "karelsk", "bcp_47_code": "no", "locale_id": "lang:002536", "is_canonical": true}, {"name": "carelian", "bcp_47_code": "oc", "locale_id": "lang:003832", "is_canonical": true}, {"name": "କାରେଲିୟାନ୍", "bcp_47_code": "or", "locale_id": "lang:001930", "is_canonical": true}, {"name": "ਕਰੀਲੀਅਨ", "bcp_47_code": "pa", "locale_id": "lang:003658", "is_canonical": true}, {"name": "Karẹ́lian", "bcp_47_code": "pcm", "locale_id": "lang:002108", "is_canonical": true}, {"name": "karelski", "bcp_47_code": "pl", "locale_id": "lang:001433", "is_canonical": true}, {"name": "کاریلین", "bcp_47_code": "ps", "locale_id": "lang:006281", "is_canonical": true}, {"name": "carélio", "bcp_47_code": "pt", "locale_id": "lang:001977", "is_canonical": true}, {"name": "Karelian Simi", "bcp_47_code": "qu", "locale_id": "lang:000991", "is_canonical": true}, {"name": "carelian", "bcp_47_code": "rm", "locale_id": "lang:004318", "is_canonical": true}, {"name": "kareliană", "bcp_47_code": "ro", "locale_id": "lang:006592", "is_canonical": true}, {"name": "карельский", "bcp_47_code": "ru", "locale_id": "lang:006745", "is_canonical": true}, {"name": "ᱠᱟᱨᱮᱞᱤᱭᱟᱹᱱ", "bcp_47_code": "sat", "locale_id": "lang:006025", "is_canonical": true}, {"name": "carelianu", "bcp_47_code": "sc", "locale_id": "lang:000376", "is_canonical": true}, {"name": "ڪريلئين", "bcp_47_code": "sd", "locale_id": "lang:002987", "is_canonical": true}, {"name": "gárjilgiella", "bcp_47_code": "se", "locale_id": "lang:000771", "is_canonical": true}, {"name": "කැරෙලියන්", "bcp_47_code": "si", "locale_id": "lang:000326", "is_canonical": true}, {"name": "karelčina", "bcp_47_code": "sk", "locale_id": "lang:005464", "is_canonical": true}, {"name": "karelščina", "bcp_47_code": "sl", "locale_id": "lang:004352", "is_canonical": true}, {"name": "kärjilkielâ", "bcp_47_code": "smn", "locale_id": "lang:000203", "is_canonical": true}, {"name": "Karelian", "bcp_47_code": "so", "locale_id": "lang:000435", "is_canonical": true}, {"name": "karelianisht", "bcp_47_code": "sq", "locale_id": "lang:006275", "is_canonical": true}, {"name": "карелски", "bcp_47_code": "sr", "locale_id": "lang:002701", "is_canonical": true}, {"name": "karelska", "bcp_47_code": "sv", "locale_id": "lang:004782", "is_canonical": true}, {"name": "Karjala", "bcp_47_code": "sw", "locale_id": "lang:001597", "is_canonical": true}, {"name": "கரேலியன்", "bcp_47_code": "ta", "locale_id": "lang:002996", "is_canonical": true}, {"name": "కరేలియన్", "bcp_47_code": "te", "locale_id": "lang:000508", "is_canonical": true}, {"name": "คารีเลียน", "bcp_47_code": "th", "locale_id": "lang:000248", "is_canonical": true}, {"name": "ካረልኛ", "bcp_47_code": "ti", "locale_id": "lang:002196", "is_canonical": true}, {"name": "karel dili", "bcp_47_code": "tk", "locale_id": "lang:002001", "is_canonical": true}, {"name": "lea fakakalelia", "bcp_47_code": "to", "locale_id": "lang:006037", "is_canonical": true}, {"name": "Karelyaca", "bcp_47_code": "tr", "locale_id": "lang:000917", "is_canonical": true}, {"name": "كارەلچە", "bcp_47_code": "ug", "locale_id": "lang:003330", "is_canonical": true}, {"name": "карельська", "bcp_47_code": "uk", "locale_id": "lang:001994", "is_canonical": true}, {"name": "کیرلین", "bcp_47_code": "ur", "locale_id": "lang:001103", "is_canonical": true}, {"name": "karel", "bcp_47_code": "uz", "locale_id": "lang:003386", "is_canonical": true}, {"name": "tiếng Karelian", "bcp_47_code": "vi", "locale_id": "lang:004523", "is_canonical": true}, {"name": "Èdè Karelia", "bcp_47_code": "yo", "locale_id": "lang:003132", "is_canonical": true}, {"name": "karériu", "bcp_47_code": "yrl", "locale_id": "lang:006863", "is_canonical": true}, {"name": "卡累利阿文", "bcp_47_code": "yue", "locale_id": "lang:005108", "is_canonical": true}, {"name": "卡累利阿语", "bcp_47_code": "cmn", "locale_id": "lang:004378", "is_canonical": true}, {"name": "isi-Karelian", "bcp_47_code": "zu", "locale_id": "lang:007247", "is_canonical": true}, {"name": "ካሬሊያንኛ", "bcp_47_code": "am", "locale_id": "lang:000379", "is_canonical": null}, {"name": "কেৰেলিয়ান", "bcp_47_code": "as", "locale_id": "lang:003208", "is_canonical": null}, {"name": "Karel dili", "bcp_47_code": "az", "locale_id": "lang:000492", "is_canonical": null}, {"name": "ক্যারেলিয়ান", "bcp_47_code": "bn", "locale_id": "lang:000178", "is_canonical": null}, {"name": "karelisk", "bcp_47_code": "da", "locale_id": "lang:006478", "is_canonical": null}, {"name": "Καρελιανά", "bcp_47_code": "el", "locale_id": "lang:002331", "is_canonical": null}, {"name": "kareliarra", "bcp_47_code": "eu", "locale_id": "lang:004920", "is_canonical": null}, {"name": "کارلیایی", "bcp_47_code": "fa", "locale_id": "lang:005211", "is_canonical": null}, {"name": "Carelio", "bcp_47_code": "gl", "locale_id": "lang:006921", "is_canonical": null}, {"name": "קרלית", "bcp_47_code": "he", "locale_id": "lang:000780", "is_canonical": true}, {"name": "करीलियन", "bcp_47_code": "hi", "locale_id": "lang:005010", "is_canonical": null}, {"name": "karél", "bcp_47_code": "hu", "locale_id": "lang:004445", "is_canonical": null}, {"name": "Karelia", "bcp_47_code": "in", "locale_id": "lang:005344", "is_canonical": true}, {"name": "karelískt", "bcp_47_code": "is", "locale_id": "lang:006417", "is_canonical": null}, {"name": "Карель", "bcp_47_code": "kk", "locale_id": "lang:001017", "is_canonical": null}, {"name": "ខារីលៀន", "bcp_47_code": "km", "locale_id": "lang:000690", "is_canonical": null}, {"name": "Карелче", "bcp_47_code": "ky", "locale_id": "lang:003193", "is_canonical": null}, {"name": "Carélien", "bcp_47_code": "ln", "locale_id": "lang:005075", "is_canonical": true}, {"name": "ຄາເຣລຽນ", "bcp_47_code": "lo", "locale_id": "lang:002848", "is_canonical": null}, {"name": "karelų kalba", "bcp_47_code": "lt", "locale_id": "lang:000996", "is_canonical": null}, {"name": "കരേലിയന്", "bcp_47_code": "ml", "locale_id": "lang:001880", "is_canonical": null}, {"name": "Карелиан", "bcp_47_code": "mn", "locale_id": "lang:005506", "is_canonical": null}, {"name": "Careliană", "bcp_47_code": "mo", "locale_id": "lang:006592", "is_canonical": true}, {"name": "Karelia", "bcp_47_code": "ms", "locale_id": "lang:001263", "is_canonical": null}, {"name": "ကာရေးလီးယား", "bcp_47_code": "my", "locale_id": "lang:004196", "is_canonical": null}, {"name": "karelsk", "bcp_47_code": "nb", "locale_id": "lang:000958", "is_canonical": true}, {"name": "କାରେଲିଆନ୍", "bcp_47_code": "or", "locale_id": "lang:001930", "is_canonical": null}, {"name": "carelian", "bcp_47_code": "pt", "locale_id": "lang:001977", "is_canonical": null}, {"name": "careliană", "bcp_47_code": "ro", "locale_id": "lang:006592", "is_canonical": null}, {"name": "කැරලියානු", "bcp_47_code": "si", "locale_id": "lang:000326", "is_canonical": null}, {"name": "Karelčina", "bcp_47_code": "sk", "locale_id": "lang:005464", "is_canonical": null}, {"name": "Karelisht", "bcp_47_code": "sq", "locale_id": "lang:006275", "is_canonical": null}, {"name": "карелска", "bcp_47_code": "sr", "locale_id": "lang:002701", "is_canonical": null}, {"name": "Kareliani", "bcp_47_code": "sw", "locale_id": "lang:001597", "is_canonical": null}, {"name": "కరెలియన్", "bcp_47_code": "te", "locale_id": "lang:000508", "is_canonical": null}, {"name": "Karelian", "bcp_47_code": "tl", "locale_id": "lang:002540", "is_canonical": true}, {"name": "Karelian dili", "bcp_47_code": "tr", "locale_id": "lang:000917", "is_canonical": null}, {"name": "کیرلیئن", "bcp_47_code": "ur", "locale_id": "lang:001103", "is_canonical": null}, {"name": "tiếng Karelia", "bcp_47_code": "vi", "locale_id": "lang:004523", "is_canonical": null}, {"name": "卡累利阿語", "bcp_47_code": "cmn", "locale_id": "lang:004378", "is_canonical": null}, {"name": "język karelski", "bcp_47_code": "pl", "locale_id": "lang:001433", "is_canonical": null}, {"name": "Bahasa Karelia", "bcp_47_code": "ms", "locale_id": "lang:001263", "is_canonical": null}, {"name": "karjalai", "bcp_47_code": "hu", "locale_id": "lang:004445", "is_canonical": null}, {"name": "Карелийн мотт", "bcp_47_code": "ce", "locale_id": "lang:000120", "is_canonical": null}, {"name": "karjala keel", "bcp_47_code": "et", "locale_id": "lang:007279", "is_canonical": null}, {"name": "Καρελική γλώσσα", "bcp_47_code": "el", "locale_id": "lang:002331", "is_canonical": null}, {"name": "lingua carelian", "bcp_47_code": "ia", "locale_id": "lang:008680", "is_canonical": null}, {"name": "An Chairéilis", "bcp_47_code": "ga", "locale_id": "lang:005513", "is_canonical": null}, {"name": "língua carélia", "bcp_47_code": "pt", "locale_id": "lang:001977", "is_canonical": null}, {"name": "karela lingvo", "bcp_47_code": "eo", "locale_id": "lang:001065", "is_canonical": null}, {"name": "карельский язык", "bcp_47_code": "ru", "locale_id": "lang:006745", "is_canonical": null}, {"name": "Carélien", "bcp_47_code": "nrm", "locale_id": "lang:003955", "is_canonical": true}, {"name": "карелијски језик", "bcp_47_code": "sr", "locale_id": "lang:002701", "is_canonical": null}, {"name": "karjalan kieli", "bcp_47_code": "fi", "locale_id": "lang:005250", "is_canonical": null}, {"name": "карельська мова", "bcp_47_code": "uk", "locale_id": "lang:001994", "is_canonical": null}, {"name": "Карелэнь кель", "bcp_47_code": "myv", "locale_id": "lang:003656", "is_canonical": true}, {"name": "карэльская мова", "bcp_47_code": "be", "locale_id": "lang:004942", "is_canonical": null}, {"name": "karelsk", "bcp_47_code": "nn", "locale_id": "lang:005019", "is_canonical": true}, {"name": "Карел кыв", "bcp_47_code": "kv", "locale_id": "lang:000812", "is_canonical": true}, {"name": "karelski jezik", "bcp_47_code": "hr", "locale_id": "lang:001280", "is_canonical": null}, {"name": "karelischi Sproch", "bcp_47_code": "gsw", "locale_id": "lang:006414", "is_canonical": null}, {"name": "Lenga Karelian", "bcp_47_code": "pms", "locale_id": "lang:003480", "is_canonical": true}, {"name": "Карел кыл", "bcp_47_code": "udm", "locale_id": "lang:005491", "is_canonical": true}, {"name": "karēļu valoda", "bcp_47_code": "lv", "locale_id": "lang:006606", "is_canonical": null}, {"name": "Карьялань кяль", "bcp_47_code": "mdf", "locale_id": "lang:007270", "is_canonical": true}, {"name": "bahasa Karelia", "bcp_47_code": "id", "locale_id": "lang:005344", "is_canonical": null}, {"name": "Карел кыв", "bcp_47_code": "koi", "locale_id": "lang:000082", "is_canonical": true}, {"name": "Карел чĕлхи", "bcp_47_code": "cv", "locale_id": "lang:003469", "is_canonical": true}, {"name": "Karjalan keled", "bcp_47_code": "vep", "locale_id": "lang:002743", "is_canonical": true}, {"name": "Karelu kalba", "bcp_47_code": "sgs", "locale_id": "lang:005783", "is_canonical": true}, {"name": "карел йылме", "bcp_47_code": "mhr", "locale_id": "lang:003056", "is_canonical": true}, {"name": "карелски език", "bcp_47_code": "bg", "locale_id": "lang:003294", "is_canonical": null}, {"name": "Kar'ala kiil", "bcp_47_code": "vro", "locale_id": "lang:001751", "is_canonical": true}, {"name": "Karelce", "bcp_47_code": "tr", "locale_id": "lang:000917", "is_canonical": null}, {"name": "карел теле", "bcp_47_code": "tt", "locale_id": "lang:003939", "is_canonical": true}, {"name": "карелски јазик", "bcp_47_code": "mk", "locale_id": "lang:001683", "is_canonical": null}, {"name": "زبان کارلیایی", "bcp_47_code": "fa", "locale_id": "lang:005211", "is_canonical": null}, {"name": "carilianu", "bcp_47_code": "scn", "locale_id": "lang:002425", "is_canonical": true}, {"name": "Lingua carelia", "bcp_47_code": "gl", "locale_id": "lang:006921", "is_canonical": null}, {"name": "Kikareli", "bcp_47_code": "sw", "locale_id": "lang:001597", "is_canonical": null}, {"name": "Karelie", "bcp_47_code": "sco", "locale_id": "lang:003876", "is_canonical": true}, {"name": "Карел тили", "bcp_47_code": "ky", "locale_id": "lang:003193", "is_canonical": null}, {"name": "Wikang Karelyo", "bcp_47_code": "tl", "locale_id": "lang:002540", "is_canonical": null}, {"name": "Karelian", "bcp_47_code": "hif", "locale_id": "lang:004553", "is_canonical": true}, {"name": "کارل دیلی", "bcp_47_code": "azb", "locale_id": "lang:003109", "is_canonical": true}, {"name": "Karjalan kieli", "bcp_47_code": "olo", "locale_id": "lang:007186", "is_canonical": true}, {"name": "idioma carelianu", "bcp_47_code": "ast", "locale_id": "lang:006965", "is_canonical": null}, {"name": "lingua Carelica", "bcp_47_code": "la", "locale_id": "lang:016110", "is_canonical": true}, {"name": "karel tili", "bcp_47_code": "uz", "locale_id": "lang:003386", "is_canonical": null}, {"name": "Kareelsk", "bcp_47_code": "nds", "locale_id": "lang:001710", "is_canonical": null}, {"name": "卡累利阿语", "bcp_47_code": "wuu", "locale_id": "lang:006830", "is_canonical": true}, {"name": "الكاريليه", "bcp_47_code": "arz", "locale_id": "lang:004060", "is_canonical": true}, {"name": "Kareelisk", "bcp_47_code": "frr", "locale_id": "lang:007274", "is_canonical": true}, {"name": "карел теле", "bcp_47_code": "ba", "locale_id": "lang:003847", "is_canonical": true}, {"name": "limba carelă", "bcp_47_code": "ro", "locale_id": "lang:006592", "is_canonical": null}, {"name": "Kareliana linguo", "bcp_47_code": "io", "locale_id": "lang:009754", "is_canonical": true}, {"name": "Карел тыла", "bcp_47_code": "sah", "locale_id": "lang:000767", "is_canonical": true}, {"name": "kaʹrjjelǩiõll", "bcp_47_code": "sms", "locale_id": "lang:001931", "is_canonical": true}, {"name": "carelian", "bcp_47_code": "vec", "locale_id": "lang:004329", "is_canonical": true}, {"name": "карелаг æвзаг", "bcp_47_code": "os", "locale_id": "lang:000303", "is_canonical": true}, {"name": "carelyin", "bcp_47_code": "wa", "locale_id": "lang:002518", "is_canonical": true}, {"name": "Fiteny kareliana", "bcp_47_code": "mg", "locale_id": "lang:001318", "is_canonical": true}, {"name": "idioma karelio", "bcp_47_code": "es", "locale_id": "lang:005944", "is_canonical": null}, {"name": "idioma carelio", "bcp_47_code": "es", "locale_id": "lang:005944", "is_canonical": null}, {"name": "karálisi", "bcp_47_code": "hu", "locale_id": "lang:004445", "is_canonical": null}, {"name": "Карелийн", "bcp_47_code": "ce", "locale_id": "lang:000120", "is_canonical": null}, {"name": "Карелихойн мотт", "bcp_47_code": "ce", "locale_id": "lang:000120", "is_canonical": null}, {"name": "kareliska", "bcp_47_code": "sv", "locale_id": "lang:004782", "is_canonical": null}, {"name": "karele", "bcp_47_code": "eo", "locale_id": "lang:001065", "is_canonical": null}, {"name": "bubrichinkarjalan kieli", "bcp_47_code": "fi", "locale_id": "lang:005250", "is_canonical": null}, {"name": "karjalankieli", "bcp_47_code": "fi", "locale_id": "lang:005250", "is_canonical": null}, {"name": "карэльскія мовы", "bcp_47_code": "be", "locale_id": "lang:004942", "is_canonical": null}, {"name": "karelsk språk", "bcp_47_code": "nn", "locale_id": "lang:005019", "is_canonical": null}, {"name": "carelien", "bcp_47_code": "fr", "locale_id": "lang:002512", "is_canonical": null}, {"name": "카랼라어", "bcp_47_code": "ko", "locale_id": "lang:000685", "is_canonical": null}, {"name": "카렐리아어", "bcp_47_code": "ko", "locale_id": "lang:000685", "is_canonical": null}, {"name": "카리알라어", "bcp_47_code": "ko", "locale_id": "lang:000685", "is_canonical": null}, {"name": "lingua carelio", "bcp_47_code": "it", "locale_id": "lang:005147", "is_canonical": null}, {"name": "carelico", "bcp_47_code": "it", "locale_id": "lang:005147", "is_canonical": null}, {"name": "lingua careliana", "bcp_47_code": "it", "locale_id": "lang:005147", "is_canonical": null}, {"name": "karelische Sprache", "bcp_47_code": "de", "locale_id": "lang:006636", "is_canonical": null}, {"name": "Карели чĕлхи", "bcp_47_code": "cv", "locale_id": "lang:003469", "is_canonical": null}, {"name": "karelià", "bcp_47_code": "ca", "locale_id": "lang:000334", "is_canonical": null}, {"name": "Karjalan kel’", "bcp_47_code": "vep", "locale_id": "lang:002743", "is_canonical": null}, {"name": "Karjalan kel'", "bcp_47_code": "vep", "locale_id": "lang:002743", "is_canonical": null}, {"name": "karelské jazyky", "bcp_47_code": "cs", "locale_id": "lang:007371", "is_canonical": null}, {"name": "karélština", "bcp_47_code": "cs", "locale_id": "lang:007371", "is_canonical": null}, {"name": "lingua cariliana", "bcp_47_code": "scn", "locale_id": "lang:002425", "is_canonical": null}, {"name": "carelianu", "bcp_47_code": "scn", "locale_id": "lang:002425", "is_canonical": null}, {"name": "lingua careliana", "bcp_47_code": "scn", "locale_id": "lang:002425", "is_canonical": null}, {"name": "Karelian Proper", "bcp_47_code": "en", "locale_id": "lang:004172", "is_canonical": null}, {"name": "لغة كاريلية", "bcp_47_code": "ar", "locale_id": "lang:000884", "is_canonical": null}, {"name": "اللغة الكاريلية", "bcp_47_code": "ar", "locale_id": "lang:000884", "is_canonical": null}, {"name": "كاريلية", "bcp_47_code": "ar", "locale_id": "lang:000884", "is_canonical": null}, {"name": "karjala", "bcp_47_code": "nb", "locale_id": "lang:000958", "is_canonical": null}, {"name": "Karelie leid", "bcp_47_code": "sco", "locale_id": "lang:003876", "is_canonical": null}, {"name": "Karelian leid", "bcp_47_code": "sco", "locale_id": "lang:003876", "is_canonical": null}, {"name": "Carelieg", "bcp_47_code": "cy", "locale_id": "lang:005257", "is_canonical": null}, {"name": "карелаг", "bcp_47_code": "os", "locale_id": "lang:000303", "is_canonical": null}, {"name": "karelski jezik", "bcp_47_code": "sl", "locale_id": "lang:004352", "is_canonical": null}, {"name": "Gárjilgiella", "bcp_47_code": "se", "locale_id": "lang:000771", "is_canonical": null}, {"name": "karjalai nyelv", "bcp_47_code": "hu", "locale_id": "lang:004445", "is_canonical": null}, {"name": "Karjala", "bcp_47_code": "krl", "locale_id": "lang:000472", "is_canonical": true}]