[{"name": "Kaytetye", "bcp_47_code": "en", "locale_id": "lang:004172", "is_canonical": true}, {"name": "kaytetye", "bcp_47_code": "sv", "locale_id": "lang:004782", "is_canonical": true}, {"name": "Lenga kaytetye", "bcp_47_code": "pms", "locale_id": "lang:003480", "is_canonical": true}, {"name": "kaytetye jezik", "bcp_47_code": "hr", "locale_id": "lang:001280", "is_canonical": true}, {"name": "カイテチェ語", "bcp_47_code": "ja", "locale_id": "lang:005185", "is_canonical": true}, {"name": "Kikaytetye", "bcp_47_code": "sw", "locale_id": "lang:001597", "is_canonical": true}, {"name": "kaytetye", "bcp_47_code": "fr", "locale_id": "lang:002512", "is_canonical": true}, {"name": "tiếng Kaytetye", "bcp_47_code": "vi", "locale_id": "lang:004523", "is_canonical": true}, {"name": "idioma kaytetye", "bcp_47_code": "es", "locale_id": "lang:005944", "is_canonical": true}]