[{"name": "Kalkutung", "bcp_47_code": "en", "locale_id": "lang:004172", "is_canonical": true}, {"name": "Kalkatungu", "bcp_47_code": "en", "locale_id": "lang:004172", "is_canonical": true}, {"name": "Lenga kalkutung", "bcp_47_code": "pms", "locale_id": "lang:003480", "is_canonical": true}, {"name": "kalkutung", "bcp_47_code": "sv", "locale_id": "lang:004782", "is_canonical": true}, {"name": "Kalkadoon", "bcp_47_code": "de", "locale_id": "lang:006636", "is_canonical": true}, {"name": "Kikalkutung", "bcp_47_code": "sw", "locale_id": "lang:001597", "is_canonical": true}, {"name": "kalkatungu", "bcp_47_code": "fr", "locale_id": "lang:002512", "is_canonical": true}, {"name": "idioma kalkatungu", "bcp_47_code": "es", "locale_id": "lang:005944", "is_canonical": true}, {"name": "Galgaduun", "bcp_47_code": "en", "locale_id": "lang:004172", "is_canonical": null}, {"name": "Kigalgadungu", "bcp_47_code": "sw", "locale_id": "lang:001597", "is_canonical": null}]