[{"name": "Rinconada Bikol", "bcp_47_code": "en", "locale_id": "lang:004172", "is_canonical": true}, {"name": "Iriga Bicolano", "bcp_47_code": "en", "locale_id": "lang:004172", "is_canonical": true}, {"name": "Rinconada Bikol", "bcp_47_code": "af", "locale_id": "lang:006849", "is_canonical": true}, {"name": "ሪንኮናዳ ቢኮልኛ", "bcp_47_code": "am", "locale_id": "lang:000379", "is_canonical": true}, {"name": "رينكونادا بيكول", "bcp_47_code": "ar", "locale_id": "lang:000884", "is_canonical": true}, {"name": "ৰিনকোনাডা বিকোল", "bcp_47_code": "as", "locale_id": "lang:003208", "is_canonical": true}, {"name": "Rinkonada Bikol dili", "bcp_47_code": "az", "locale_id": "lang:000492", "is_canonical": true}, {"name": "рынканада бікольская", "bcp_47_code": "be", "locale_id": "lang:004942", "is_canonical": true}, {"name": "ринконада бикол", "bcp_47_code": "bg", "locale_id": "lang:003294", "is_canonical": true}, {"name": "রিঙ্কোনাডা বিকল", "bcp_47_code": "bn", "locale_id": "lang:000178", "is_canonical": true}, {"name": "rinconada bikol", "bcp_47_code": "bs", "locale_id": "lang:005177", "is_canonical": true}, {"name": "bikol de rinconada", "bcp_47_code": "ca", "locale_id": "lang:000334", "is_canonical": true}, {"name": "rinconádská bikolština", "bcp_47_code": "cs", "locale_id": "lang:007371", "is_canonical": true}, {"name": "rinconada bikol", "bcp_47_code": "da", "locale_id": "lang:006478", "is_canonical": true}, {"name": "Bikol", "bcp_47_code": "de", "locale_id": "lang:006636", "is_canonical": true}, {"name": "Rinconada Bikol", "bcp_47_code": "el", "locale_id": "lang:002331", "is_canonical": true}, {"name": "bikol rinconada", "bcp_47_code": "es", "locale_id": "lang:005944", "is_canonical": true}, {"name": "rinconada bikoli", "bcp_47_code": "et", "locale_id": "lang:007279", "is_canonical": true}, {"name": "rinconada bikola", "bcp_47_code": "eu", "locale_id": "lang:004920", "is_canonical": true}, {"name": "رینکونادا بیکول", "bcp_47_code": "fa", "locale_id": "lang:005211", "is_canonical": true}, {"name": "rinconadanbikol", "bcp_47_code": "fi", "locale_id": "lang:005250", "is_canonical": true}, {"name": "Rinconada Bikol", "bcp_47_code": "fil", "locale_id": "lang:004854", "is_canonical": true}, {"name": "rinconada bicolano", "bcp_47_code": "fr", "locale_id": "lang:002512", "is_canonical": true}, {"name": "Rinconada Bikol", "bcp_47_code": "gl", "locale_id": "lang:006921", "is_canonical": true}, {"name": "Bikol", "bcp_47_code": "gsw", "locale_id": "lang:006414", "is_canonical": true}, {"name": "રિન્કોનાડા બિકોલ", "bcp_47_code": "gu", "locale_id": "lang:006797", "is_canonical": true}, {"name": "रिंकोनाडा बिकोल", "bcp_47_code": "hi", "locale_id": "lang:005010", "is_canonical": true}, {"name": "rinconada bikolski", "bcp_47_code": "hr", "locale_id": "lang:001280", "is_canonical": true}, {"name": "rinconada bikol", "bcp_47_code": "hu", "locale_id": "lang:004445", "is_canonical": true}, {"name": "ռինկոնադա բիկոլերեն", "bcp_47_code": "hy", "locale_id": "lang:006918", "is_canonical": true}, {"name": "Rinconada Bikol", "bcp_47_code": "id", "locale_id": "lang:005344", "is_canonical": true}, {"name": "Rinconada Bikol", "bcp_47_code": "in", "locale_id": "lang:005344", "is_canonical": true}, {"name": "rinconada bikol", "bcp_47_code": "is", "locale_id": "lang:006417", "is_canonical": true}, {"name": "rinconada bikol", "bcp_47_code": "it", "locale_id": "lang:005147", "is_canonical": true}, {"name": "רינקונדה ביקול", "bcp_47_code": "he", "locale_id": "lang:000780", "is_canonical": true}, {"name": "イリガビコール語", "bcp_47_code": "ja", "locale_id": "lang:005185", "is_canonical": true}, {"name": "რინკონადა ბიკოლი", "bcp_47_code": "ka", "locale_id": "lang:005687", "is_canonical": true}, {"name": "Ринконада", "bcp_47_code": "kk", "locale_id": "lang:001017", "is_canonical": true}, {"name": "រីនកូណាដាប៊ីគុល", "bcp_47_code": "km", "locale_id": "lang:000690", "is_canonical": true}, {"name": "ರಿಂಕೊನಡಾ ಬಿಕೋಲ್", "bcp_47_code": "kn", "locale_id": "lang:006289", "is_canonical": true}, {"name": "링코나다 비콜어", "bcp_47_code": "ko", "locale_id": "lang:000685", "is_canonical": true}, {"name": "Ринконада биколчо", "bcp_47_code": "ky", "locale_id": "lang:003193", "is_canonical": true}, {"name": "Rinconada Bicolano", "bcp_47_code": "ln", "locale_id": "lang:005075", "is_canonical": true}, {"name": "ຣິນາໂຄນາດາ ບິຄອລ", "bcp_47_code": "lo", "locale_id": "lang:002848", "is_canonical": true}, {"name": "rinkonados bikolų kalba", "bcp_47_code": "lt", "locale_id": "lang:000996", "is_canonical": true}, {"name": "rinkonadas bikolu", "bcp_47_code": "lv", "locale_id": "lang:006606", "is_canonical": true}, {"name": "ринконада биколски", "bcp_47_code": "mk", "locale_id": "lang:001683", "is_canonical": true}, {"name": "റിനോകോഡാ ബികോൾ", "bcp_47_code": "ml", "locale_id": "lang:001880", "is_canonical": true}, {"name": "Ринконада Бикол", "bcp_47_code": "mn", "locale_id": "lang:005506", "is_canonical": true}, {"name": "Rinconada Bikol", "bcp_47_code": "mo", "locale_id": "lang:006592", "is_canonical": true}, {"name": "रिंकोनाडा बिकोल", "bcp_47_code": "mr", "locale_id": "lang:003376", "is_canonical": true}, {"name": "Rinconada Bikol", "bcp_47_code": "ms", "locale_id": "lang:001263", "is_canonical": true}, {"name": "ရင်ကိုနန်ဒါ ဘီကိုးလ်", "bcp_47_code": "my", "locale_id": "lang:004196", "is_canonical": true}, {"name": "rinconada bikol", "bcp_47_code": "nb", "locale_id": "lang:000958", "is_canonical": true}, {"name": "रिनकोनान्डो बिकोल", "bcp_47_code": "ne", "locale_id": "lang:004630", "is_canonical": true}, {"name": "Rinconada Bikol", "bcp_47_code": "nl", "locale_id": "lang:006448", "is_canonical": true}, {"name": "rinconada bikol", "bcp_47_code": "no", "locale_id": "lang:002536", "is_canonical": true}, {"name": "ରିନକୋନଡା ବିକୋଲ", "bcp_47_code": "or", "locale_id": "lang:001930", "is_canonical": true}, {"name": "ਰਿੰਕੋਨਾੜਾ ਬਿਕੋਲ", "bcp_47_code": "pa", "locale_id": "lang:003658", "is_canonical": true}, {"name": "bikolski", "bcp_47_code": "pl", "locale_id": "lang:001433", "is_canonical": true}, {"name": "rinconada bikol", "bcp_47_code": "pt", "locale_id": "lang:001977", "is_canonical": true}, {"name": "rinconada bikol", "bcp_47_code": "ro", "locale_id": "lang:006592", "is_canonical": true}, {"name": "ринконада бикольский", "bcp_47_code": "ru", "locale_id": "lang:006745", "is_canonical": true}, {"name": "රින්කොනාඩා බිකෝල්", "bcp_47_code": "si", "locale_id": "lang:000326", "is_canonical": true}, {"name": "Rinconada Bikol", "bcp_47_code": "sk", "locale_id": "lang:005464", "is_canonical": true}, {"name": "rinconada", "bcp_47_code": "sl", "locale_id": "lang:004352", "is_canonical": true}, {"name": "Bikolishte e Rinkonadës", "bcp_47_code": "sq", "locale_id": "lang:006275", "is_canonical": true}, {"name": "ринконада бикол", "bcp_47_code": "sr", "locale_id": "lang:002701", "is_canonical": true}, {"name": "rinconada bikol", "bcp_47_code": "sv", "locale_id": "lang:004782", "is_canonical": true}, {"name": "Kibikoli cha Rinconada", "bcp_47_code": "sw", "locale_id": "lang:001597", "is_canonical": true}, {"name": "ரின்கொனாடா பிகோல்", "bcp_47_code": "ta", "locale_id": "lang:002996", "is_canonical": true}, {"name": "రింకోనాడ బికోల్", "bcp_47_code": "te", "locale_id": "lang:000508", "is_canonical": true}, {"name": "รีนโคนาดา บีโคล", "bcp_47_code": "th", "locale_id": "lang:000248", "is_canonical": true}, {"name": "Rinconada Bikol", "bcp_47_code": "tl", "locale_id": "lang:002540", "is_canonical": true}, {"name": "Rinconada Bikol", "bcp_47_code": "tr", "locale_id": "lang:000917", "is_canonical": true}, {"name": "ринконада бікольська", "bcp_47_code": "uk", "locale_id": "lang:001994", "is_canonical": true}, {"name": "رنکو ناڈا بیکول", "bcp_47_code": "ur", "locale_id": "lang:001103", "is_canonical": true}, {"name": "rinkonada bikol", "bcp_47_code": "uz", "locale_id": "lang:003386", "is_canonical": true}, {"name": "tiếng Rinconada Bikol", "bcp_47_code": "vi", "locale_id": "lang:004523", "is_canonical": true}, {"name": "林科纳达比考尔语", "bcp_47_code": "cmn", "locale_id": "lang:004378", "is_canonical": true}, {"name": "i-Rinconada Bikol", "bcp_47_code": "zu", "locale_id": "lang:007247", "is_canonical": true}, {"name": "iriga bicolano jezik", "bcp_47_code": "hr", "locale_id": "lang:001280", "is_canonical": null}, {"name": "Rinconada Bikol", "bcp_47_code": "bcl", "locale_id": "lang:005135", "is_canonical": true}, {"name": "Iriga Lenga Bicolano", "bcp_47_code": "pms", "locale_id": "lang:003480", "is_canonical": true}, {"name": "iriganbikol", "bcp_47_code": "fi", "locale_id": "lang:005250", "is_canonical": null}, {"name": "イリガ・ビコール語", "bcp_47_code": "ja", "locale_id": "lang:005185", "is_canonical": null}, {"name": "Kibikol ya Rinconada", "bcp_47_code": "sw", "locale_id": "lang:001597", "is_canonical": null}, {"name": "Bikol Rinconada", "bcp_47_code": "ilo", "locale_id": "lang:007408", "is_canonical": true}, {"name": "bikol rinconada", "bcp_47_code": "fr", "locale_id": "lang:002512", "is_canonical": null}, {"name": "RInconada Bikol", "bcp_47_code": "tl", "locale_id": "lang:002540", "is_canonical": null}, {"name": "Bahasa Bikol Rinkonada", "bcp_47_code": "gor", "locale_id": "lang:001802", "is_canonical": true}, {"name": "Rinconada Bikol nga pinulongan", "bcp_47_code": "war", "locale_id": "lang:005633", "is_canonical": true}, {"name": "林科納達語", "bcp_47_code": "cmn", "locale_id": "lang:004378", "is_canonical": null}, {"name": "língua rinconada bikol", "bcp_47_code": "pt", "locale_id": "lang:001977", "is_canonical": null}, {"name": "bikol rinconada", "bcp_47_code": "vec", "locale_id": "lang:004329", "is_canonical": true}, {"name": "rinconadabikol", "bcp_47_code": "sv", "locale_id": "lang:004782", "is_canonical": null}, {"name": "Rinconada", "bcp_47_code": "en", "locale_id": "lang:004172", "is_canonical": null}, {"name": "林科纳达比科尔语", "bcp_47_code": "cmn", "locale_id": "lang:004378", "is_canonical": null}, {"name": "Rinconada", "bcp_47_code": "bto", "locale_id": "lang:000024", "is_canonical": true}]