[{"name": "Tring", "bcp_47_code": "en", "locale_id": "lang:004172", "is_canonical": true}, {"name": "Lenga tring", "bcp_47_code": "pms", "locale_id": "lang:003480", "is_canonical": true}, {"name": "Kitring", "bcp_47_code": "sw", "locale_id": "lang:001597", "is_canonical": true}, {"name": "Amanung Tring", "bcp_47_code": "pam", "locale_id": "lang:003114", "is_canonical": true}, {"name": "Tring", "bcp_47_code": "ilo", "locale_id": "lang:007408", "is_canonical": true}, {"name": "Wikang Tring", "bcp_47_code": "tl", "locale_id": "lang:002540", "is_canonical": true}, {"name": "Tataramon na Tring", "bcp_47_code": "bcl", "locale_id": "lang:005135", "is_canonical": true}, {"name": "Bahasa Tring", "bcp_47_code": "ms", "locale_id": "lang:001263", "is_canonical": true}]