[{"name": "Kofyar", "bcp_47_code": "en", "locale_id": "lang:004172", "is_canonical": true}, {"name": "Pan", "bcp_47_code": "en", "locale_id": "lang:004172", "is_canonical": true}, {"name": "Kikofyar", "bcp_47_code": "sw", "locale_id": "lang:001597", "is_canonical": true}, {"name": "Lenga Kofyar", "bcp_47_code": "pms", "locale_id": "lang:003480", "is_canonical": true}, {"name": "kofyar jezik", "bcp_47_code": "hr", "locale_id": "lang:001280", "is_canonical": true}, {"name": "kofyareg", "bcp_47_code": "br", "locale_id": "lang:003643", "is_canonical": true}, {"name": "Wikang Kofyar", "bcp_47_code": "tl", "locale_id": "lang:002540", "is_canonical": true}, {"name": "кофьяр", "bcp_47_code": "ru", "locale_id": "lang:006745", "is_canonical": true}]