[{"name": "Kunja", "bcp_47_code": "en", "locale_id": "lang:004172", "is_canonical": true}, {"name": "Kánchá", "bcp_47_code": "en", "locale_id": "lang:004172", "is_canonical": true}, {"name": "Kikunja", "bcp_47_code": "sw", "locale_id": "lang:001597", "is_canonical": true}, {"name": "Lenga Kunja", "bcp_47_code": "pms", "locale_id": "lang:003480", "is_canonical": true}, {"name": "język morehead dolny", "bcp_47_code": "pl", "locale_id": "lang:001433", "is_canonical": true}, {"name": "Kunja", "bcp_47_code": "ilo", "locale_id": "lang:007408", "is_canonical": true}, {"name": "Lower Morehead", "bcp_47_code": "en", "locale_id": "lang:004172", "is_canonical": null}, {"name": "Peremka", "bcp_47_code": "en", "locale_id": "lang:004172", "is_canonical": null}]