[{"name": "Southwestern Fars", "bcp_47_code": "en", "locale_id": "lang:004172", "is_canonical": true}, {"name": "Fars Dialects", "bcp_47_code": "en", "locale_id": "lang:004172", "is_canonical": true}, {"name": "زبان کهمره‌ای", "bcp_47_code": "fa", "locale_id": "lang:005211", "is_canonical": true}, {"name": "Kuhmareyi", "bcp_47_code": "en", "locale_id": "lang:004172", "is_canonical": null}, {"name": "Lenga Fars sud-ossidental", "bcp_47_code": "pms", "locale_id": "lang:003480", "is_canonical": true}, {"name": "Kuhmareyki", "bcp_47_code": "diq", "locale_id": "lang:003839", "is_canonical": true}, {"name": "Davani", "bcp_47_code": "en", "locale_id": "lang:004172", "is_canonical": null}, {"name": "دَوانی", "bcp_47_code": "fay", "locale_id": "lang:000153", "is_canonical": true}]