[{"name": "Malas", "bcp_47_code": "en", "locale_id": "lang:004172", "is_canonical": true}, {"name": "język malas", "bcp_47_code": "pl", "locale_id": "lang:001433", "is_canonical": true}, {"name": "Lenga Malas", "bcp_47_code": "pms", "locale_id": "lang:003480", "is_canonical": true}, {"name": "Kimalas", "bcp_47_code": "sw", "locale_id": "lang:001597", "is_canonical": true}, {"name": "Malas", "bcp_47_code": "ilo", "locale_id": "lang:007408", "is_canonical": true}, {"name": "Manep", "bcp_47_code": "en", "locale_id": "lang:004172", "is_canonical": true}]