[{"name": "Jaya", "bcp_47_code": "en", "locale_id": "lang:004172", "is_canonical": true}, {"name": "Kijaya", "bcp_47_code": "sw", "locale_id": "lang:001597", "is_canonical": true}, {"name": "Lenga Jaya", "bcp_47_code": "pms", "locale_id": "lang:003480", "is_canonical": true}, {"name": "jayeg", "bcp_47_code": "br", "locale_id": "lang:003643", "is_canonical": true}, {"name": "jaya jezik", "bcp_47_code": "hr", "locale_id": "lang:001280", "is_canonical": true}, {"name": "jaya", "bcp_47_code": "fr", "locale_id": "lang:002512", "is_canonical": true}]