[{"name": "Chachi", "bcp_47_code": "en", "locale_id": "lang:004172", "is_canonical": true}, {"name": "Cha'Palaa", "bcp_47_code": "en", "locale_id": "lang:004172", "is_canonical": null}, {"name": "língua cha’ palaachi", "bcp_47_code": "pt", "locale_id": "lang:001977", "is_canonical": true}, {"name": "Lenga chachi", "bcp_47_code": "pms", "locale_id": "lang:003480", "is_canonical": true}, {"name": "Chapalachi simi", "bcp_47_code": "qu", "locale_id": "lang:000991", "is_canonical": true}, {"name": "cayapa", "bcp_47_code": "fr", "locale_id": "lang:002512", "is_canonical": true}, {"name": "чапалачи", "bcp_47_code": "ru", "locale_id": "lang:006745", "is_canonical": true}, {"name": "Cayapa", "bcp_47_code": "en", "locale_id": "lang:004172", "is_canonical": null}, {"name": "idioma cha'palaachi", "bcp_47_code": "es", "locale_id": "lang:005944", "is_canonical": true}, {"name": "cayapa jezik", "bcp_47_code": "hr", "locale_id": "lang:001280", "is_canonical": true}, {"name": "cha'palaa", "bcp_47_code": "sv", "locale_id": "lang:004782", "is_canonical": true}, {"name": "tšatši keel", "bcp_47_code": "et", "locale_id": "lang:007279", "is_canonical": true}, {"name": "каяпа", "bcp_47_code": "be", "locale_id": "lang:004942", "is_canonical": true}, {"name": "chachi", "bcp_47_code": "ca", "locale_id": "lang:000334", "is_canonical": true}, {"name": "Cayapa simi", "bcp_47_code": "qu", "locale_id": "lang:000991", "is_canonical": null}, {"name": "Kayapa simi", "bcp_47_code": "qu", "locale_id": "lang:000991", "is_canonical": null}, {"name": "Chachi simi", "bcp_47_code": "qu", "locale_id": "lang:000991", "is_canonical": null}, {"name": "chachi jezik", "bcp_47_code": "hr", "locale_id": "lang:001280", "is_canonical": null}, {"name": "chachi", "bcp_47_code": "fr", "locale_id": "lang:002512", "is_canonical": null}, {"name": "cha'palaa", "bcp_47_code": "fr", "locale_id": "lang:002512", "is_canonical": null}, {"name": "kajapa keel", "bcp_47_code": "et", "locale_id": "lang:007279", "is_canonical": null}, {"name": "чачы", "bcp_47_code": "be", "locale_id": "lang:004942", "is_canonical": null}, {"name": "чапалаа", "bcp_47_code": "be", "locale_id": "lang:004942", "is_canonical": null}, {"name": "cayapa", "bcp_47_code": "ca", "locale_id": "lang:000334", "is_canonical": null}, {"name": "Cha'palaa", "bcp_47_code": "en", "locale_id": "lang:004172", "is_canonical": true}]