[{"name": "Napu", "bcp_47_code": "en", "locale_id": "lang:004172", "is_canonical": true}, {"name": "Lenga napu", "bcp_47_code": "pms", "locale_id": "lang:003480", "is_canonical": true}, {"name": "Kinapu", "bcp_47_code": "sw", "locale_id": "lang:001597", "is_canonical": true}, {"name": "Napu", "bcp_47_code": "id", "locale_id": "lang:005344", "is_canonical": true}, {"name": "napu", "bcp_47_code": "fr", "locale_id": "lang:002512", "is_canonical": true}, {"name": "Basa Napu", "bcp_47_code": "jv", "locale_id": "lang:006418", "is_canonical": true}, {"name": "bahasa Napu", "bcp_47_code": "id", "locale_id": "lang:005344", "is_canonical": null}, {"name": "bahasa Pekurehua", "bcp_47_code": "id", "locale_id": "lang:005344", "is_canonical": null}]