[{"name": "Sinhalese", "bcp_47_code": "en", "locale_id": "lang:004172", "is_canonical": null}, {"name": "асингал", "bcp_47_code": "ab", "locale_id": "lang:006291", "is_canonical": true}, {"name": "Sinhala", "bcp_47_code": "af", "locale_id": "lang:006849", "is_canonical": true}, {"name": "ሲንሃልኛ", "bcp_47_code": "am", "locale_id": "lang:000379", "is_canonical": true}, {"name": "السنهالية", "bcp_47_code": "ar", "locale_id": "lang:000884", "is_canonical": true}, {"name": "সিংহলা", "bcp_47_code": "as", "locale_id": "lang:003208", "is_canonical": true}, {"name": "cingalés", "bcp_47_code": "ast", "locale_id": "lang:006965", "is_canonical": true}, {"name": "sinhala", "bcp_47_code": "az", "locale_id": "lang:000492", "is_canonical": true}, {"name": "сінгальская", "bcp_47_code": "be", "locale_id": "lang:004942", "is_canonical": true}, {"name": "синхалски", "bcp_47_code": "bg", "locale_id": "lang:003294", "is_canonical": true}, {"name": "سینهالی", "bcp_47_code": "bgn", "locale_id": "lang:004443", "is_canonical": true}, {"name": "সিংহলী", "bcp_47_code": "bn", "locale_id": "lang:000178", "is_canonical": true}, {"name": "ཞི་ལན་སྐད།", "bcp_47_code": "bo", "locale_id": "lang:002395", "is_canonical": true}, {"name": "singhaleg", "bcp_47_code": "br", "locale_id": "lang:003643", "is_canonical": true}, {"name": "सींहाला", "bcp_47_code": "brx", "locale_id": "lang:003716", "is_canonical": true}, {"name": "sinhaleški", "bcp_47_code": "bs", "locale_id": "lang:005177", "is_canonical": true}, {"name": "ስንሃልኛ", "bcp_47_code": "byn", "locale_id": "lang:001586", "is_canonical": true}, {"name": "singalès", "bcp_47_code": "ca", "locale_id": "lang:000334", "is_canonical": true}, {"name": "𑄥𑄨𑄁𑄦𑄧𑄣𑄩", "bcp_47_code": "ccp", "locale_id": "lang:004815", "is_canonical": true}, {"name": "сингалхойн", "bcp_47_code": "ce", "locale_id": "lang:000120", "is_canonical": true}, {"name": "ᏏᎾᎭᎳ", "bcp_47_code": "chr", "locale_id": "lang:004490", "is_canonical": true}, {"name": "سینهالی", "bcp_47_code": "ckb", "locale_id": "lang:002255", "is_canonical": true}, {"name": "sinhálština", "bcp_47_code": "cs", "locale_id": "lang:007371", "is_canonical": true}, {"name": "Sinhaleg", "bcp_47_code": "cy", "locale_id": "lang:005257", "is_canonical": true}, {"name": "singalesisk", "bcp_47_code": "da", "locale_id": "lang:006478", "is_canonical": true}, {"name": "Singhalesisch", "bcp_47_code": "de", "locale_id": "lang:006636", "is_canonical": true}, {"name": "singalšćina", "bcp_47_code": "dsb", "locale_id": "lang:007093", "is_canonical": true}, {"name": "སིང་ཧ་ལ་ཁ", "bcp_47_code": "dz", "locale_id": "lang:001019", "is_canonical": true}, {"name": "sinhalgbe", "bcp_47_code": "ee", "locale_id": "lang:007099", "is_canonical": true}, {"name": "Σινχαλεζικά", "bcp_47_code": "el", "locale_id": "lang:002331", "is_canonical": true}, {"name": "sinhala", "bcp_47_code": "eo", "locale_id": "lang:001065", "is_canonical": true}, {"name": "cingalés", "bcp_47_code": "es", "locale_id": "lang:005944", "is_canonical": true}, {"name": "singali", "bcp_47_code": "et", "locale_id": "lang:007279", "is_canonical": true}, {"name": "sinhala", "bcp_47_code": "eu", "locale_id": "lang:004920", "is_canonical": true}, {"name": "سینهالی", "bcp_47_code": "fa", "locale_id": "lang:005211", "is_canonical": true}, {"name": "sinhala", "bcp_47_code": "fi", "locale_id": "lang:005250", "is_canonical": true}, {"name": "Sinhala", "bcp_47_code": "fil", "locale_id": "lang:004854", "is_canonical": true}, {"name": "singalesiskt", "bcp_47_code": "fo", "locale_id": "lang:005789", "is_canonical": true}, {"name": "cingalais", "bcp_47_code": "fr", "locale_id": "lang:002512", "is_canonical": true}, {"name": "sinalês", "bcp_47_code": "fur", "locale_id": "lang:004668", "is_canonical": true}, {"name": "Singalees", "bcp_47_code": "fy", "locale_id": "lang:000608", "is_canonical": true}, {"name": "Siolóinis", "bcp_47_code": "ga", "locale_id": "lang:005513", "is_canonical": true}, {"name": "Sinhala", "bcp_47_code": "gd", "locale_id": "lang:005113", "is_canonical": true}, {"name": "ስንሃልኛ", "bcp_47_code": "gez", "locale_id": null, "is_canonical": true}, {"name": "cingalés", "bcp_47_code": "gl", "locale_id": "lang:006921", "is_canonical": true}, {"name": "Singhalesisch", "bcp_47_code": "gsw", "locale_id": "lang:006414", "is_canonical": true}, {"name": "સિંહાલી", "bcp_47_code": "gu", "locale_id": "lang:006797", "is_canonical": true}, {"name": "Sinhalanci", "bcp_47_code": "ha", "locale_id": "lang:006769", "is_canonical": true}, {"name": "סינהלה", "bcp_47_code": "he", "locale_id": "lang:000780", "is_canonical": true}, {"name": "सिंहली", "bcp_47_code": "hi", "locale_id": "lang:005010", "is_canonical": true}, {"name": "sinhaleški", "bcp_47_code": "hr", "locale_id": "lang:001280", "is_canonical": true}, {"name": "singhalšćina", "bcp_47_code": "hsb", "locale_id": "lang:002868", "is_canonical": true}, {"name": "szingaléz", "bcp_47_code": "hu", "locale_id": "lang:004445", "is_canonical": true}, {"name": "սինհալերեն", "bcp_47_code": "hy", "locale_id": "lang:006918", "is_canonical": true}, {"name": "cingalese", "bcp_47_code": "ia", "locale_id": "lang:008680", "is_canonical": true}, {"name": "Sinhala", "bcp_47_code": "id", "locale_id": "lang:005344", "is_canonical": true}, {"name": "Sinhala", "bcp_47_code": "ig", "locale_id": "lang:002832", "is_canonical": true}, {"name": "singalíska", "bcp_47_code": "is", "locale_id": "lang:006417", "is_canonical": true}, {"name": "singalese", "bcp_47_code": "it", "locale_id": "lang:005147", "is_canonical": true}, {"name": "シンハラ語", "bcp_47_code": "ja", "locale_id": "lang:005185", "is_canonical": true}, {"name": "Sinhala", "bcp_47_code": "jv", "locale_id": "lang:006418", "is_canonical": true}, {"name": "სინჰალური", "bcp_47_code": "ka", "locale_id": "lang:005687", "is_canonical": true}, {"name": "Tasinhalit", "bcp_47_code": "kab", "locale_id": "lang:002124", "is_canonical": true}, {"name": "singales", "bcp_47_code": "kea", "locale_id": "lang:000423", "is_canonical": true}, {"name": "sĩgarej", "bcp_47_code": "kgp", "locale_id": "lang:005254", "is_canonical": true}, {"name": "сингал тілі", "bcp_47_code": "kk", "locale_id": "lang:001017", "is_canonical": true}, {"name": "ស្រីលង្កា", "bcp_47_code": "km", "locale_id": "lang:000690", "is_canonical": true}, {"name": "ಸಿಂಹಳ", "bcp_47_code": "kn", "locale_id": "lang:006289", "is_canonical": true}, {"name": "싱할라어", "bcp_47_code": "ko", "locale_id": "lang:000685", "is_canonical": true}, {"name": "सिंहला", "bcp_47_code": "kok", "locale_id": "lang:001978", "is_canonical": true}, {"name": "سِنہالا", "bcp_47_code": "ks", "locale_id": "lang:004361", "is_canonical": true}, {"name": "Singjaleesesch", "bcp_47_code": "ksh", "locale_id": "lang:000776", "is_canonical": true}, {"name": "kîngalî", "bcp_47_code": "ku", "locale_id": "lang:003565", "is_canonical": true}, {"name": "сингалача", "bcp_47_code": "ky", "locale_id": "lang:003193", "is_canonical": true}, {"name": "Singhalensis", "bcp_47_code": "la", "locale_id": "lang:016110", "is_canonical": true}, {"name": "Singhalesesch", "bcp_47_code": "lb", "locale_id": "lang:003324", "is_canonical": true}, {"name": "sinhala", "bcp_47_code": "lij", "locale_id": "lang:004453", "is_canonical": true}, {"name": "Sinhala Iyápi", "bcp_47_code": "lkt", "locale_id": "lang:002236", "is_canonical": true}, {"name": "ສິນຫາລາ", "bcp_47_code": "lo", "locale_id": "lang:002848", "is_canonical": true}, {"name": "سینھالا", "bcp_47_code": "lrc", "locale_id": "lang:001958", "is_canonical": true}, {"name": "sinhalų", "bcp_47_code": "lt", "locale_id": "lang:000996", "is_canonical": true}, {"name": "singāļu", "bcp_47_code": "lv", "locale_id": "lang:006606", "is_canonical": true}, {"name": "सिंहला", "bcp_47_code": "mai", "locale_id": "lang:005797", "is_canonical": true}, {"name": "Hinihāra", "bcp_47_code": "mi", "locale_id": "lang:005897", "is_canonical": true}, {"name": "синхалски", "bcp_47_code": "mk", "locale_id": "lang:001683", "is_canonical": true}, {"name": "സിംഹള", "bcp_47_code": "ml", "locale_id": "lang:001880", "is_canonical": true}, {"name": "синхала", "bcp_47_code": "mn", "locale_id": "lang:005506", "is_canonical": true}, {"name": "सिंहला", "bcp_47_code": "mr", "locale_id": "lang:003376", "is_canonical": true}, {"name": "Sinhala", "bcp_47_code": "ms", "locale_id": "lang:001263", "is_canonical": true}, {"name": "Sinhala", "bcp_47_code": "mt", "locale_id": "lang:004371", "is_canonical": true}, {"name": "စင်ဟာလာ", "bcp_47_code": "my", "locale_id": "lang:004196", "is_canonical": true}, {"name": "سینهالا", "bcp_47_code": "mzn", "locale_id": "lang:005912", "is_canonical": true}, {"name": "Singhaleesch", "bcp_47_code": "nds", "locale_id": "lang:001710", "is_canonical": true}, {"name": "सिन्हाली", "bcp_47_code": "ne", "locale_id": "lang:004630", "is_canonical": true}, {"name": "Singalees", "bcp_47_code": "nl", "locale_id": "lang:006448", "is_canonical": true}, {"name": "singalesisk", "bcp_47_code": "no", "locale_id": "lang:002536", "is_canonical": true}, {"name": "ߛߌ߲ߜ߭ߟߊߞߊ߲", "bcp_47_code": "nqo", "locale_id": "lang:006401", "is_canonical": true}, {"name": "Afaan Sinhalese", "bcp_47_code": "om", "locale_id": "lang:000417", "is_canonical": true}, {"name": "ସିଂହଳ", "bcp_47_code": "or", "locale_id": "lang:001930", "is_canonical": true}, {"name": "ਸਿੰਹਾਲਾ", "bcp_47_code": "pa", "locale_id": "lang:003658", "is_canonical": true}, {"name": "Sínhala", "bcp_47_code": "pcm", "locale_id": "lang:002108", "is_canonical": true}, {"name": "syngaleski", "bcp_47_code": "pl", "locale_id": "lang:001433", "is_canonical": true}, {"name": "سينهالي", "bcp_47_code": "ps", "locale_id": "lang:006281", "is_canonical": true}, {"name": "cingalês", "bcp_47_code": "pt", "locale_id": "lang:001977", "is_canonical": true}, {"name": "Cingales Simi", "bcp_47_code": "qu", "locale_id": "lang:000991", "is_canonical": true}, {"name": "singalais", "bcp_47_code": "rm", "locale_id": "lang:004318", "is_canonical": true}, {"name": "singhaleză", "bcp_47_code": "ro", "locale_id": "lang:006592", "is_canonical": true}, {"name": "сингальский", "bcp_47_code": "ru", "locale_id": "lang:006745", "is_canonical": true}, {"name": "Inyesimpaleze", "bcp_47_code": "rw", "locale_id": "lang:005054", "is_canonical": true}, {"name": "ᱥᱤᱱᱦᱟᱞᱟ", "bcp_47_code": "sat", "locale_id": "lang:006025", "is_canonical": true}, {"name": "singalesu", "bcp_47_code": "sc", "locale_id": "lang:000376", "is_canonical": true}, {"name": "سنهالا", "bcp_47_code": "sd", "locale_id": "lang:002987", "is_canonical": true}, {"name": "sinhalčina", "bcp_47_code": "sk", "locale_id": "lang:005464", "is_canonical": true}, {"name": "sinhalščina", "bcp_47_code": "sl", "locale_id": "lang:004352", "is_canonical": true}, {"name": "sinhala", "bcp_47_code": "smn", "locale_id": "lang:000203", "is_canonical": true}, {"name": "Sinhaleys", "bcp_47_code": "so", "locale_id": "lang:000435", "is_canonical": true}, {"name": "sinhalisht", "bcp_47_code": "sq", "locale_id": "lang:006275", "is_canonical": true}, {"name": "синхалешки", "bcp_47_code": "sr", "locale_id": "lang:002701", "is_canonical": true}, {"name": "Se-sinhali", "bcp_47_code": "st", "locale_id": "lang:004234", "is_canonical": true}, {"name": "singalesiska", "bcp_47_code": "sv", "locale_id": "lang:004782", "is_canonical": true}, {"name": "Kisinhala", "bcp_47_code": "sw", "locale_id": "lang:001597", "is_canonical": true}, {"name": "syngaleski", "bcp_47_code": "szl", "locale_id": "lang:002207", "is_canonical": true}, {"name": "சிங்களம்", "bcp_47_code": "ta", "locale_id": "lang:002996", "is_canonical": true}, {"name": "సింహళం", "bcp_47_code": "te", "locale_id": "lang:000508", "is_canonical": true}, {"name": "сингалӣ", "bcp_47_code": "tg", "locale_id": "lang:002532", "is_canonical": true}, {"name": "สิงหล", "bcp_47_code": "th", "locale_id": "lang:000248", "is_canonical": true}, {"name": "ሲንሃላ", "bcp_47_code": "ti", "locale_id": "lang:002196", "is_canonical": true}, {"name": "ስንሃልኛ", "bcp_47_code": "tig", "locale_id": "lang:005434", "is_canonical": true}, {"name": "singal dili", "bcp_47_code": "tk", "locale_id": "lang:002001", "is_canonical": true}, {"name": "lea fakasingihala", "bcp_47_code": "to", "locale_id": "lang:006037", "is_canonical": true}, {"name": "Sinhali dili", "bcp_47_code": "tr", "locale_id": "lang:000917", "is_canonical": true}, {"name": "сингал", "bcp_47_code": "tt", "locale_id": "lang:003939", "is_canonical": true}, {"name": "سىنگالچە", "bcp_47_code": "ug", "locale_id": "lang:003330", "is_canonical": true}, {"name": "сингальська", "bcp_47_code": "uk", "locale_id": "lang:001994", "is_canonical": true}, {"name": "سنہالا", "bcp_47_code": "ur", "locale_id": "lang:001103", "is_canonical": true}, {"name": "singal", "bcp_47_code": "uz", "locale_id": "lang:003386", "is_canonical": true}, {"name": "tiếng Sinhala", "bcp_47_code": "vi", "locale_id": "lang:004523", "is_canonical": true}, {"name": "Singalesiš", "bcp_47_code": "wae", "locale_id": "lang:001423", "is_canonical": true}, {"name": "Sinala", "bcp_47_code": "wo", "locale_id": "lang:003933", "is_canonical": true}, {"name": "isi-Sinhalese", "bcp_47_code": "xh", "locale_id": "lang:002158", "is_canonical": true}, {"name": "סינהאַליש", "bcp_47_code": "yi", "locale_id": "lang:002081", "is_canonical": true}, {"name": "Èdè Sinhalese", "bcp_47_code": "yo", "locale_id": "lang:003132", "is_canonical": true}, {"name": "sĩgarei", "bcp_47_code": "yrl", "locale_id": "lang:006863", "is_canonical": true}, {"name": "僧伽羅文", "bcp_47_code": "yue", "locale_id": "lang:005108", "is_canonical": true}, {"name": "僧伽罗语", "bcp_47_code": "cmn", "locale_id": "lang:004378", "is_canonical": true}, {"name": "isi-Sinhala", "bcp_47_code": "zu", "locale_id": "lang:007247", "is_canonical": true}, {"name": "singhalais", "bcp_47_code": "fr", "locale_id": "lang:002512", "is_canonical": null}, {"name": "Singalees", "bcp_47_code": "af", "locale_id": "lang:006849", "is_canonical": null}, {"name": "سنهالى", "bcp_47_code": "arz", "locale_id": "lang:004060", "is_canonical": true}, {"name": "Sinhala dili", "bcp_47_code": "az", "locale_id": "lang:000492", "is_canonical": null}, {"name": "сінгальская мова", "bcp_47_code": "be", "locale_id": "lang:004942", "is_canonical": null}, {"name": "синхалски език", "bcp_47_code": "bg", "locale_id": "lang:003294", "is_canonical": null}, {"name": "সিংহলি ভাষা", "bcp_47_code": "bn", "locale_id": "lang:000178", "is_canonical": null}, {"name": "sinhaleg", "bcp_47_code": "br", "locale_id": "lang:003643", "is_canonical": null}, {"name": "زمانی سینھالی", "bcp_47_code": "ckb", "locale_id": "lang:002255", "is_canonical": null}, {"name": "sinhala lingvo", "bcp_47_code": "eo", "locale_id": "lang:001065", "is_canonical": null}, {"name": "زبان سینهالی", "bcp_47_code": "fa", "locale_id": "lang:005211", "is_canonical": null}, {"name": "sinhali", "bcp_47_code": "fi", "locale_id": "lang:005250", "is_canonical": null}, {"name": "सिंहली भाषा", "bcp_47_code": "hi", "locale_id": "lang:005010", "is_canonical": null}, {"name": "Sinhalese bhasa", "bcp_47_code": "hif", "locale_id": "lang:004553", "is_canonical": true}, {"name": "Сингал кыв", "bcp_47_code": "kv", "locale_id": "lang:000812", "is_canonical": true}, {"name": "lingua Singhalensis", "bcp_47_code": "la", "locale_id": "lang:016110", "is_canonical": null}, {"name": "Lengua singaleise", "bcp_47_code": "lij", "locale_id": "lang:004453", "is_canonical": null}, {"name": "sinhalų kalba", "bcp_47_code": "lt", "locale_id": "lang:000996", "is_canonical": null}, {"name": "Fiteny singalesa", "bcp_47_code": "mg", "locale_id": "lang:001318", "is_canonical": true}, {"name": "सिंहला भाषा", "bcp_47_code": "mr", "locale_id": "lang:003376", "is_canonical": null}, {"name": "Singalees", "bcp_47_code": "nds", "locale_id": "lang:001710", "is_canonical": null}, {"name": "singalesisk", "bcp_47_code": "nn", "locale_id": "lang:005019", "is_canonical": true}, {"name": "singalés", "bcp_47_code": "oc", "locale_id": "lang:003832", "is_canonical": true}, {"name": "język syngaleski", "bcp_47_code": "pl", "locale_id": "lang:001433", "is_canonical": null}, {"name": "Lenga sinhalèisa", "bcp_47_code": "pms", "locale_id": "lang:003480", "is_canonical": true}, {"name": "سنہالا", "bcp_47_code": "pnb", "locale_id": "lang:003334", "is_canonical": true}, {"name": "língua cingalesa", "bcp_47_code": "pt", "locale_id": "lang:001977", "is_canonical": null}, {"name": "Sinhala simi", "bcp_47_code": "qu", "locale_id": "lang:000991", "is_canonical": null}, {"name": "limba singaleză", "bcp_47_code": "ro", "locale_id": "lang:006592", "is_canonical": null}, {"name": "сингальский язык", "bcp_47_code": "ru", "locale_id": "lang:006745", "is_canonical": null}, {"name": "ภาษาสิงหล", "bcp_47_code": "th", "locale_id": "lang:000248", "is_canonical": null}, {"name": "Seylanca", "bcp_47_code": "tr", "locale_id": "lang:000917", "is_canonical": null}, {"name": "سىنگال تىلى", "bcp_47_code": "ug", "locale_id": "lang:003330", "is_canonical": null}, {"name": "сингальська мова", "bcp_47_code": "uk", "locale_id": "lang:001994", "is_canonical": null}, {"name": "سنہالی زبان", "bcp_47_code": "ur", "locale_id": "lang:001103", "is_canonical": null}, {"name": "singalesisk", "bcp_47_code": "nb", "locale_id": "lang:000958", "is_canonical": true}, {"name": "singali keel", "bcp_47_code": "et", "locale_id": "lang:007279", "is_canonical": null}, {"name": "Singalesagiella", "bcp_47_code": "se", "locale_id": "lang:000771", "is_canonical": true}, {"name": "सिंहाली भाषा", "bcp_47_code": "new", "locale_id": "lang:004118", "is_canonical": true}, {"name": "singāļu valoda", "bcp_47_code": "lv", "locale_id": "lang:006606", "is_canonical": null}, {"name": "സിംഹള ഭാഷ", "bcp_47_code": "ml", "locale_id": "lang:001880", "is_canonical": null}, {"name": "Syngalskŏ gŏdka", "bcp_47_code": "szl", "locale_id": "lang:002207", "is_canonical": null}, {"name": "синхалски јазик", "bcp_47_code": "mk", "locale_id": "lang:001683", "is_canonical": null}, {"name": "सिन्हाला भाषा", "bcp_47_code": "ne", "locale_id": "lang:004630", "is_canonical": null}, {"name": "сынгальская мова", "bcp_47_code": "be", "locale_id": "lang:004942", "is_canonical": null}, {"name": "სინჰალური ენა", "bcp_47_code": "ka", "locale_id": "lang:005687", "is_canonical": null}, {"name": "Sinhalčina", "bcp_47_code": "sk", "locale_id": "lang:005464", "is_canonical": null}, {"name": "singal tili", "bcp_47_code": "uz", "locale_id": "lang:003386", "is_canonical": null}, {"name": "синхалски језик", "bcp_47_code": "sr", "locale_id": "lang:002701", "is_canonical": null}, {"name": "סינהלית", "bcp_47_code": "he", "locale_id": "lang:000780", "is_canonical": null}, {"name": "Lingua cingalesa", "bcp_47_code": "gl", "locale_id": "lang:006921", "is_canonical": null}, {"name": "Sinħaliż", "bcp_47_code": "mt", "locale_id": "lang:004371", "is_canonical": null}, {"name": "сингал теле", "bcp_47_code": "tt", "locale_id": "lang:003939", "is_canonical": null}, {"name": "السنهالي", "bcp_47_code": "aeb", "locale_id": "lang:006749", "is_canonical": true}, {"name": "სინჰალური ნინა", "bcp_47_code": "xmf", "locale_id": "lang:002772", "is_canonical": true}, {"name": "Sinhala-ngî", "bcp_47_code": "hak", "locale_id": "lang:002711", "is_canonical": true}, {"name": "सिंहाली भाषा", "bcp_47_code": "mai", "locale_id": "lang:005797", "is_canonical": null}, {"name": "idioma cingalés", "bcp_47_code": "ast", "locale_id": "lang:006965", "is_canonical": null}, {"name": "Wikang Singgales", "bcp_47_code": "tl", "locale_id": "lang:002540", "is_canonical": true}, {"name": "সিংহল ভাষা", "bcp_47_code": "as", "locale_id": "lang:003208", "is_canonical": null}, {"name": "Sinhala-gí", "bcp_47_code": "nan", "locale_id": "lang:001296", "is_canonical": true}, {"name": "Seylanki", "bcp_47_code": "diq", "locale_id": "lang:003839", "is_canonical": true}, {"name": "僧伽羅語", "bcp_47_code": "cmn", "locale_id": "lang:004378", "is_canonical": null}, {"name": "Σιναλεζική γλώσσα", "bcp_47_code": "el", "locale_id": "lang:002331", "is_canonical": null}, {"name": "Singhaleesk", "bcp_47_code": "frr", "locale_id": "lang:007274", "is_canonical": true}, {"name": "ಸಿಂಹಳ ಭಾಷೆ", "bcp_47_code": "kn", "locale_id": "lang:006289", "is_canonical": null}, {"name": "సింహళ భాష", "bcp_47_code": "te", "locale_id": "lang:000508", "is_canonical": null}, {"name": "僧伽罗语", "bcp_47_code": "wuu", "locale_id": "lang:006830", "is_canonical": true}, {"name": "ᱥᱤᱝᱦᱚᱞᱤ ᱯᱟᱹᱨᱥᱤ", "bcp_47_code": "sat", "locale_id": "lang:006025", "is_canonical": null}, {"name": "سينهالا", "bcp_47_code": "ary", "locale_id": "lang:001493", "is_canonical": true}, {"name": "Bahasa Sinhala", "bcp_47_code": "ms", "locale_id": "lang:001263", "is_canonical": null}, {"name": "သီဟိုဠ်ဘာသာစကား", "bcp_47_code": "my", "locale_id": "lang:004196", "is_canonical": null}, {"name": "סינגהאַלעזיש", "bcp_47_code": "yi", "locale_id": "lang:002081", "is_canonical": null}, {"name": "singałezo", "bcp_47_code": "vec", "locale_id": "lang:004329", "is_canonical": true}, {"name": "सिंहलभाषा", "bcp_47_code": "sa", "locale_id": "lang:012325", "is_canonical": true}, {"name": "sinhalakielâ", "bcp_47_code": "smn", "locale_id": "lang:000203", "is_canonical": null}, {"name": "سنهالي ژبه", "bcp_47_code": "ps", "locale_id": "lang:006281", "is_canonical": null}, {"name": "સિંહાલા", "bcp_47_code": "gu", "locale_id": "lang:006797", "is_canonical": null}, {"name": "सिंहल भाषा", "bcp_47_code": "anp", "locale_id": "lang:007347", "is_canonical": true}, {"name": "سینهالی", "bcp_47_code": "mzn", "locale_id": "lang:005912", "is_canonical": null}, {"name": "Singhalese", "bcp_47_code": "en", "locale_id": "lang:004172", "is_canonical": null}, {"name": "Helabasa", "bcp_47_code": "en", "locale_id": "lang:004172", "is_canonical": null}, {"name": "Si", "bcp_47_code": "en", "locale_id": "lang:004172", "is_canonical": null}, {"name": "sinhala", "bcp_47_code": "nb", "locale_id": "lang:000958", "is_canonical": null}, {"name": "Sinhalisch", "bcp_47_code": "de", "locale_id": "lang:006636", "is_canonical": null}, {"name": "singhalesische Sprache", "bcp_47_code": "de", "locale_id": "lang:006636", "is_canonical": null}, {"name": "синхала", "bcp_47_code": "mk", "locale_id": "lang:001683", "is_canonical": null}, {"name": "cinghalais", "bcp_47_code": "fr", "locale_id": "lang:002512", "is_canonical": null}, {"name": "singalais", "bcp_47_code": "fr", "locale_id": "lang:002512", "is_canonical": null}, {"name": "sinhala", "bcp_47_code": "fr", "locale_id": "lang:002512", "is_canonical": null}, {"name": "cinhala", "bcp_47_code": "fr", "locale_id": "lang:002512", "is_canonical": null}, {"name": "cingalese", "bcp_47_code": "it", "locale_id": "lang:005147", "is_canonical": null}, {"name": "lingua singalese", "bcp_47_code": "it", "locale_id": "lang:005147", "is_canonical": null}, {"name": "lingua cingalese", "bcp_47_code": "it", "locale_id": "lang:005147", "is_canonical": null}, {"name": "සිංහල භාෂාව", "bcp_47_code": "si", "locale_id": "lang:000326", "is_canonical": null}, {"name": "சிங்கள மொழி", "bcp_47_code": "ta", "locale_id": "lang:002996", "is_canonical": null}, {"name": "سنهالية", "bcp_47_code": "ar", "locale_id": "lang:000884", "is_canonical": null}, {"name": "singalés", "bcp_47_code": "es", "locale_id": "lang:005944", "is_canonical": null}, {"name": "sinhala", "bcp_47_code": "es", "locale_id": "lang:005944", "is_canonical": null}, {"name": "sinhalski jezik", "bcp_47_code": "sr", "locale_id": "lang:002701", "is_canonical": null}, {"name": "Σινχαλέζικα", "bcp_47_code": "el", "locale_id": "lang:002331", "is_canonical": null}, {"name": "Σινχαλέζικη γλώσσα", "bcp_47_code": "el", "locale_id": "lang:002331", "is_canonical": null}, {"name": "Σιναλέζικα", "bcp_47_code": "el", "locale_id": "lang:002331", "is_canonical": null}, {"name": "Σινχάλα", "bcp_47_code": "el", "locale_id": "lang:002331", "is_canonical": null}, {"name": "Χελαμπάσα", "bcp_47_code": "el", "locale_id": "lang:002331", "is_canonical": null}, {"name": "bahasa Sinhala", "bcp_47_code": "id", "locale_id": "lang:005344", "is_canonical": null}, {"name": "सिंहल", "bcp_47_code": "sa", "locale_id": "lang:012325", "is_canonical": null}, {"name": "सिंहली", "bcp_47_code": "sa", "locale_id": "lang:012325", "is_canonical": null}, {"name": "सिंहला", "bcp_47_code": "sa", "locale_id": "lang:012325", "is_canonical": null}, {"name": "sinhalština", "bcp_47_code": "cs", "locale_id": "lang:007371", "is_canonical": null}, {"name": "સિંહાલા ભાષા", "bcp_47_code": "gu", "locale_id": "lang:006797", "is_canonical": null}, {"name": "سنہالا بولی", "bcp_47_code": "pnb", "locale_id": "lang:003334", "is_canonical": null}, {"name": "ਸਿੰਹਾਲਾ ਭਾਸ਼ਾ", "bcp_47_code": "pa", "locale_id": "lang:003658", "is_canonical": null}, {"name": "singalščina", "bcp_47_code": "sl", "locale_id": "lang:004352", "is_canonical": null}, {"name": "sinhalski jezik", "bcp_47_code": "sl", "locale_id": "lang:004352", "is_canonical": null}, {"name": "singalski jezik", "bcp_47_code": "sl", "locale_id": "lang:004352", "is_canonical": null}, {"name": "cingalés", "bcp_47_code": "oc", "locale_id": "lang:003832", "is_canonical": null}, {"name": "idioma cingalés", "bcp_47_code": "es", "locale_id": "lang:005944", "is_canonical": null}, {"name": "língua sinhala", "bcp_47_code": "pt", "locale_id": "lang:001977", "is_canonical": null}, {"name": "Singalščina", "bcp_47_code": "sl", "locale_id": "lang:004352", "is_canonical": null}, {"name": "لغة سنهالية", "bcp_47_code": "ar", "locale_id": "lang:000884", "is_canonical": null}, {"name": "සිංහල", "bcp_47_code": "si", "locale_id": "lang:000326", "is_canonical": true}, {"name": "Sinhala", "bcp_47_code": "en", "locale_id": "lang:004172", "is_canonical": true}, {"name": "&#3523;&#3538;&#3458;&#3524;&#3517;", "bcp_47_code": "si", "locale_id": "lang:000326", "is_canonical": false}]