[{"name": "Bonerate", "bcp_47_code": "en", "locale_id": "lang:004172", "is_canonical": true}, {"name": "bonerate jezik", "bcp_47_code": "hr", "locale_id": "lang:001280", "is_canonical": true}, {"name": "Lenga bonerate", "bcp_47_code": "pms", "locale_id": "lang:003480", "is_canonical": true}, {"name": "Kibonerate", "bcp_47_code": "sw", "locale_id": "lang:001597", "is_canonical": true}, {"name": "Bonerate", "bcp_47_code": "ilo", "locale_id": "lang:007408", "is_canonical": true}, {"name": "Wikang Bonerate", "bcp_47_code": "tl", "locale_id": "lang:002540", "is_canonical": true}, {"name": "Tataramon na Bonerate", "bcp_47_code": "bcl", "locale_id": "lang:005135", "is_canonical": true}, {"name": "język bonerate", "bcp_47_code": "pl", "locale_id": "lang:001433", "is_canonical": true}]