[{"name": "Innu", "bcp_47_code": "en", "locale_id": "lang:004172", "is_canonical": true}, {"name": "Innu-Aimun", "bcp_47_code": "en", "locale_id": "lang:004172", "is_canonical": null}, {"name": "Montagnais", "bcp_47_code": "en", "locale_id": "lang:004172", "is_canonical": true}, {"name": "Innu-Aimun", "bcp_47_code": "af", "locale_id": "lang:006849", "is_canonical": true}, {"name": "ኢኑ-አይመን", "bcp_47_code": "am", "locale_id": "lang:000379", "is_canonical": true}, {"name": "إينو-ايمون", "bcp_47_code": "ar", "locale_id": "lang:000884", "is_canonical": true}, {"name": "ইন্নু-আইমুন", "bcp_47_code": "as", "locale_id": "lang:003208", "is_canonical": true}, {"name": "İnnu-aimun", "bcp_47_code": "az", "locale_id": "lang:000492", "is_canonical": true}, {"name": "іну-аймун", "bcp_47_code": "be", "locale_id": "lang:004942", "is_canonical": true}, {"name": "инну-аймун", "bcp_47_code": "bg", "locale_id": "lang:003294", "is_canonical": true}, {"name": "ইন্নু-এমুন", "bcp_47_code": "bn", "locale_id": "lang:000178", "is_canonical": true}, {"name": "montagneg", "bcp_47_code": "br", "locale_id": "lang:003643", "is_canonical": true}, {"name": "इन्नु-आइमुन", "bcp_47_code": "brx", "locale_id": "lang:003716", "is_canonical": true}, {"name": "innu-aimun", "bcp_47_code": "bs", "locale_id": "lang:005177", "is_canonical": true}, {"name": "innu-aimun", "bcp_47_code": "ca", "locale_id": "lang:000334", "is_canonical": true}, {"name": "ᎢᏄ-ᎠᏱᏵᏂ", "bcp_47_code": "chr", "locale_id": "lang:004490", "is_canonical": true}, {"name": "innu-aimun", "bcp_47_code": "cs", "locale_id": "lang:007371", "is_canonical": true}, {"name": "Innu-Aimun", "bcp_47_code": "cy", "locale_id": "lang:005257", "is_canonical": true}, {"name": "innu-aimun", "bcp_47_code": "da", "locale_id": "lang:006478", "is_canonical": true}, {"name": "Innu-Aimun", "bcp_47_code": "de", "locale_id": "lang:006636", "is_canonical": true}, {"name": "innu-aimunšćina", "bcp_47_code": "dsb", "locale_id": "lang:007093", "is_canonical": true}, {"name": "Ινου-αϊμούν", "bcp_47_code": "el", "locale_id": "lang:002331", "is_canonical": true}, {"name": "inua", "bcp_47_code": "eo", "locale_id": "lang:001065", "is_canonical": true}, {"name": "innu-aimun", "bcp_47_code": "es", "locale_id": "lang:005944", "is_canonical": true}, {"name": "innu", "bcp_47_code": "et", "locale_id": "lang:007279", "is_canonical": true}, {"name": "innuera", "bcp_47_code": "eu", "locale_id": "lang:004920", "is_canonical": true}, {"name": "اینوآیموم", "bcp_47_code": "fa", "locale_id": "lang:005211", "is_canonical": true}, {"name": "innu-aimun", "bcp_47_code": "fi", "locale_id": "lang:005250", "is_canonical": true}, {"name": "Innu-aimun", "bcp_47_code": "fil", "locale_id": "lang:004854", "is_canonical": true}, {"name": "innu-aimun", "bcp_47_code": "fr", "locale_id": "lang:002512", "is_canonical": true}, {"name": "Innu-aimun", "bcp_47_code": "ga", "locale_id": "lang:005513", "is_canonical": true}, {"name": "Innu-aimun", "bcp_47_code": "gd", "locale_id": "lang:005113", "is_canonical": true}, {"name": "innu-aimun", "bcp_47_code": "gl", "locale_id": "lang:006921", "is_canonical": true}, {"name": "ઇન્નુ-આયમુન", "bcp_47_code": "gu", "locale_id": "lang:006797", "is_canonical": true}, {"name": "Innu-aimun", "bcp_47_code": "ha", "locale_id": "lang:006769", "is_canonical": true}, {"name": "אינו-אמון", "bcp_47_code": "he", "locale_id": "lang:000780", "is_canonical": true}, {"name": "इन्नु-एईमन", "bcp_47_code": "hi", "locale_id": "lang:005010", "is_canonical": true}, {"name": "innu-aimun", "bcp_47_code": "hr", "locale_id": "lang:001280", "is_canonical": true}, {"name": "innu-aimunšćina", "bcp_47_code": "hsb", "locale_id": "lang:002868", "is_canonical": true}, {"name": "innu-aimun", "bcp_47_code": "hu", "locale_id": "lang:004445", "is_canonical": true}, {"name": "իննու-այմուն", "bcp_47_code": "hy", "locale_id": "lang:006918", "is_canonical": true}, {"name": "innu-aimun", "bcp_47_code": "ia", "locale_id": "lang:008680", "is_canonical": true}, {"name": "Innu-Aimun", "bcp_47_code": "id", "locale_id": "lang:005344", "is_canonical": true}, {"name": "Inu-imun", "bcp_47_code": "ig", "locale_id": "lang:002832", "is_canonical": true}, {"name": "innu-aimun", "bcp_47_code": "is", "locale_id": "lang:006417", "is_canonical": true}, {"name": "innu-aimun", "bcp_47_code": "it", "locale_id": "lang:005147", "is_canonical": true}, {"name": "イヌー＝アイムン語", "bcp_47_code": "ja", "locale_id": "lang:005185", "is_canonical": true}, {"name": "Innu-aimun", "bcp_47_code": "jv", "locale_id": "lang:006418", "is_canonical": true}, {"name": "ინუ-აიმუნი", "bcp_47_code": "ka", "locale_id": "lang:005687", "is_canonical": true}, {"name": "инну-аймун тілі", "bcp_47_code": "kk", "locale_id": "lang:001017", "is_canonical": true}, {"name": "អ៊ីននូអៃមុន", "bcp_47_code": "km", "locale_id": "lang:000690", "is_canonical": true}, {"name": "ಇನ್ನು-ಐಮುನ್", "bcp_47_code": "kn", "locale_id": "lang:006289", "is_canonical": true}, {"name": "이누아문", "bcp_47_code": "ko", "locale_id": "lang:000685", "is_canonical": true}, {"name": "इन्यु-ऐमुन", "bcp_47_code": "kok", "locale_id": "lang:001978", "is_canonical": true}, {"name": "инну-аймунча", "bcp_47_code": "ky", "locale_id": "lang:003193", "is_canonical": true}, {"name": "innu-aimun", "bcp_47_code": "lij", "locale_id": "lang:004453", "is_canonical": true}, {"name": "ອິນນຸໄອມັນ", "bcp_47_code": "lo", "locale_id": "lang:002848", "is_canonical": true}, {"name": "montanjų", "bcp_47_code": "lt", "locale_id": "lang:000996", "is_canonical": true}, {"name": "motanju", "bcp_47_code": "lv", "locale_id": "lang:006606", "is_canonical": true}, {"name": "इनु-ऐमन", "bcp_47_code": "mai", "locale_id": "lang:005797", "is_canonical": true}, {"name": "Inu-aimuna", "bcp_47_code": "mi", "locale_id": "lang:005897", "is_canonical": true}, {"name": "ину-аимунски", "bcp_47_code": "mk", "locale_id": "lang:001683", "is_canonical": true}, {"name": "ഇന്നു-ഐമൂൻ", "bcp_47_code": "ml", "locale_id": "lang:001880", "is_canonical": true}, {"name": "инну-аймун", "bcp_47_code": "mn", "locale_id": "lang:005506", "is_canonical": true}, {"name": "इन्नू-ॲमन", "bcp_47_code": "mr", "locale_id": "lang:003376", "is_canonical": true}, {"name": "Innu-aimun", "bcp_47_code": "ms", "locale_id": "lang:001263", "is_canonical": true}, {"name": "အီနုအေမွန်", "bcp_47_code": "my", "locale_id": "lang:004196", "is_canonical": true}, {"name": "इन्नु-ऐमन", "bcp_47_code": "ne", "locale_id": "lang:004630", "is_canonical": true}, {"name": "Innu-Aimun", "bcp_47_code": "nl", "locale_id": "lang:006448", "is_canonical": true}, {"name": "innu-aimun", "bcp_47_code": "no", "locale_id": "lang:002536", "is_canonical": true}, {"name": "ଇନ୍ନୁ-ଏମୁନ", "bcp_47_code": "or", "locale_id": "lang:001930", "is_canonical": true}, {"name": "ਇਨੂੰ-ਏਮੁਨ", "bcp_47_code": "pa", "locale_id": "lang:003658", "is_canonical": true}, {"name": "Innu-aímun Lángwej", "bcp_47_code": "pcm", "locale_id": "lang:002108", "is_canonical": true}, {"name": "innu-aimun", "bcp_47_code": "pl", "locale_id": "lang:001433", "is_canonical": true}, {"name": "mo", "bcp_47_code": "ps", "locale_id": "lang:006281", "is_canonical": true}, {"name": "innu-aimun", "bcp_47_code": "pt", "locale_id": "lang:001977", "is_canonical": true}, {"name": "Innu-aimun Simi", "bcp_47_code": "qu", "locale_id": "lang:000991", "is_canonical": true}, {"name": "innu-aimun", "bcp_47_code": "ro", "locale_id": "lang:006592", "is_canonical": true}, {"name": "инну-аймун", "bcp_47_code": "ru", "locale_id": "lang:006745", "is_canonical": true}, {"name": "ᱤᱱᱩᱼᱟᱭᱢᱩᱱ", "bcp_47_code": "sat", "locale_id": "lang:006025", "is_canonical": true}, {"name": "innu-aimun", "bcp_47_code": "sc", "locale_id": "lang:000376", "is_canonical": true}, {"name": "انو آئيمن", "bcp_47_code": "sd", "locale_id": "lang:002987", "is_canonical": true}, {"name": "ඉනු-අයිමුන්", "bcp_47_code": "si", "locale_id": "lang:000326", "is_canonical": true}, {"name": "innu-aimunčina", "bcp_47_code": "sk", "locale_id": "lang:005464", "is_canonical": true}, {"name": "inuaimunščina", "bcp_47_code": "sl", "locale_id": "lang:004352", "is_canonical": true}, {"name": "Innu-aimun", "bcp_47_code": "so", "locale_id": "lang:000435", "is_canonical": true}, {"name": "inuaimunisht", "bcp_47_code": "sq", "locale_id": "lang:006275", "is_canonical": true}, {"name": "инуајмун", "bcp_47_code": "sr", "locale_id": "lang:002701", "is_canonical": true}, {"name": "innu-aimun", "bcp_47_code": "sv", "locale_id": "lang:004782", "is_canonical": true}, {"name": "Kiinnu-aimun", "bcp_47_code": "sw", "locale_id": "lang:001597", "is_canonical": true}, {"name": "இன்னு-ஐமுன்", "bcp_47_code": "ta", "locale_id": "lang:002996", "is_canonical": true}, {"name": "ఇన్ను-ఐమున్", "bcp_47_code": "te", "locale_id": "lang:000508", "is_canonical": true}, {"name": "อินนุ-ไอมุน", "bcp_47_code": "th", "locale_id": "lang:000248", "is_canonical": true}, {"name": "ኢኑ-ኤመን", "bcp_47_code": "ti", "locale_id": "lang:002196", "is_canonical": true}, {"name": "Innu-aýmun dili", "bcp_47_code": "tk", "locale_id": "lang:002001", "is_canonical": true}, {"name": "lea fakaʻinuʻaimuni", "bcp_47_code": "to", "locale_id": "lang:006037", "is_canonical": true}, {"name": "Doğu İnnucası", "bcp_47_code": "tr", "locale_id": "lang:000917", "is_canonical": true}, {"name": "інну-аймун", "bcp_47_code": "uk", "locale_id": "lang:001994", "is_canonical": true}, {"name": "انو ایمن", "bcp_47_code": "ur", "locale_id": "lang:001103", "is_canonical": true}, {"name": "innu-aymun", "bcp_47_code": "uz", "locale_id": "lang:003386", "is_canonical": true}, {"name": "tiếng Innu-Aimun", "bcp_47_code": "vi", "locale_id": "lang:004523", "is_canonical": true}, {"name": "Èdè Inuamu", "bcp_47_code": "yo", "locale_id": "lang:003132", "is_canonical": true}, {"name": "因努埃蒙文", "bcp_47_code": "yue", "locale_id": "lang:005108", "is_canonical": true}, {"name": "因努埃蒙语", "bcp_47_code": "cmn", "locale_id": "lang:004378", "is_canonical": true}, {"name": "isi-Innu-aimun", "bcp_47_code": "zu", "locale_id": "lang:007247", "is_canonical": true}, {"name": "inua lingvo", "bcp_47_code": "eo", "locale_id": "lang:001065", "is_canonical": null}, {"name": "Lenga montagnais", "bcp_47_code": "pms", "locale_id": "lang:003480", "is_canonical": true}, {"name": "монтанье-наскапи", "bcp_47_code": "ru", "locale_id": "lang:006745", "is_canonical": null}, {"name": "İnnuca", "bcp_47_code": "tr", "locale_id": "lang:000917", "is_canonical": null}, {"name": "innu", "bcp_47_code": "es", "locale_id": "lang:005944", "is_canonical": null}, {"name": "innu-Sprache", "bcp_47_code": "de", "locale_id": "lang:006636", "is_canonical": null}, {"name": "innu", "bcp_47_code": "nn", "locale_id": "lang:005019", "is_canonical": true}, {"name": "Innu", "bcp_47_code": "nl", "locale_id": "lang:006448", "is_canonical": null}, {"name": "bahasa Innu", "bcp_47_code": "id", "locale_id": "lang:005344", "is_canonical": null}, {"name": "Wikang Innu", "bcp_47_code": "tl", "locale_id": "lang:002540", "is_canonical": true}, {"name": "innu-aimun", "bcp_47_code": "oc", "locale_id": "lang:003832", "is_canonical": true}, {"name": "因努語", "bcp_47_code": "cmn", "locale_id": "lang:004378", "is_canonical": null}, {"name": "innu-aimun", "bcp_47_code": "vec", "locale_id": "lang:004329", "is_canonical": true}, {"name": "인누아이문어", "bcp_47_code": "ko", "locale_id": "lang:000685", "is_canonical": null}, {"name": "montagnais", "bcp_47_code": "fr", "locale_id": "lang:002512", "is_canonical": null}, {"name": "innu", "bcp_47_code": "fr", "locale_id": "lang:002512", "is_canonical": null}, {"name": "langue innue", "bcp_47_code": "fr", "locale_id": "lang:002512", "is_canonical": null}, {"name": "langue innu-aimun", "bcp_47_code": "fr", "locale_id": "lang:002512", "is_canonical": null}, {"name": "innu aimun", "bcp_47_code": "fr", "locale_id": "lang:002512", "is_canonical": null}, {"name": "montagnards", "bcp_47_code": "fr", "locale_id": "lang:002512", "is_canonical": null}, {"name": "mountaineers", "bcp_47_code": "fr", "locale_id": "lang:002512", "is_canonical": null}, {"name": "montagnais innu", "bcp_47_code": "fr", "locale_id": "lang:002512", "is_canonical": null}, {"name": "montagnaise", "bcp_47_code": "fr", "locale_id": "lang:002512", "is_canonical": null}, {"name": "montainiers", "bcp_47_code": "fr", "locale_id": "lang:002512", "is_canonical": null}, {"name": "sheshapotosh", "bcp_47_code": "fr", "locale_id": "lang:002512", "is_canonical": null}, {"name": "montagne", "bcp_47_code": "fr", "locale_id": "lang:002512", "is_canonical": null}, {"name": "lingua innu", "bcp_47_code": "it", "locale_id": "lang:005147", "is_canonical": null}, {"name": "lingua innu-aimun", "bcp_47_code": "it", "locale_id": "lang:005147", "is_canonical": null}, {"name": "innu", "bcp_47_code": "it", "locale_id": "lang:005147", "is_canonical": null}, {"name": "инну", "bcp_47_code": "ru", "locale_id": "lang:006745", "is_canonical": null}, {"name": "innu-aimun", "bcp_47_code": "moe", "locale_id": "lang:000350", "is_canonical": true}]