[{"name": "Fataleka", "bcp_47_code": "en", "locale_id": "lang:004172", "is_canonical": true}, {"name": "fataleka", "bcp_47_code": "fr", "locale_id": "lang:002512", "is_canonical": true}, {"name": "Lenga Fataleka", "bcp_47_code": "pms", "locale_id": "lang:003480", "is_canonical": true}, {"name": "Kifataleka", "bcp_47_code": "sw", "locale_id": "lang:001597", "is_canonical": true}, {"name": "fataleka", "bcp_47_code": "fi", "locale_id": "lang:005250", "is_canonical": true}, {"name": "Fataleka", "bcp_47_code": "ilo", "locale_id": "lang:007408", "is_canonical": true}, {"name": "fataleka keel", "bcp_47_code": "et", "locale_id": "lang:007279", "is_canonical": true}, {"name": "Fatalekaki", "bcp_47_code": "diq", "locale_id": "lang:003839", "is_canonical": true}, {"name": "Fataleka", "bcp_47_code": "nl", "locale_id": "lang:006448", "is_canonical": true}, {"name": "Fataleka", "bcp_47_code": "de", "locale_id": "lang:006636", "is_canonical": true}, {"name": "fataleka", "bcp_47_code": "it", "locale_id": "lang:005147", "is_canonical": true}, {"name": "fataleka", "bcp_47_code": "vec", "locale_id": "lang:004329", "is_canonical": true}]