[{"name": "Buduma", "bcp_47_code": "en", "locale_id": "lang:004172", "is_canonical": true}, {"name": "Kibuduma", "bcp_47_code": "sw", "locale_id": "lang:001597", "is_canonical": true}, {"name": "Lenga Buduma", "bcp_47_code": "pms", "locale_id": "lang:003480", "is_canonical": true}, {"name": "boudoumeg", "bcp_47_code": "br", "locale_id": "lang:003643", "is_canonical": true}, {"name": "Yedina", "bcp_47_code": "en", "locale_id": "lang:004172", "is_canonical": null}, {"name": "buduma jezik", "bcp_47_code": "hr", "locale_id": "lang:001280", "is_canonical": true}, {"name": "buduma", "bcp_47_code": "fr", "locale_id": "lang:002512", "is_canonical": true}, {"name": "Buduma", "bcp_47_code": "de", "locale_id": "lang:006636", "is_canonical": true}, {"name": "ブドゥマ語", "bcp_47_code": "ja", "locale_id": "lang:005185", "is_canonical": true}, {"name": "Wikang Yedina", "bcp_47_code": "tl", "locale_id": "lang:002540", "is_canonical": true}, {"name": "língua buduma", "bcp_47_code": "pt", "locale_id": "lang:001977", "is_canonical": true}, {"name": "بودوما", "bcp_47_code": "ar", "locale_id": "lang:000884", "is_canonical": true}, {"name": "Yedina", "bcp_47_code": "ig", "locale_id": "lang:002832", "is_canonical": true}, {"name": "Fiteny bodoma", "bcp_47_code": "mg", "locale_id": "lang:001318", "is_canonical": true}, {"name": "Kiyedina", "bcp_47_code": "sw", "locale_id": "lang:001597", "is_canonical": null}, {"name": "boudouma", "bcp_47_code": "fr", "locale_id": "lang:002512", "is_canonical": null}]