[{"name": "Duano", "bcp_47_code": "en", "locale_id": "lang:004172", "is_canonical": true}, {"name": "duano", "bcp_47_code": "fr", "locale_id": "lang:002512", "is_canonical": true}, {"name": "Duano’", "bcp_47_code": "en", "locale_id": "lang:004172", "is_canonical": null}, {"name": "Duano", "bcp_47_code": "id", "locale_id": "lang:005344", "is_canonical": true}, {"name": "дуано", "bcp_47_code": "ru", "locale_id": "lang:006745", "is_canonical": true}, {"name": "Bahasa Duano", "bcp_47_code": "ms", "locale_id": "lang:001263", "is_canonical": true}, {"name": "Lenga Duano", "bcp_47_code": "pms", "locale_id": "lang:003480", "is_canonical": true}, {"name": "Kiduano", "bcp_47_code": "sw", "locale_id": "lang:001597", "is_canonical": true}, {"name": "дуанська мова", "bcp_47_code": "uk", "locale_id": "lang:001994", "is_canonical": true}, {"name": "Duano’", "bcp_47_code": "ilo", "locale_id": "lang:007408", "is_canonical": true}, {"name": "ภาษาดัวโน", "bcp_47_code": "th", "locale_id": "lang:000248", "is_canonical": true}, {"name": "Wikang Duano’", "bcp_47_code": "tl", "locale_id": "lang:002540", "is_canonical": true}, {"name": "Tataramon na Duano’", "bcp_47_code": "bcl", "locale_id": "lang:005135", "is_canonical": true}, {"name": "język duano", "bcp_47_code": "pl", "locale_id": "lang:001433", "is_canonical": true}, {"name": "bahasa Duano", "bcp_47_code": "id", "locale_id": "lang:005344", "is_canonical": null}, {"name": "оранг-куала дуано", "bcp_47_code": "uk", "locale_id": "lang:001994", "is_canonical": null}]