[{"name": "азербаиџьан", "bcp_47_code": "ab", "locale_id": "lang:006291", "is_canonical": true}, {"name": "Azerbeidjans", "bcp_47_code": "af", "locale_id": "lang:006849", "is_canonical": true}, {"name": "አዘርባጃንኛ", "bcp_47_code": "am", "locale_id": "lang:000379", "is_canonical": true}, {"name": "الأذربيجانية", "bcp_47_code": "ar", "locale_id": "lang:000884", "is_canonical": true}, {"name": "আজেৰবাইজানী", "bcp_47_code": "as", "locale_id": "lang:003208", "is_canonical": true}, {"name": "azerbaixanu", "bcp_47_code": "ast", "locale_id": "lang:006965", "is_canonical": true}, {"name": "azərbaycan", "bcp_47_code": "az", "locale_id": "lang:000492", "is_canonical": null}, {"name": "азербайджанская", "bcp_47_code": "be", "locale_id": "lang:004942", "is_canonical": true}, {"name": "азербайджански", "bcp_47_code": "bg", "locale_id": "lang:003294", "is_canonical": true}, {"name": "آذربایجانی", "bcp_47_code": "bgn", "locale_id": "lang:004443", "is_canonical": true}, {"name": "আজারবাইজানী", "bcp_47_code": "bn", "locale_id": "lang:000178", "is_canonical": true}, {"name": "azerbaidjaneg", "bcp_47_code": "br", "locale_id": "lang:003643", "is_canonical": true}, {"name": "आजारबायजानि", "bcp_47_code": "brx", "locale_id": "lang:003716", "is_canonical": true}, {"name": "azerbejdžanski", "bcp_47_code": "bs", "locale_id": "lang:005177", "is_canonical": true}, {"name": "አዜርባይጃንኛ", "bcp_47_code": "byn", "locale_id": "lang:001586", "is_canonical": true}, {"name": "azerbaidjanès", "bcp_47_code": "ca", "locale_id": "lang:000334", "is_canonical": true}, {"name": "𑄃𑄎𑄢𑄴𑄝𑄳𑄆𑄎𑄚𑄩", "bcp_47_code": "ccp", "locale_id": "lang:004815", "is_canonical": true}, {"name": "азербайджанийн", "bcp_47_code": "ce", "locale_id": "lang:000120", "is_canonical": true}, {"name": "ᎠᏎᏆᏣᏂ", "bcp_47_code": "chr", "locale_id": "lang:004490", "is_canonical": true}, {"name": "ئازەربایجانی", "bcp_47_code": "ckb", "locale_id": "lang:002255", "is_canonical": true}, {"name": "ázerbájdžánština", "bcp_47_code": "cs", "locale_id": "lang:007371", "is_canonical": true}, {"name": "а҆зербайджа́нскїй", "bcp_47_code": "cu", "locale_id": "lang:016112", "is_canonical": true}, {"name": "Aserbaijaneg", "bcp_47_code": "cy", "locale_id": "lang:005257", "is_canonical": true}, {"name": "aserbajdsjansk", "bcp_47_code": "da", "locale_id": "lang:006478", "is_canonical": true}, {"name": "Aserbaidschanisch", "bcp_47_code": "de", "locale_id": "lang:006636", "is_canonical": true}, {"name": "azerbajdžanšćina", "bcp_47_code": "dsb", "locale_id": "lang:007093", "is_canonical": true}, {"name": "ཨ་ཛར་བྷའི་ཇཱན་ཁ", "bcp_47_code": "dz", "locale_id": "lang:001019", "is_canonical": true}, {"name": "azerbaijangbe", "bcp_47_code": "ee", "locale_id": "lang:007099", "is_canonical": true}, {"name": "Αζερμπαϊτζανικά", "bcp_47_code": "el", "locale_id": "lang:002331", "is_canonical": true}, {"name": "azerbajĝana", "bcp_47_code": "eo", "locale_id": "lang:001065", "is_canonical": true}, {"name": "azerbaiyano", "bcp_47_code": "es", "locale_id": "lang:005944", "is_canonical": true}, {"name": "aserbaidžaani", "bcp_47_code": "et", "locale_id": "lang:007279", "is_canonical": true}, {"name": "azerbaijanera", "bcp_47_code": "eu", "locale_id": "lang:004920", "is_canonical": true}, {"name": "ترکی آذربایجانی", "bcp_47_code": "fa", "locale_id": "lang:005211", "is_canonical": true}, {"name": "azeri", "bcp_47_code": "fi", "locale_id": "lang:005250", "is_canonical": true}, {"name": "Azerbaijani", "bcp_47_code": "fil", "locale_id": "lang:004854", "is_canonical": true}, {"name": "aserbajdsjanskt", "bcp_47_code": "fo", "locale_id": "lang:005789", "is_canonical": true}, {"name": "azerbaïdjanais", "bcp_47_code": "fr", "locale_id": "lang:002512", "is_canonical": true}, {"name": "azerbaijani", "bcp_47_code": "fur", "locale_id": "lang:004668", "is_canonical": true}, {"name": "Azerbeidzjaansk", "bcp_47_code": "fy", "locale_id": "lang:000608", "is_canonical": true}, {"name": "Asarbaiseáinis", "bcp_47_code": "ga", "locale_id": "lang:005513", "is_canonical": true}, {"name": "Azerbaijani", "bcp_47_code": "gaa", "locale_id": "lang:006506", "is_canonical": true}, {"name": "Asarbaideànais", "bcp_47_code": "gd", "locale_id": "lang:005113", "is_canonical": true}, {"name": "አዜርባይጃንኛ", "bcp_47_code": "gez", "locale_id": null, "is_canonical": true}, {"name": "acerbaixano", "bcp_47_code": "gl", "locale_id": "lang:006921", "is_canonical": true}, {"name": "Aserbaidschanisch", "bcp_47_code": "gsw", "locale_id": "lang:006414", "is_canonical": true}, {"name": "અઝરબૈજાની", "bcp_47_code": "gu", "locale_id": "lang:006797", "is_canonical": true}, {"name": "Azerbaijanci", "bcp_47_code": "ha", "locale_id": "lang:006769", "is_canonical": true}, {"name": "אזרית", "bcp_47_code": "he", "locale_id": "lang:000780", "is_canonical": true}, {"name": "अज़रबैजानी", "bcp_47_code": "hi", "locale_id": "lang:005010", "is_canonical": true}, {"name": "azerbajdžanski", "bcp_47_code": "hr", "locale_id": "lang:001280", "is_canonical": true}, {"name": "azerbajdźanšćina", "bcp_47_code": "hsb", "locale_id": "lang:002868", "is_canonical": true}, {"name": "azerbajdzsáni", "bcp_47_code": "hu", "locale_id": "lang:004445", "is_canonical": true}, {"name": "ադրբեջաներեն", "bcp_47_code": "hy", "locale_id": "lang:006918", "is_canonical": true}, {"name": "azerbaidzhano", "bcp_47_code": "ia", "locale_id": "lang:008680", "is_canonical": true}, {"name": "Azerbaijani", "bcp_47_code": "id", "locale_id": "lang:005344", "is_canonical": true}, {"name": "Azerbajanị", "bcp_47_code": "ig", "locale_id": "lang:002832", "is_canonical": true}, {"name": "aserska", "bcp_47_code": "is", "locale_id": "lang:006417", "is_canonical": true}, {"name": "azerbaigiano", "bcp_47_code": "it", "locale_id": "lang:005147", "is_canonical": true}, {"name": "アゼルバイジャン語", "bcp_47_code": "ja", "locale_id": "lang:005185", "is_canonical": true}, {"name": "Azerbaijan", "bcp_47_code": "jv", "locale_id": "lang:006418", "is_canonical": true}, {"name": "აზერბაიჯანული", "bcp_47_code": "ka", "locale_id": "lang:005687", "is_canonical": true}, {"name": "Tazerbayǧant", "bcp_47_code": "kab", "locale_id": "lang:002124", "is_canonical": true}, {"name": "azerbaijanu", "bcp_47_code": "kea", "locale_id": "lang:000423", "is_canonical": true}, {"name": "ajermajỹnũ", "bcp_47_code": "kgp", "locale_id": "lang:005254", "is_canonical": true}, {"name": "әзірбайжан тілі", "bcp_47_code": "kk", "locale_id": "lang:001017", "is_canonical": true}, {"name": "aserbajdsjaniskisut", "bcp_47_code": "kl", "locale_id": "lang:002208", "is_canonical": true}, {"name": "អាស៊ែបៃហ្សង់", "bcp_47_code": "km", "locale_id": "lang:000690", "is_canonical": true}, {"name": "ಅಜೆರ್ಬೈಜಾನಿ", "bcp_47_code": "kn", "locale_id": "lang:006289", "is_canonical": true}, {"name": "아제르바이잔어", "bcp_47_code": "ko", "locale_id": "lang:000685", "is_canonical": true}, {"name": "अझरबैजानी", "bcp_47_code": "kok", "locale_id": "lang:001978", "is_canonical": true}, {"name": "اَزَربیجانی", "bcp_47_code": "ks", "locale_id": "lang:004361", "is_canonical": true}, {"name": "Asserbaidschahnesch", "bcp_47_code": "ksh", "locale_id": "lang:000776", "is_canonical": true}, {"name": "azerî", "bcp_47_code": "ku", "locale_id": "lang:003565", "is_canonical": true}, {"name": "азербайжанча", "bcp_47_code": "ky", "locale_id": "lang:003193", "is_canonical": true}, {"name": "Atropatenica", "bcp_47_code": "la", "locale_id": "lang:016110", "is_canonical": true}, {"name": "Aserbaidschanesch", "bcp_47_code": "lb", "locale_id": "lang:003324", "is_canonical": true}, {"name": "azerbaigian", "bcp_47_code": "lij", "locale_id": "lang:004453", "is_canonical": true}, {"name": "Azerbaijani Iyápi", "bcp_47_code": "lkt", "locale_id": "lang:002236", "is_canonical": true}, {"name": "ອາເຊີໄບຈານິ", "bcp_47_code": "lo", "locale_id": "lang:002848", "is_canonical": true}, {"name": "آذأربایئجانی ھارگە", "bcp_47_code": "lrc", "locale_id": "lang:001958", "is_canonical": true}, {"name": "azerbaidžaniečių", "bcp_47_code": "lt", "locale_id": "lang:000996", "is_canonical": true}, {"name": "azerbaidžāņu", "bcp_47_code": "lv", "locale_id": "lang:006606", "is_canonical": true}, {"name": "अजरबैजानी", "bcp_47_code": "mai", "locale_id": "lang:005797", "is_canonical": true}, {"name": "Ahapahāna", "bcp_47_code": "mi", "locale_id": "lang:005897", "is_canonical": true}, {"name": "азербејџански", "bcp_47_code": "mk", "locale_id": "lang:001683", "is_canonical": true}, {"name": "അസർബൈജാനി", "bcp_47_code": "ml", "locale_id": "lang:001880", "is_canonical": true}, {"name": "азербайжан", "bcp_47_code": "mn", "locale_id": "lang:005506", "is_canonical": true}, {"name": "अझरबैजानी", "bcp_47_code": "mr", "locale_id": "lang:003376", "is_canonical": true}, {"name": "Azerbaijan", "bcp_47_code": "ms", "locale_id": "lang:001263", "is_canonical": true}, {"name": "Ażerbajġani", "bcp_47_code": "mt", "locale_id": "lang:004371", "is_canonical": true}, {"name": "အဇာဘိုင်ဂျန်", "bcp_47_code": "my", "locale_id": "lang:004196", "is_canonical": true}, {"name": "آذری ِترکی", "bcp_47_code": "mzn", "locale_id": "lang:005912", "is_canonical": true}, {"name": "Aserbaidschaansch", "bcp_47_code": "nds", "locale_id": "lang:001710", "is_canonical": true}, {"name": "अजरबैजानी", "bcp_47_code": "ne", "locale_id": "lang:004630", "is_canonical": true}, {"name": "Azerbeidzjaans", "bcp_47_code": "nl", "locale_id": "lang:006448", "is_canonical": true}, {"name": "aserbajdsjansk", "bcp_47_code": "no", "locale_id": "lang:002536", "is_canonical": true}, {"name": "ߊߖߍߙߑߓߊߦߌߖߊߞߊ߲", "bcp_47_code": "nqo", "locale_id": "lang:006401", "is_canonical": true}, {"name": "azerbaijani", "bcp_47_code": "oc", "locale_id": "lang:003832", "is_canonical": true}, {"name": "Afaan Azerbaijani", "bcp_47_code": "om", "locale_id": "lang:000417", "is_canonical": true}, {"name": "ଆଜେରବାଇଜାନି", "bcp_47_code": "or", "locale_id": "lang:001930", "is_canonical": true}, {"name": "тӕтӕйраг", "bcp_47_code": "os", "locale_id": "lang:000303", "is_canonical": true}, {"name": "ਅਜ਼ਰਬਾਈਜਾਨੀ", "bcp_47_code": "pa", "locale_id": "lang:003658", "is_canonical": true}, {"name": "Azẹrbaijáni Lángwej", "bcp_47_code": "pcm", "locale_id": "lang:002108", "is_canonical": true}, {"name": "azerbejdżański", "bcp_47_code": "pl", "locale_id": "lang:001433", "is_canonical": true}, {"name": "اذربایجاني", "bcp_47_code": "ps", "locale_id": "lang:006281", "is_canonical": true}, {"name": "azerbaijano", "bcp_47_code": "pt", "locale_id": "lang:001977", "is_canonical": true}, {"name": "Azerbaiyano Simi", "bcp_47_code": "qu", "locale_id": "lang:000991", "is_canonical": true}, {"name": "aserbeidschanic", "bcp_47_code": "rm", "locale_id": "lang:004318", "is_canonical": true}, {"name": "azeră", "bcp_47_code": "ro", "locale_id": "lang:006592", "is_canonical": true}, {"name": "азербайджанский", "bcp_47_code": "ru", "locale_id": "lang:006745", "is_canonical": true}, {"name": "Inyazeribayijani", "bcp_47_code": "rw", "locale_id": "lang:005054", "is_canonical": true}, {"name": "Адьырбайдьаанныы", "bcp_47_code": "sah", "locale_id": "lang:000767", "is_canonical": true}, {"name": "ᱟᱹᱡᱟᱹᱨᱵᱮᱡᱟᱱᱤ", "bcp_47_code": "sat", "locale_id": "lang:006025", "is_canonical": true}, {"name": "azerbaigianu", "bcp_47_code": "sc", "locale_id": "lang:000376", "is_canonical": true}, {"name": "آزربائيجاني", "bcp_47_code": "sd", "locale_id": "lang:002987", "is_canonical": true}, {"name": "අසර්බයිජාන්", "bcp_47_code": "si", "locale_id": "lang:000326", "is_canonical": true}, {"name": "azerbajdžančina", "bcp_47_code": "sk", "locale_id": "lang:005464", "is_canonical": true}, {"name": "azerbajdžanščina", "bcp_47_code": "sl", "locale_id": "lang:004352", "is_canonical": true}, {"name": "azerbaidžankielâ", "bcp_47_code": "smn", "locale_id": "lang:000203", "is_canonical": true}, {"name": "Asarbayjan", "bcp_47_code": "so", "locale_id": "lang:000435", "is_canonical": true}, {"name": "azerbajxhanisht", "bcp_47_code": "sq", "locale_id": "lang:006275", "is_canonical": true}, {"name": "азербејџански", "bcp_47_code": "sr", "locale_id": "lang:002701", "is_canonical": true}, {"name": "Se-azerbaijani", "bcp_47_code": "st", "locale_id": "lang:004234", "is_canonical": true}, {"name": "azerbajdzjanska", "bcp_47_code": "sv", "locale_id": "lang:004782", "is_canonical": true}, {"name": "Kiazerbaijani", "bcp_47_code": "sw", "locale_id": "lang:001597", "is_canonical": true}, {"name": "ܐܙܪܒܝܓܐܢܝܬ", "bcp_47_code": "syr", "locale_id": "lang:004211", "is_canonical": true}, {"name": "azerbejdżański", "bcp_47_code": "szl", "locale_id": "lang:002207", "is_canonical": true}, {"name": "அசர்பைஜானி", "bcp_47_code": "ta", "locale_id": "lang:002996", "is_canonical": true}, {"name": "అజర్బైజాని", "bcp_47_code": "te", "locale_id": "lang:000508", "is_canonical": true}, {"name": "озарбойҷонӣ", "bcp_47_code": "tg", "locale_id": "lang:002532", "is_canonical": true}, {"name": "อาเซอร์ไบจาน", "bcp_47_code": "th", "locale_id": "lang:000248", "is_canonical": true}, {"name": "ኣዘርባጃንኛ", "bcp_47_code": "ti", "locale_id": "lang:002196", "is_canonical": true}, {"name": "አዜርባይጃንኛ", "bcp_47_code": "tig", "locale_id": "lang:005434", "is_canonical": true}, {"name": "azerbaýjan dili", "bcp_47_code": "tk", "locale_id": "lang:002001", "is_canonical": true}, {"name": "Azerbaijani", "bcp_47_code": "tn", "locale_id": "lang:004062", "is_canonical": true}, {"name": "lea fakaʻasapaisani", "bcp_47_code": "to", "locale_id": "lang:006037", "is_canonical": true}, {"name": "Azerbaycan dili", "bcp_47_code": "tr", "locale_id": "lang:000917", "is_canonical": true}, {"name": "ازری", "bcp_47_code": "trw", "locale_id": "lang:000858", "is_canonical": true}, {"name": "әзәрбайҗан", "bcp_47_code": "tt", "locale_id": "lang:003939", "is_canonical": true}, {"name": "ئەزەربەيجانچە", "bcp_47_code": "ug", "locale_id": "lang:003330", "is_canonical": true}, {"name": "азербайджанська", "bcp_47_code": "uk", "locale_id": "lang:001994", "is_canonical": true}, {"name": "آذربائیجانی", "bcp_47_code": "ur", "locale_id": "lang:001103", "is_canonical": true}, {"name": "ozarbayjon", "bcp_47_code": "uz", "locale_id": "lang:003386", "is_canonical": true}, {"name": "tiếng Azerbaijan", "bcp_47_code": "vi", "locale_id": "lang:004523", "is_canonical": true}, {"name": "Serbaidšaniš", "bcp_47_code": "wae", "locale_id": "lang:001423", "is_canonical": true}, {"name": "Aserbayjane", "bcp_47_code": "wo", "locale_id": "lang:003933", "is_canonical": true}, {"name": "isi-Azerbaijani", "bcp_47_code": "xh", "locale_id": "lang:002158", "is_canonical": true}, {"name": "אַזערביידזשאַניש", "bcp_47_code": "yi", "locale_id": "lang:002081", "is_canonical": true}, {"name": "Èdè Azerbaijani", "bcp_47_code": "yo", "locale_id": "lang:003132", "is_canonical": true}, {"name": "aserbayanu", "bcp_47_code": "yrl", "locale_id": "lang:006863", "is_canonical": true}, {"name": "亞塞拜然文", "bcp_47_code": "yue", "locale_id": "lang:005108", "is_canonical": true}, {"name": "阿塞拜疆语", "bcp_47_code": "cmn", "locale_id": "lang:004378", "is_canonical": true}, {"name": "isi-Azerbaijani", "bcp_47_code": "zu", "locale_id": "lang:007247", "is_canonical": true}, {"name": "Azərbaycanca", "bcp_47_code": "az", "locale_id": "lang:000492", "is_canonical": true}, {"name": "Azerbaijani", "bcp_47_code": "en", "locale_id": "lang:004172", "is_canonical": true}, {"name": "Az&#601;rbaycanca", "bcp_47_code": "az", "locale_id": "lang:000492", "is_canonical": false}]