[{"name": "Semai", "bcp_47_code": "en", "locale_id": "lang:004172", "is_canonical": true}, {"name": "Lenga semai", "bcp_47_code": "pms", "locale_id": "lang:003480", "is_canonical": true}, {"name": "semai", "bcp_47_code": "fr", "locale_id": "lang:002512", "is_canonical": true}, {"name": "ภาษาเซไม", "bcp_47_code": "th", "locale_id": "lang:000248", "is_canonical": true}, {"name": "bahasa Semai", "bcp_47_code": "ms", "locale_id": "lang:001263", "is_canonical": true}, {"name": "Kisemai", "bcp_47_code": "sw", "locale_id": "lang:001597", "is_canonical": true}, {"name": "língua semai", "bcp_47_code": "pt", "locale_id": "lang:001977", "is_canonical": true}, {"name": "semai", "bcp_47_code": "sv", "locale_id": "lang:004782", "is_canonical": true}, {"name": "Semai", "bcp_47_code": "ilo", "locale_id": "lang:007408", "is_canonical": true}, {"name": "pagsasao idiay Malaysia", "bcp_47_code": "bcl", "locale_id": "lang:005135", "is_canonical": true}, {"name": "Wikang Semai", "bcp_47_code": "tl", "locale_id": "lang:002540", "is_canonical": true}, {"name": "семаи", "bcp_47_code": "ru", "locale_id": "lang:006745", "is_canonical": true}, {"name": "semai keel", "bcp_47_code": "et", "locale_id": "lang:007279", "is_canonical": true}, {"name": "塞迈语", "bcp_47_code": "cmn", "locale_id": "lang:004378", "is_canonical": true}, {"name": "język semai", "bcp_47_code": "pl", "locale_id": "lang:001433", "is_canonical": true}, {"name": "Bahasa Semai", "bcp_47_code": "ms", "locale_id": "lang:001263", "is_canonical": null}]