[{"name": "Nottoway", "bcp_47_code": "en", "locale_id": "lang:004172", "is_canonical": true}, {"name": "nottoway", "bcp_47_code": "fr", "locale_id": "lang:002512", "is_canonical": true}, {"name": "Lenga nottoway", "bcp_47_code": "pms", "locale_id": "lang:003480", "is_canonical": true}, {"name": "ноттовей", "bcp_47_code": "ru", "locale_id": "lang:006745", "is_canonical": true}, {"name": "nottoway", "bcp_47_code": "ca", "locale_id": "lang:000334", "is_canonical": true}, {"name": "Ноттовей", "bcp_47_code": "cv", "locale_id": "lang:003469", "is_canonical": true}, {"name": "نوتوويي", "bcp_47_code": "ar", "locale_id": "lang:000884", "is_canonical": true}, {"name": "نوتوويي", "bcp_47_code": "ary", "locale_id": "lang:001493", "is_canonical": true}, {"name": "nottoway", "bcp_47_code": "es", "locale_id": "lang:005944", "is_canonical": true}, {"name": "nottoway", "bcp_47_code": "it", "locale_id": "lang:005147", "is_canonical": true}, {"name": "nottoway", "bcp_47_code": "pt", "locale_id": "lang:001977", "is_canonical": true}, {"name": "nottoway", "bcp_47_code": "sv", "locale_id": "lang:004782", "is_canonical": true}, {"name": "Nottoway", "bcp_47_code": "de", "locale_id": "lang:006636", "is_canonical": true}, {"name": "nottoway", "bcp_47_code": "vec", "locale_id": "lang:004329", "is_canonical": true}]