[{"name": "Karanga", "bcp_47_code": "en", "locale_id": "lang:004172", "is_canonical": true}, {"name": "Kikaranga", "bcp_47_code": "sw", "locale_id": "lang:001597", "is_canonical": true}, {"name": "Lenga Karanga", "bcp_47_code": "pms", "locale_id": "lang:003480", "is_canonical": true}, {"name": "karangeg", "bcp_47_code": "br", "locale_id": "lang:003643", "is_canonical": true}, {"name": "karanga", "bcp_47_code": "fr", "locale_id": "lang:002512", "is_canonical": true}, {"name": "karanga keel", "bcp_47_code": "et", "locale_id": "lang:007279", "is_canonical": true}, {"name": "Karanga", "bcp_47_code": "ig", "locale_id": "lang:002832", "is_canonical": true}, {"name": "asụsụ karanga", "bcp_47_code": "ig", "locale_id": "lang:002832", "is_canonical": null}]