[{"name": "Sepa", "bcp_47_code": "en", "locale_id": "lang:004172", "is_canonical": true}, {"name": "Kisepa", "bcp_47_code": "sw", "locale_id": "lang:001597", "is_canonical": true}, {"name": "Lenga Sepa", "bcp_47_code": "pms", "locale_id": "lang:003480", "is_canonical": true}, {"name": "sepa", "bcp_47_code": "fr", "locale_id": "lang:002512", "is_canonical": true}, {"name": "Sepa", "bcp_47_code": "id", "locale_id": "lang:005344", "is_canonical": true}, {"name": "bahasa Sepa", "bcp_47_code": "id", "locale_id": "lang:005344", "is_canonical": null}, {"name": "bahasa Tamilouw", "bcp_47_code": "id", "locale_id": "lang:005344", "is_canonical": null}, {"name": "Sepa (Indonesia)", "bcp_47_code": "en", "locale_id": "lang:004172", "is_canonical": true}]