[{"name": "Tabaa Zapotec", "bcp_47_code": "en", "locale_id": "lang:004172", "is_canonical": true}, {"name": "табаанский сапотекский язык", "bcp_47_code": "ru", "locale_id": "lang:006745", "is_canonical": true}, {"name": "zapotekeg tabaa", "bcp_47_code": "br", "locale_id": "lang:003643", "is_canonical": true}, {"name": "tabaa Lenga zapotec", "bcp_47_code": "pms", "locale_id": "lang:003480", "is_canonical": true}, {"name": "Tabaá Zapotec", "bcp_47_code": "sco", "locale_id": "lang:003876", "is_canonical": true}, {"name": "zapotèque de tabaa", "bcp_47_code": "fr", "locale_id": "lang:002512", "is_canonical": true}, {"name": "zapoteco de tabaá", "bcp_47_code": "es", "locale_id": "lang:005944", "is_canonical": true}, {"name": "zapotec de villa alta central", "bcp_47_code": "fr", "locale_id": "lang:002512", "is_canonical": null}]