[{"name": "Kayagar", "bcp_47_code": "en", "locale_id": "lang:004172", "is_canonical": true}, {"name": "каягарский язык", "bcp_47_code": "ru", "locale_id": "lang:006745", "is_canonical": true}, {"name": "Lenga Kayagar", "bcp_47_code": "pms", "locale_id": "lang:003480", "is_canonical": true}, {"name": "kayagar", "bcp_47_code": "fr", "locale_id": "lang:002512", "is_canonical": true}, {"name": "Kayagar", "bcp_47_code": "de", "locale_id": "lang:006636", "is_canonical": true}, {"name": "Kikayagar", "bcp_47_code": "sw", "locale_id": "lang:001597", "is_canonical": true}, {"name": "język kaygir", "bcp_47_code": "pl", "locale_id": "lang:001433", "is_canonical": true}, {"name": "Kayagar", "bcp_47_code": "ilo", "locale_id": "lang:007408", "is_canonical": true}]