[{"name": "Beeke", "bcp_47_code": "en", "locale_id": "lang:004172", "is_canonical": true}, {"name": "Kibeeke", "bcp_47_code": "sw", "locale_id": "lang:001597", "is_canonical": true}, {"name": "Lenga Beeke", "bcp_47_code": "pms", "locale_id": "lang:003480", "is_canonical": true}, {"name": "beeke jezik", "bcp_47_code": "hr", "locale_id": "lang:001280", "is_canonical": true}, {"name": "beeke", "bcp_47_code": "fr", "locale_id": "lang:002512", "is_canonical": true}, {"name": "Beeke", "bcp_47_code": "ig", "locale_id": "lang:002832", "is_canonical": true}]