[{"name": "Fataluku", "bcp_47_code": "en", "locale_id": "lang:004172", "is_canonical": true}, {"name": "fataluco", "bcp_47_code": "pt", "locale_id": "lang:001977", "is_canonical": true}, {"name": "Lenga Fataluku", "bcp_47_code": "pms", "locale_id": "lang:003480", "is_canonical": true}, {"name": "Fataluku", "bcp_47_code": "de", "locale_id": "lang:006636", "is_canonical": true}, {"name": "Fataluku", "bcp_47_code": "tet", "locale_id": "lang:004970", "is_canonical": true}, {"name": "język fataluku", "bcp_47_code": "pl", "locale_id": "lang:001433", "is_canonical": true}, {"name": "fataloukoueg", "bcp_47_code": "br", "locale_id": "lang:003643", "is_canonical": true}, {"name": "фаталуку", "bcp_47_code": "ru", "locale_id": "lang:006745", "is_canonical": true}, {"name": "idioma fataluco", "bcp_47_code": "es", "locale_id": "lang:005944", "is_canonical": true}, {"name": "ภาษาฟาตาลูกู", "bcp_47_code": "th", "locale_id": "lang:000248", "is_canonical": true}, {"name": "Fataluku", "bcp_47_code": "nl", "locale_id": "lang:006448", "is_canonical": true}, {"name": "fataluku keel", "bcp_47_code": "et", "locale_id": "lang:007279", "is_canonical": true}, {"name": "fataluku", "bcp_47_code": "fr", "locale_id": "lang:002512", "is_canonical": true}, {"name": "Kifataluku", "bcp_47_code": "sw", "locale_id": "lang:001597", "is_canonical": true}, {"name": "Fatalukuki", "bcp_47_code": "diq", "locale_id": "lang:003839", "is_canonical": true}, {"name": "ファタルク語", "bcp_47_code": "ja", "locale_id": "lang:005185", "is_canonical": true}, {"name": "Fataluku", "bcp_47_code": "ilo", "locale_id": "lang:007408", "is_canonical": true}, {"name": "idioma fataluco", "bcp_47_code": "ast", "locale_id": "lang:006965", "is_canonical": true}, {"name": "fatalukun kieli", "bcp_47_code": "fi", "locale_id": "lang:005250", "is_canonical": true}, {"name": "bahasa Fataluku", "bcp_47_code": "id", "locale_id": "lang:005344", "is_canonical": true}, {"name": "Dagada", "bcp_47_code": "de", "locale_id": "lang:006636", "is_canonical": null}, {"name": "Oirata", "bcp_47_code": "de", "locale_id": "lang:006636", "is_canonical": null}, {"name": "fataluco", "bcp_47_code": "es", "locale_id": "lang:005944", "is_canonical": null}]