[{"name": "Dondo", "bcp_47_code": "en", "locale_id": "lang:004172", "is_canonical": true}, {"name": "Kidondo", "bcp_47_code": "sw", "locale_id": "lang:001597", "is_canonical": true}, {"name": "Dondo", "bcp_47_code": "ilo", "locale_id": "lang:007408", "is_canonical": true}, {"name": "dondo", "bcp_47_code": "fr", "locale_id": "lang:002512", "is_canonical": true}, {"name": "Tataramon na Dondo", "bcp_47_code": "bcl", "locale_id": "lang:005135", "is_canonical": true}, {"name": "Wikang Dondo", "bcp_47_code": "tl", "locale_id": "lang:002540", "is_canonical": true}, {"name": "bahasa Dondo", "bcp_47_code": "id", "locale_id": "lang:005344", "is_canonical": true}, {"name": "język dondo", "bcp_47_code": "pl", "locale_id": "lang:001433", "is_canonical": true}]