[{"name": "Cebaara Senoufo", "bcp_47_code": "en", "locale_id": "lang:004172", "is_canonical": true}, {"name": "Senari", "bcp_47_code": "en", "locale_id": "lang:004172", "is_canonical": true}, {"name": "sebareg", "bcp_47_code": "br", "locale_id": "lang:003643", "is_canonical": true}, {"name": "Cebaara", "bcp_47_code": "de", "locale_id": "lang:006636", "is_canonical": true}, {"name": "Cebaara", "bcp_47_code": "en", "locale_id": "lang:004172", "is_canonical": null}, {"name": "Lenga Senoufo Cebaara", "bcp_47_code": "pms", "locale_id": "lang:003480", "is_canonical": true}, {"name": "Kisenoufo-Cebaara", "bcp_47_code": "sw", "locale_id": "lang:001597", "is_canonical": true}, {"name": "cebaara", "bcp_47_code": "fr", "locale_id": "lang:002512", "is_canonical": true}, {"name": "Wikang Cebaara", "bcp_47_code": "tl", "locale_id": "lang:002540", "is_canonical": true}, {"name": "Cebaara", "bcp_47_code": "bar", "locale_id": "lang:002296", "is_canonical": true}, {"name": "cebaara", "bcp_47_code": "oc", "locale_id": "lang:003832", "is_canonical": true}, {"name": "Senadi", "bcp_47_code": "en", "locale_id": "lang:004172", "is_canonical": null}, {"name": "Cebaara", "bcp_47_code": "sef", "locale_id": "lang:000283", "is_canonical": true}]