[{"name": "Bunganditj", "bcp_47_code": "en", "locale_id": "lang:004172", "is_canonical": true}, {"name": "Bungandidj", "bcp_47_code": "en", "locale_id": "lang:004172", "is_canonical": null}, {"name": "bunganditj", "bcp_47_code": "fr", "locale_id": "lang:002512", "is_canonical": true}, {"name": "Kibunganditj", "bcp_47_code": "sw", "locale_id": "lang:001597", "is_canonical": true}, {"name": "бунгандидж", "bcp_47_code": "ru", "locale_id": "lang:006745", "is_canonical": true}, {"name": "idioma bungandidj", "bcp_47_code": "es", "locale_id": "lang:005944", "is_canonical": true}, {"name": "Buwandik", "bcp_47_code": "en", "locale_id": "lang:004172", "is_canonical": null}]