[{"name": "Como Karim", "bcp_47_code": "en", "locale_id": "lang:004172", "is_canonical": true}, {"name": "Kicomo-Karim", "bcp_47_code": "sw", "locale_id": "lang:001597", "is_canonical": true}, {"name": "Como Karim", "bcp_47_code": "de", "locale_id": "lang:006636", "is_canonical": true}, {"name": "Lenga Como Karim", "bcp_47_code": "pms", "locale_id": "lang:003480", "is_canonical": true}, {"name": "como karim jezik", "bcp_47_code": "hr", "locale_id": "lang:001280", "is_canonical": true}, {"name": "como karim", "bcp_47_code": "es", "locale_id": "lang:005944", "is_canonical": true}, {"name": "como karim", "bcp_47_code": "ro", "locale_id": "lang:006592", "is_canonical": true}, {"name": "Asụsụ Como Karịm", "bcp_47_code": "ig", "locale_id": "lang:002832", "is_canonical": true}]