[{"name": "Lake Miwok", "bcp_47_code": "en", "locale_id": "lang:004172", "is_canonical": true}, {"name": "miwok du lac", "bcp_47_code": "fr", "locale_id": "lang:002512", "is_canonical": true}, {"name": "lake Lenga miwok", "bcp_47_code": "pms", "locale_id": "lang:003480", "is_canonical": true}, {"name": "озёрный мивокский язык", "bcp_47_code": "ru", "locale_id": "lang:006745", "is_canonical": true}, {"name": "miwok del llac", "bcp_47_code": "ca", "locale_id": "lang:000334", "is_canonical": true}, {"name": "miwokeg al lenn", "bcp_47_code": "br", "locale_id": "lang:003643", "is_canonical": true}, {"name": "lake miwok", "bcp_47_code": "fr", "locale_id": "lang:002512", "is_canonical": null}]