[{"name": "Woi", "bcp_47_code": "en", "locale_id": "lang:004172", "is_canonical": true}, {"name": "Lenga Woi", "bcp_47_code": "pms", "locale_id": "lang:003480", "is_canonical": true}, {"name": "Kiwoi", "bcp_47_code": "sw", "locale_id": "lang:001597", "is_canonical": true}, {"name": "Woi", "bcp_47_code": "id", "locale_id": "lang:005344", "is_canonical": true}, {"name": "Woi", "bcp_47_code": "ilo", "locale_id": "lang:007408", "is_canonical": true}, {"name": "Wikang Woi", "bcp_47_code": "tl", "locale_id": "lang:002540", "is_canonical": true}, {"name": "voi keel", "bcp_47_code": "et", "locale_id": "lang:007279", "is_canonical": true}, {"name": "woi", "bcp_47_code": "fr", "locale_id": "lang:002512", "is_canonical": true}, {"name": "język woi", "bcp_47_code": "pl", "locale_id": "lang:001433", "is_canonical": true}, {"name": "Wo'Oi", "bcp_47_code": "en", "locale_id": "lang:004172", "is_canonical": null}, {"name": "bahasa Woi", "bcp_47_code": "id", "locale_id": "lang:005344", "is_canonical": null}, {"name": "bahasa Wo'Oi", "bcp_47_code": "id", "locale_id": "lang:005344", "is_canonical": null}]