[{"name": "Ngandi", "bcp_47_code": "en", "locale_id": "lang:004172", "is_canonical": true}, {"name": "ngandi", "bcp_47_code": "sv", "locale_id": "lang:004782", "is_canonical": true}, {"name": "Lenga ngandi", "bcp_47_code": "pms", "locale_id": "lang:003480", "is_canonical": true}, {"name": "ngandi keel", "bcp_47_code": "et", "locale_id": "lang:007279", "is_canonical": true}, {"name": "Kingandi", "bcp_47_code": "sw", "locale_id": "lang:001597", "is_canonical": true}, {"name": "نگاندی", "bcp_47_code": "ur", "locale_id": "lang:001103", "is_canonical": true}, {"name": "نگاندی زبان", "bcp_47_code": "ur", "locale_id": "lang:001103", "is_canonical": null}]