[{"name": "Wom", "bcp_47_code": "en", "locale_id": "lang:004172", "is_canonical": true}, {"name": "Wam", "bcp_47_code": "en", "locale_id": "lang:004172", "is_canonical": null}, {"name": "Lenga wom", "bcp_47_code": "pms", "locale_id": "lang:003480", "is_canonical": true}, {"name": "język wom", "bcp_47_code": "pl", "locale_id": "lang:001433", "is_canonical": true}, {"name": "Kiwom", "bcp_47_code": "sw", "locale_id": "lang:001597", "is_canonical": true}, {"name": "Wom", "bcp_47_code": "ilo", "locale_id": "lang:007408", "is_canonical": true}, {"name": "wom", "bcp_47_code": "fr", "locale_id": "lang:002512", "is_canonical": true}, {"name": "vomi keel", "bcp_47_code": "et", "locale_id": "lang:007279", "is_canonical": true}, {"name": "Wom (Papua New Guinea)", "bcp_47_code": "en", "locale_id": "lang:004172", "is_canonical": true}]