[{"name": "Bebil", "bcp_47_code": "en", "locale_id": "lang:004172", "is_canonical": true}, {"name": "Kibebil", "bcp_47_code": "sw", "locale_id": "lang:001597", "is_canonical": true}, {"name": "Lenga Bebil", "bcp_47_code": "pms", "locale_id": "lang:003480", "is_canonical": true}, {"name": "Bebil", "bcp_47_code": "de", "locale_id": "lang:006636", "is_canonical": true}, {"name": "bebil jezik", "bcp_47_code": "hr", "locale_id": "lang:001280", "is_canonical": true}, {"name": "bebil", "bcp_47_code": "ca", "locale_id": "lang:000334", "is_canonical": true}, {"name": "bebil", "bcp_47_code": "oc", "locale_id": "lang:003832", "is_canonical": true}, {"name": "bebil", "bcp_47_code": "fr", "locale_id": "lang:002512", "is_canonical": true}, {"name": "Wikang Bebil", "bcp_47_code": "tl", "locale_id": "lang:002540", "is_canonical": true}, {"name": "Bebil", "bcp_47_code": "ig", "locale_id": "lang:002832", "is_canonical": true}, {"name": "Gbïgbïl", "bcp_47_code": "en", "locale_id": "lang:004172", "is_canonical": null}]