[{"name": "Nyenkha", "bcp_47_code": "en", "locale_id": "lang:004172", "is_canonical": true}, {"name": "Upper Mangdep", "bcp_47_code": "en", "locale_id": "lang:004172", "is_canonical": true}, {"name": "Lenga Nyenkha", "bcp_47_code": "pms", "locale_id": "lang:003480", "is_canonical": true}, {"name": "nyenkeg", "bcp_47_code": "br", "locale_id": "lang:003643", "is_canonical": true}, {"name": "Nyen", "bcp_47_code": "en", "locale_id": "lang:004172", "is_canonical": null}, {"name": "نائنکھا بولی", "bcp_47_code": "pnb", "locale_id": "lang:003334", "is_canonical": true}, {"name": "ニェン語", "bcp_47_code": "ja", "locale_id": "lang:005185", "is_canonical": true}, {"name": "Nyenkha", "bcp_47_code": "de", "locale_id": "lang:006636", "is_canonical": true}, {"name": "nyenkha", "bcp_47_code": "fr", "locale_id": "lang:002512", "is_canonical": true}, {"name": "Wikang Nyen", "bcp_47_code": "tl", "locale_id": "lang:002540", "is_canonical": true}, {"name": "ньен-кха", "bcp_47_code": "ru", "locale_id": "lang:006745", "is_canonical": true}]