[{"name": "Erre", "bcp_47_code": "en", "locale_id": "lang:004172", "is_canonical": true}, {"name": "erre", "bcp_47_code": "sv", "locale_id": "lang:004782", "is_canonical": true}, {"name": "Lenga erre", "bcp_47_code": "pms", "locale_id": "lang:003480", "is_canonical": true}, {"name": "erre jezik", "bcp_47_code": "hr", "locale_id": "lang:001280", "is_canonical": true}, {"name": "erre", "bcp_47_code": "fr", "locale_id": "lang:002512", "is_canonical": true}, {"name": "Kierre", "bcp_47_code": "sw", "locale_id": "lang:001597", "is_canonical": true}]