[{"name": "Kumzari", "bcp_47_code": "en", "locale_id": "lang:004172", "is_canonical": true}, {"name": "Lenga Kumzari", "bcp_47_code": "pms", "locale_id": "lang:003480", "is_canonical": true}, {"name": "Kûmzarî", "bcp_47_code": "ku", "locale_id": "lang:003565", "is_canonical": true}, {"name": "Luenga kumzari", "bcp_47_code": "ext", "locale_id": "lang:004333", "is_canonical": true}, {"name": "кумзари", "bcp_47_code": "ru", "locale_id": "lang:006745", "is_canonical": true}, {"name": "kumzari", "bcp_47_code": "fr", "locale_id": "lang:002512", "is_canonical": true}, {"name": "كمزارى", "bcp_47_code": "arz", "locale_id": "lang:004060", "is_canonical": true}, {"name": "idioma kumzari", "bcp_47_code": "es", "locale_id": "lang:005944", "is_canonical": true}, {"name": "ภาษากุมซารี", "bcp_47_code": "th", "locale_id": "lang:000248", "is_canonical": true}, {"name": "kumzari", "bcp_47_code": "fi", "locale_id": "lang:005250", "is_canonical": true}, {"name": "Kumzari", "bcp_47_code": "de", "locale_id": "lang:006636", "is_canonical": true}, {"name": "koumzareg", "bcp_47_code": "br", "locale_id": "lang:003643", "is_canonical": true}, {"name": "کمزاری", "bcp_47_code": "fa", "locale_id": "lang:005211", "is_canonical": true}, {"name": "kumzari jezik", "bcp_47_code": "hr", "locale_id": "lang:001280", "is_canonical": true}, {"name": "kumzarų kalba", "bcp_47_code": "lt", "locale_id": "lang:000996", "is_canonical": true}, {"name": "الكمزارية", "bcp_47_code": "ar", "locale_id": "lang:000884", "is_canonical": true}, {"name": "kumzari dijalekt", "bcp_47_code": "sh", "locale_id": "lang:003245", "is_canonical": true}, {"name": "кумзарі", "bcp_47_code": "uk", "locale_id": "lang:001994", "is_canonical": true}, {"name": "クムザール語", "bcp_47_code": "ja", "locale_id": "lang:005185", "is_canonical": true}, {"name": "Kumzarki", "bcp_47_code": "diq", "locale_id": "lang:003839", "is_canonical": true}, {"name": "Wikang Kumzari", "bcp_47_code": "tl", "locale_id": "lang:002540", "is_canonical": true}, {"name": "کمزاری دیالکتی", "bcp_47_code": "azb", "locale_id": "lang:003109", "is_canonical": true}, {"name": "idioma kumzari", "bcp_47_code": "ast", "locale_id": "lang:006965", "is_canonical": true}, {"name": "língua kumzari", "bcp_47_code": "pt", "locale_id": "lang:001977", "is_canonical": true}, {"name": "bahasa Kumzar", "bcp_47_code": "id", "locale_id": "lang:005344", "is_canonical": true}, {"name": "kumzaria lingvo", "bcp_47_code": "eo", "locale_id": "lang:001065", "is_canonical": true}, {"name": "کومزاری", "bcp_47_code": "fa", "locale_id": "lang:005211", "is_canonical": null}, {"name": "زبان کمزاری", "bcp_47_code": "fa", "locale_id": "lang:005211", "is_canonical": null}, {"name": "کمزاری‎‎", "bcp_47_code": "fa", "locale_id": "lang:005211", "is_canonical": null}, {"name": "كمزاري", "bcp_47_code": "ar", "locale_id": "lang:000884", "is_canonical": null}, {"name": "كمزارية", "bcp_47_code": "ar", "locale_id": "lang:000884", "is_canonical": null}, {"name": "Kumzari Dialect", "bcp_47_code": "en", "locale_id": "lang:004172", "is_canonical": null}]