[{"name": "Caddo", "bcp_47_code": "en", "locale_id": "lang:004172", "is_canonical": true}, {"name": "ካዶ", "bcp_47_code": "am", "locale_id": "lang:000379", "is_canonical": true}, {"name": "الكادو", "bcp_47_code": "ar", "locale_id": "lang:000884", "is_canonical": true}, {"name": "caddo", "bcp_47_code": "ast", "locale_id": "lang:006965", "is_canonical": true}, {"name": "keddo", "bcp_47_code": "az", "locale_id": "lang:000492", "is_canonical": true}, {"name": "каддо", "bcp_47_code": "bg", "locale_id": "lang:003294", "is_canonical": true}, {"name": "ক্যাডো", "bcp_47_code": "bn", "locale_id": "lang:000178", "is_canonical": true}, {"name": "caddo", "bcp_47_code": "br", "locale_id": "lang:003643", "is_canonical": true}, {"name": "काद्दौ", "bcp_47_code": "brx", "locale_id": "lang:003716", "is_canonical": true}, {"name": "kado", "bcp_47_code": "bs", "locale_id": "lang:005177", "is_canonical": true}, {"name": "caddo", "bcp_47_code": "ca", "locale_id": "lang:000334", "is_canonical": true}, {"name": "Caddo", "bcp_47_code": "cad", "locale_id": "lang:000362", "is_canonical": true}, {"name": "𑄇𑄳𑄠𑄓𑄮", "bcp_47_code": "ccp", "locale_id": "lang:004815", "is_canonical": true}, {"name": "caddo", "bcp_47_code": "cs", "locale_id": "lang:007371", "is_canonical": true}, {"name": "Cado", "bcp_47_code": "cy", "locale_id": "lang:005257", "is_canonical": true}, {"name": "caddo", "bcp_47_code": "da", "locale_id": "lang:006478", "is_canonical": true}, {"name": "Caddo", "bcp_47_code": "de", "locale_id": "lang:006636", "is_canonical": true}, {"name": "Κάντο", "bcp_47_code": "el", "locale_id": "lang:002331", "is_canonical": true}, {"name": "caddo", "bcp_47_code": "es", "locale_id": "lang:005944", "is_canonical": true}, {"name": "kado", "bcp_47_code": "et", "locale_id": "lang:007279", "is_canonical": true}, {"name": "کادویی", "bcp_47_code": "fa", "locale_id": "lang:005211", "is_canonical": true}, {"name": "caddo", "bcp_47_code": "fi", "locale_id": "lang:005250", "is_canonical": true}, {"name": "caddo", "bcp_47_code": "fr", "locale_id": "lang:002512", "is_canonical": true}, {"name": "Kaddo", "bcp_47_code": "fy", "locale_id": "lang:000608", "is_canonical": true}, {"name": "Caddo", "bcp_47_code": "gd", "locale_id": "lang:005113", "is_canonical": true}, {"name": "Caddo", "bcp_47_code": "gsw", "locale_id": "lang:006414", "is_canonical": true}, {"name": "કડ્ડો", "bcp_47_code": "gu", "locale_id": "lang:006797", "is_canonical": true}, {"name": "קאדו", "bcp_47_code": "he", "locale_id": "lang:000780", "is_canonical": true}, {"name": "कैड्डो", "bcp_47_code": "hi", "locale_id": "lang:005010", "is_canonical": true}, {"name": "caddo", "bcp_47_code": "hr", "locale_id": "lang:001280", "is_canonical": true}, {"name": "caddo", "bcp_47_code": "hu", "locale_id": "lang:004445", "is_canonical": true}, {"name": "Kado", "bcp_47_code": "id", "locale_id": "lang:005344", "is_canonical": true}, {"name": "kaddó", "bcp_47_code": "is", "locale_id": "lang:006417", "is_canonical": true}, {"name": "caddo", "bcp_47_code": "it", "locale_id": "lang:005147", "is_canonical": true}, {"name": "カドー語", "bcp_47_code": "ja", "locale_id": "lang:005185", "is_canonical": true}, {"name": "kano", "bcp_47_code": "kgp", "locale_id": "lang:005254", "is_canonical": true}, {"name": "ಕ್ಯಾಡ್ಡೋ", "bcp_47_code": "kn", "locale_id": "lang:006289", "is_canonical": true}, {"name": "카도어", "bcp_47_code": "ko", "locale_id": "lang:000685", "is_canonical": true}, {"name": "کاڈو", "bcp_47_code": "ks", "locale_id": "lang:004361", "is_canonical": true}, {"name": "Caddo", "bcp_47_code": "lb", "locale_id": "lang:003324", "is_canonical": true}, {"name": "ແຄດໂດ", "bcp_47_code": "lo", "locale_id": "lang:002848", "is_canonical": true}, {"name": "kado", "bcp_47_code": "lt", "locale_id": "lang:000996", "is_canonical": true}, {"name": "kadu", "bcp_47_code": "lv", "locale_id": "lang:006606", "is_canonical": true}, {"name": "кадо", "bcp_47_code": "mk", "locale_id": "lang:001683", "is_canonical": true}, {"name": "കാഡോ", "bcp_47_code": "ml", "locale_id": "lang:001880", "is_canonical": true}, {"name": "कॅड्डो", "bcp_47_code": "mr", "locale_id": "lang:003376", "is_canonical": true}, {"name": "Kaddo", "bcp_47_code": "mt", "locale_id": "lang:004371", "is_canonical": true}, {"name": "Caddo", "bcp_47_code": "nds", "locale_id": "lang:001710", "is_canonical": true}, {"name": "काड्डो", "bcp_47_code": "ne", "locale_id": "lang:004630", "is_canonical": true}, {"name": "Caddo", "bcp_47_code": "nl", "locale_id": "lang:006448", "is_canonical": true}, {"name": "caddo", "bcp_47_code": "no", "locale_id": "lang:002536", "is_canonical": true}, {"name": "କାଡୋ", "bcp_47_code": "or", "locale_id": "lang:001930", "is_canonical": true}, {"name": "kaddo", "bcp_47_code": "pl", "locale_id": "lang:001433", "is_canonical": true}, {"name": "caddo", "bcp_47_code": "pt", "locale_id": "lang:001977", "is_canonical": true}, {"name": "caddo", "bcp_47_code": "rm", "locale_id": "lang:004318", "is_canonical": true}, {"name": "caddo", "bcp_47_code": "ro", "locale_id": "lang:006592", "is_canonical": true}, {"name": "каддо", "bcp_47_code": "ru", "locale_id": "lang:006745", "is_canonical": true}, {"name": "kaddo", "bcp_47_code": "sk", "locale_id": "lang:005464", "is_canonical": true}, {"name": "kadoščina", "bcp_47_code": "sl", "locale_id": "lang:004352", "is_canonical": true}, {"name": "кадо", "bcp_47_code": "sr", "locale_id": "lang:002701", "is_canonical": true}, {"name": "caddo", "bcp_47_code": "sv", "locale_id": "lang:004782", "is_canonical": true}, {"name": "கேடோ", "bcp_47_code": "ta", "locale_id": "lang:002996", "is_canonical": true}, {"name": "కేడ్డో", "bcp_47_code": "te", "locale_id": "lang:000508", "is_canonical": true}, {"name": "คัดโด", "bcp_47_code": "th", "locale_id": "lang:000248", "is_canonical": true}, {"name": "lea fakakato", "bcp_47_code": "to", "locale_id": "lang:006037", "is_canonical": true}, {"name": "Kado dili", "bcp_47_code": "tr", "locale_id": "lang:000917", "is_canonical": true}, {"name": "كاددوچە", "bcp_47_code": "ug", "locale_id": "lang:003330", "is_canonical": true}, {"name": "каддо", "bcp_47_code": "uk", "locale_id": "lang:001994", "is_canonical": true}, {"name": "tiếng Caddo", "bcp_47_code": "vi", "locale_id": "lang:004523", "is_canonical": true}, {"name": "cadu", "bcp_47_code": "yrl", "locale_id": "lang:006863", "is_canonical": true}, {"name": "卡多文", "bcp_47_code": "yue", "locale_id": "lang:005108", "is_canonical": true}, {"name": "卡多语", "bcp_47_code": "cmn", "locale_id": "lang:004378", "is_canonical": true}, {"name": "Lenga caddo", "bcp_47_code": "pms", "locale_id": "lang:003480", "is_canonical": true}, {"name": "kadoeg", "bcp_47_code": "br", "locale_id": "lang:003643", "is_canonical": null}, {"name": "caddo jezik", "bcp_47_code": "hr", "locale_id": "lang:001280", "is_canonical": null}, {"name": "Kadoca", "bcp_47_code": "tr", "locale_id": "lang:000917", "is_canonical": null}, {"name": "caddo", "bcp_47_code": "oc", "locale_id": "lang:003832", "is_canonical": true}, {"name": "lingua caddo", "bcp_47_code": "it", "locale_id": "lang:005147", "is_canonical": null}, {"name": "iaith Caddo", "bcp_47_code": "cy", "locale_id": "lang:005257", "is_canonical": null}, {"name": "língua caddo", "bcp_47_code": "pt", "locale_id": "lang:001977", "is_canonical": null}, {"name": "卡度語", "bcp_47_code": "cmn", "locale_id": "lang:004378", "is_canonical": null}, {"name": "кадовски јазик", "bcp_47_code": "mk", "locale_id": "lang:001683", "is_canonical": null}, {"name": "kado keel", "bcp_47_code": "et", "locale_id": "lang:007279", "is_canonical": null}, {"name": "bahasa Caddo", "bcp_47_code": "id", "locale_id": "lang:005344", "is_canonical": null}, {"name": "када", "bcp_47_code": "be", "locale_id": "lang:004942", "is_canonical": true}, {"name": "caddo", "bcp_47_code": "vec", "locale_id": "lang:004329", "is_canonical": true}, {"name": "Lingua caddo", "bcp_47_code": "gl", "locale_id": "lang:006921", "is_canonical": true}, {"name": "кэддо", "bcp_47_code": "ru", "locale_id": "lang:006745", "is_canonical": null}, {"name": "卡多語", "bcp_47_code": "cmn", "locale_id": "lang:004378", "is_canonical": null}, {"name": "caddoe", "bcp_47_code": "ca", "locale_id": "lang:000334", "is_canonical": null}, {"name": "kado", "bcp_47_code": "ca", "locale_id": "lang:000334", "is_canonical": null}, {"name": "kadohadacho", "bcp_47_code": "ca", "locale_id": "lang:000334", "is_canonical": null}]