[{"name": "Ngulu", "bcp_47_code": "en", "locale_id": "lang:004172", "is_canonical": true}, {"name": "Kingulu", "bcp_47_code": "sw", "locale_id": "lang:001597", "is_canonical": true}, {"name": "język ngulu", "bcp_47_code": "pl", "locale_id": "lang:001433", "is_canonical": true}, {"name": "Lenga Ngulu", "bcp_47_code": "pms", "locale_id": "lang:003480", "is_canonical": true}, {"name": "ngulu", "bcp_47_code": "fr", "locale_id": "lang:002512", "is_canonical": true}, {"name": "Wikang Ngulu", "bcp_47_code": "tl", "locale_id": "lang:002540", "is_canonical": true}, {"name": "ングル語", "bcp_47_code": "ja", "locale_id": "lang:005185", "is_canonical": true}, {"name": "ngulu", "bcp_47_code": "it", "locale_id": "lang:005147", "is_canonical": true}, {"name": "ngulu", "bcp_47_code": "vec", "locale_id": "lang:004329", "is_canonical": true}, {"name": "Ngulu", "bcp_47_code": "ig", "locale_id": "lang:002832", "is_canonical": true}, {"name": "Kinguru", "bcp_47_code": "sw", "locale_id": "lang:001597", "is_canonical": null}, {"name": "Kinguu", "bcp_47_code": "sw", "locale_id": "lang:001597", "is_canonical": null}, {"name": "lingua ngulu", "bcp_47_code": "it", "locale_id": "lang:005147", "is_canonical": null}, {"name": "asụsụ Ngulu", "bcp_47_code": "ig", "locale_id": "lang:002832", "is_canonical": null}]