[{"name": "Ayoreo", "bcp_47_code": "en", "locale_id": "lang:004172", "is_canonical": true}, {"name": "Lenga ayoreo", "bcp_47_code": "pms", "locale_id": "lang:003480", "is_canonical": true}, {"name": "ayoreoeg", "bcp_47_code": "br", "locale_id": "lang:003643", "is_canonical": true}, {"name": "ayoreo", "bcp_47_code": "fr", "locale_id": "lang:002512", "is_canonical": true}, {"name": "idioma ayoreo", "bcp_47_code": "es", "locale_id": "lang:005944", "is_canonical": true}, {"name": "ayoreo jezik", "bcp_47_code": "hr", "locale_id": "lang:001280", "is_canonical": true}, {"name": "ajorėjų kalba", "bcp_47_code": "lt", "locale_id": "lang:000996", "is_canonical": true}, {"name": "ајореоански јазик", "bcp_47_code": "mk", "locale_id": "lang:001683", "is_canonical": true}, {"name": "lingua ayoreo", "bcp_47_code": "it", "locale_id": "lang:005147", "is_canonical": true}, {"name": "ayoreo", "bcp_47_code": "nb", "locale_id": "lang:000958", "is_canonical": true}, {"name": "айорео", "bcp_47_code": "ru", "locale_id": "lang:006745", "is_canonical": true}, {"name": "айорео", "bcp_47_code": "uk", "locale_id": "lang:001994", "is_canonical": true}, {"name": "ajoreo keel", "bcp_47_code": "et", "locale_id": "lang:007279", "is_canonical": true}, {"name": "idioma ayoreo", "bcp_47_code": "ast", "locale_id": "lang:006965", "is_canonical": true}, {"name": "Wikang Ayoreo", "bcp_47_code": "tl", "locale_id": "lang:002540", "is_canonical": true}, {"name": "ayoreo", "bcp_47_code": "ca", "locale_id": "lang:000334", "is_canonical": true}, {"name": "扎穆科语", "bcp_47_code": "cmn", "locale_id": "lang:004378", "is_canonical": true}, {"name": "ayoreo", "bcp_47_code": "vec", "locale_id": "lang:004329", "is_canonical": true}, {"name": "Lingua ayoreo", "bcp_47_code": "gl", "locale_id": "lang:006921", "is_canonical": true}, {"name": "アヨレオ語", "bcp_47_code": "ja", "locale_id": "lang:005185", "is_canonical": true}, {"name": "zamuco", "bcp_47_code": "fr", "locale_id": "lang:002512", "is_canonical": null}, {"name": "idioma morotoco", "bcp_47_code": "es", "locale_id": "lang:005944", "is_canonical": null}, {"name": "ajoreo kalba", "bcp_47_code": "lt", "locale_id": "lang:000996", "is_canonical": null}, {"name": "ayoréode", "bcp_47_code": "ca", "locale_id": "lang:000334", "is_canonical": null}, {"name": "moro", "bcp_47_code": "ca", "locale_id": "lang:000334", "is_canonical": null}, {"name": "morotoco", "bcp_47_code": "ca", "locale_id": "lang:000334", "is_canonical": null}, {"name": "pyta jovai", "bcp_47_code": "ca", "locale_id": "lang:000334", "is_canonical": null}, {"name": "zamuco", "bcp_47_code": "ca", "locale_id": "lang:000334", "is_canonical": null}]