[{"name": "Punan Aput", "bcp_47_code": "en", "locale_id": "lang:004172", "is_canonical": true}, {"name": "Aput", "bcp_47_code": "en", "locale_id": "lang:004172", "is_canonical": null}, {"name": "Lenga Punan Aput", "bcp_47_code": "pms", "locale_id": "lang:003480", "is_canonical": true}, {"name": "Kipunan-Aput", "bcp_47_code": "sw", "locale_id": "lang:001597", "is_canonical": true}, {"name": "bahasa Punan Aput", "bcp_47_code": "id", "locale_id": "lang:005344", "is_canonical": true}, {"name": "Aput", "bcp_47_code": "ilo", "locale_id": "lang:007408", "is_canonical": true}, {"name": "Wikang Aput", "bcp_47_code": "tl", "locale_id": "lang:002540", "is_canonical": true}, {"name": "lingua aput", "bcp_47_code": "it", "locale_id": "lang:005147", "is_canonical": true}, {"name": "Tataramon na Aput", "bcp_47_code": "bcl", "locale_id": "lang:005135", "is_canonical": true}, {"name": "aput", "bcp_47_code": "vec", "locale_id": "lang:004329", "is_canonical": true}, {"name": "Bahasa Aput", "bcp_47_code": "ms", "locale_id": "lang:001263", "is_canonical": true}]