[{"name": "Ngumbi", "bcp_47_code": "en", "locale_id": "lang:004172", "is_canonical": true}, {"name": "Ngumbi", "bcp_47_code": "de", "locale_id": "lang:006636", "is_canonical": true}, {"name": "Lenga Ngumbi", "bcp_47_code": "pms", "locale_id": "lang:003480", "is_canonical": true}, {"name": "Ndowum", "bcp_47_code": "nov", "locale_id": null, "is_canonical": true}, {"name": "llengua combe", "bcp_47_code": "ca", "locale_id": "lang:000334", "is_canonical": true}, {"name": "コンベ語", "bcp_47_code": "ja", "locale_id": "lang:005185", "is_canonical": true}, {"name": "kombe", "bcp_47_code": "es", "locale_id": "lang:005944", "is_canonical": true}, {"name": "idioma kombe", "bcp_47_code": "ast", "locale_id": "lang:006965", "is_canonical": true}, {"name": "Lingua kombe", "bcp_47_code": "gl", "locale_id": "lang:006921", "is_canonical": true}, {"name": "langue kombe", "bcp_47_code": "fr", "locale_id": "lang:002512", "is_canonical": true}, {"name": "kombe", "bcp_47_code": "sv", "locale_id": "lang:004782", "is_canonical": true}, {"name": "Ndow", "bcp_47_code": "nov", "locale_id": null, "is_canonical": null}, {"name": "kombe", "bcp_47_code": "ca", "locale_id": "lang:000334", "is_canonical": null}, {"name": "llengua kombe", "bcp_47_code": "ca", "locale_id": "lang:000334", "is_canonical": null}, {"name": "ndowe", "bcp_47_code": "ca", "locale_id": "lang:000334", "is_canonical": null}, {"name": "idioma combe", "bcp_47_code": "ca", "locale_id": "lang:000334", "is_canonical": null}, {"name": "ndowé", "bcp_47_code": "ca", "locale_id": "lang:000334", "is_canonical": null}, {"name": "llengua ndowe", "bcp_47_code": "ca", "locale_id": "lang:000334", "is_canonical": null}, {"name": "combe", "bcp_47_code": "ca", "locale_id": "lang:000334", "is_canonical": null}, {"name": "llengua ndowé", "bcp_47_code": "ca", "locale_id": "lang:000334", "is_canonical": null}, {"name": "ngumbi", "bcp_47_code": "ca", "locale_id": "lang:000334", "is_canonical": null}, {"name": "Lingua ngumbi", "bcp_47_code": "gl", "locale_id": "lang:006921", "is_canonical": null}, {"name": "idioma kombe", "bcp_47_code": "es", "locale_id": "lang:005944", "is_canonical": null}]