[{"name": "Eton", "bcp_47_code": "en", "locale_id": "lang:004172", "is_canonical": true}, {"name": "Eton-Mengisa", "bcp_47_code": "en", "locale_id": "lang:004172", "is_canonical": true}, {"name": "Kieton", "bcp_47_code": "sw", "locale_id": "lang:001597", "is_canonical": true}, {"name": "Lenga Eton", "bcp_47_code": "pms", "locale_id": "lang:003480", "is_canonical": true}, {"name": "Eton", "bcp_47_code": "de", "locale_id": "lang:006636", "is_canonical": true}, {"name": "język eton", "bcp_47_code": "pl", "locale_id": "lang:001433", "is_canonical": true}, {"name": "eton", "bcp_47_code": "fr", "locale_id": "lang:002512", "is_canonical": true}, {"name": "エトン語", "bcp_47_code": "ja", "locale_id": "lang:005185", "is_canonical": true}, {"name": "Wikang Eton", "bcp_47_code": "tl", "locale_id": "lang:002540", "is_canonical": true}, {"name": "eton", "bcp_47_code": "oc", "locale_id": "lang:003832", "is_canonical": true}, {"name": "língua eton", "bcp_47_code": "pt", "locale_id": "lang:001977", "is_canonical": true}, {"name": "Eton", "bcp_47_code": "nl", "locale_id": "lang:006448", "is_canonical": true}, {"name": "éton", "bcp_47_code": "fr", "locale_id": "lang:002512", "is_canonical": null}, {"name": "Ìtón", "bcp_47_code": "en", "locale_id": "lang:004172", "is_canonical": null}, {"name": "Ìtón", "bcp_47_code": "eto", "locale_id": "lang:000169", "is_canonical": true}, {"name": "Eton (Cameroon)", "bcp_47_code": "en", "locale_id": "lang:004172", "is_canonical": true}]