[{"name": "Mandingo", "bcp_47_code": "en", "locale_id": "lang:004172", "is_canonical": true}, {"name": "Manding", "bcp_47_code": "en", "locale_id": "lang:004172", "is_canonical": true}, {"name": "الماندينغ", "bcp_47_code": "ar", "locale_id": "lang:000884", "is_canonical": true}, {"name": "mandingo", "bcp_47_code": "ast", "locale_id": "lang:006965", "is_canonical": true}, {"name": "məndinqo", "bcp_47_code": "az", "locale_id": "lang:000492", "is_canonical": true}, {"name": "мандынг", "bcp_47_code": "be", "locale_id": "lang:004942", "is_canonical": true}, {"name": "мандинго", "bcp_47_code": "bg", "locale_id": "lang:003294", "is_canonical": true}, {"name": "ম্যান্ডিঙ্গো", "bcp_47_code": "bn", "locale_id": "lang:000178", "is_canonical": true}, {"name": "मांडींगो", "bcp_47_code": "brx", "locale_id": "lang:003716", "is_canonical": true}, {"name": "mandingo", "bcp_47_code": "bs", "locale_id": "lang:005177", "is_canonical": true}, {"name": "mandinga", "bcp_47_code": "ca", "locale_id": "lang:000334", "is_canonical": true}, {"name": "𑄟𑄳𑄠𑄚𑄴𑄓𑄨𑄁𑄉𑄮", "bcp_47_code": "ccp", "locale_id": "lang:004815", "is_canonical": true}, {"name": "mandingština", "bcp_47_code": "cs", "locale_id": "lang:007371", "is_canonical": true}, {"name": "Mandingo", "bcp_47_code": "cy", "locale_id": "lang:005257", "is_canonical": true}, {"name": "mandingo", "bcp_47_code": "da", "locale_id": "lang:006478", "is_canonical": true}, {"name": "Malinke", "bcp_47_code": "de", "locale_id": "lang:006636", "is_canonical": true}, {"name": "Μαντίνγκο", "bcp_47_code": "el", "locale_id": "lang:002331", "is_canonical": true}, {"name": "mandingo", "bcp_47_code": "es", "locale_id": "lang:005944", "is_canonical": true}, {"name": "malinke", "bcp_47_code": "et", "locale_id": "lang:007279", "is_canonical": true}, {"name": "ماندینگویی", "bcp_47_code": "fa", "locale_id": "lang:005211", "is_canonical": true}, {"name": "mandingo", "bcp_47_code": "fi", "locale_id": "lang:005250", "is_canonical": true}, {"name": "mandingue", "bcp_47_code": "fr", "locale_id": "lang:002512", "is_canonical": true}, {"name": "Mandingo", "bcp_47_code": "fy", "locale_id": "lang:000608", "is_canonical": true}, {"name": "Mandingo", "bcp_47_code": "gd", "locale_id": "lang:005113", "is_canonical": true}, {"name": "Manding-Schpraach", "bcp_47_code": "gsw", "locale_id": "lang:006414", "is_canonical": true}, {"name": "મન્ડિન્ગો", "bcp_47_code": "gu", "locale_id": "lang:006797", "is_canonical": true}, {"name": "מנדינגו", "bcp_47_code": "he", "locale_id": "lang:000780", "is_canonical": true}, {"name": "मन्डिन्गो", "bcp_47_code": "hi", "locale_id": "lang:005010", "is_canonical": true}, {"name": "mandingo", "bcp_47_code": "hr", "locale_id": "lang:001280", "is_canonical": true}, {"name": "mandingó", "bcp_47_code": "hu", "locale_id": "lang:004445", "is_canonical": true}, {"name": "Mandingo", "bcp_47_code": "id", "locale_id": "lang:005344", "is_canonical": true}, {"name": "mandingó", "bcp_47_code": "is", "locale_id": "lang:006417", "is_canonical": true}, {"name": "mandingo", "bcp_47_code": "it", "locale_id": "lang:005147", "is_canonical": true}, {"name": "マンディンゴ語", "bcp_47_code": "ja", "locale_id": "lang:005185", "is_canonical": true}, {"name": "mỹnhĩga", "bcp_47_code": "kgp", "locale_id": "lang:005254", "is_canonical": true}, {"name": "ಮಂಡಿಂಗೊ", "bcp_47_code": "kn", "locale_id": "lang:006289", "is_canonical": true}, {"name": "만딩고어", "bcp_47_code": "ko", "locale_id": "lang:000685", "is_canonical": true}, {"name": "مَندِنگو", "bcp_47_code": "ks", "locale_id": "lang:004361", "is_canonical": true}, {"name": "manding-Sprooch", "bcp_47_code": "lb", "locale_id": "lang:003324", "is_canonical": true}, {"name": "ມັນດິງກາ", "bcp_47_code": "lo", "locale_id": "lang:002848", "is_canonical": true}, {"name": "mandingų", "bcp_47_code": "lt", "locale_id": "lang:000996", "is_canonical": true}, {"name": "mandingu", "bcp_47_code": "lv", "locale_id": "lang:006606", "is_canonical": true}, {"name": "мандинго", "bcp_47_code": "mk", "locale_id": "lang:001683", "is_canonical": true}, {"name": "മണ്ഡിൻഗോ", "bcp_47_code": "ml", "locale_id": "lang:001880", "is_canonical": true}, {"name": "मन्डिन्गो", "bcp_47_code": "mr", "locale_id": "lang:003376", "is_canonical": true}, {"name": "Mandingo", "bcp_47_code": "mt", "locale_id": "lang:004371", "is_canonical": true}, {"name": "Manding", "bcp_47_code": "nds", "locale_id": "lang:001710", "is_canonical": true}, {"name": "मान्दिङो", "bcp_47_code": "ne", "locale_id": "lang:004630", "is_canonical": true}, {"name": "Mandingo", "bcp_47_code": "nl", "locale_id": "lang:006448", "is_canonical": true}, {"name": "mandingo", "bcp_47_code": "no", "locale_id": "lang:002536", "is_canonical": true}, {"name": "ମାଣ୍ଡିଙ୍ଗୋ", "bcp_47_code": "or", "locale_id": "lang:001930", "is_canonical": true}, {"name": "mandingo", "bcp_47_code": "pl", "locale_id": "lang:001433", "is_canonical": true}, {"name": "mandinga", "bcp_47_code": "pt", "locale_id": "lang:001977", "is_canonical": true}, {"name": "mandingo", "bcp_47_code": "rm", "locale_id": "lang:004318", "is_canonical": true}, {"name": "mandingo", "bcp_47_code": "ro", "locale_id": "lang:006592", "is_canonical": true}, {"name": "мандинго", "bcp_47_code": "ru", "locale_id": "lang:006745", "is_canonical": true}, {"name": "mandingo", "bcp_47_code": "sk", "locale_id": "lang:005464", "is_canonical": true}, {"name": "mandingo", "bcp_47_code": "sl", "locale_id": "lang:004352", "is_canonical": true}, {"name": "мандинго", "bcp_47_code": "sr", "locale_id": "lang:002701", "is_canonical": true}, {"name": "mande", "bcp_47_code": "sv", "locale_id": "lang:004782", "is_canonical": true}, {"name": "மான்டிங்கோ", "bcp_47_code": "ta", "locale_id": "lang:002996", "is_canonical": true}, {"name": "మండింగో", "bcp_47_code": "te", "locale_id": "lang:000508", "is_canonical": true}, {"name": "มันดิงกา", "bcp_47_code": "th", "locale_id": "lang:000248", "is_canonical": true}, {"name": "lea fakamanitīngiko", "bcp_47_code": "to", "locale_id": "lang:006037", "is_canonical": true}, {"name": "Mandingo", "bcp_47_code": "tr", "locale_id": "lang:000917", "is_canonical": true}, {"name": "ماندىنگوچە", "bcp_47_code": "ug", "locale_id": "lang:003330", "is_canonical": true}, {"name": "мандінго", "bcp_47_code": "uk", "locale_id": "lang:001994", "is_canonical": true}, {"name": "tiếng Mandingo", "bcp_47_code": "vi", "locale_id": "lang:004523", "is_canonical": true}, {"name": "mãdĩga", "bcp_47_code": "yrl", "locale_id": "lang:006863", "is_canonical": true}, {"name": "曼丁哥文", "bcp_47_code": "yue", "locale_id": "lang:005108", "is_canonical": true}, {"name": "曼丁哥语", "bcp_47_code": "cmn", "locale_id": "lang:004378", "is_canonical": true}]