[{"name": "Gikyode", "bcp_47_code": "en", "locale_id": "lang:004172", "is_canonical": true}, {"name": "Kigikyode", "bcp_47_code": "sw", "locale_id": "lang:001597", "is_canonical": true}, {"name": "Lenga Gikyode", "bcp_47_code": "pms", "locale_id": "lang:003480", "is_canonical": true}, {"name": "Gikyode", "bcp_47_code": "de", "locale_id": "lang:006636", "is_canonical": true}, {"name": "gikyode jezik", "bcp_47_code": "hr", "locale_id": "lang:001280", "is_canonical": true}, {"name": "Kyode", "bcp_47_code": "en", "locale_id": "lang:004172", "is_canonical": null}, {"name": "gikyode", "bcp_47_code": "ca", "locale_id": "lang:000334", "is_canonical": true}, {"name": "Gikyode", "bcp_47_code": "li", "locale_id": "lang:000599", "is_canonical": true}, {"name": "ギチョーデ語", "bcp_47_code": "ja", "locale_id": "lang:005185", "is_canonical": true}, {"name": "gikyode", "bcp_47_code": "fr", "locale_id": "lang:002512", "is_canonical": true}, {"name": "Kyode", "bcp_47_code": "ig", "locale_id": "lang:002832", "is_canonical": true}, {"name": "Gichode", "bcp_47_code": "de", "locale_id": "lang:006636", "is_canonical": null}, {"name": "Chode", "bcp_47_code": "de", "locale_id": "lang:006636", "is_canonical": null}, {"name": "Chode", "bcp_47_code": "en", "locale_id": "lang:004172", "is_canonical": null}]