[{"name": "Sawi", "bcp_47_code": "en", "locale_id": "lang:004172", "is_canonical": true}, {"name": "język sawuy", "bcp_47_code": "pl", "locale_id": "lang:001433", "is_canonical": true}, {"name": "Lenga Sawi", "bcp_47_code": "pms", "locale_id": "lang:003480", "is_canonical": true}, {"name": "Kisawi", "bcp_47_code": "sw", "locale_id": "lang:001597", "is_canonical": true}, {"name": "薩維語", "bcp_47_code": "cmn", "locale_id": "lang:004378", "is_canonical": true}, {"name": "萨维语", "bcp_47_code": "cmn", "locale_id": "lang:004378", "is_canonical": null}, {"name": "Sawi", "bcp_47_code": "ilo", "locale_id": "lang:007408", "is_canonical": true}, {"name": "bahasa Sawi", "bcp_47_code": "id", "locale_id": "lang:005344", "is_canonical": true}, {"name": "Sawuy", "bcp_47_code": "id", "locale_id": "lang:005344", "is_canonical": null}, {"name": "bahasa Sawuy", "bcp_47_code": "id", "locale_id": "lang:005344", "is_canonical": null}]