[{"name": "Filomena Mata-Coahuitlán Totonac", "bcp_47_code": "en", "locale_id": "lang:004172", "is_canonical": true}, {"name": "Filomeno Mata Totonac", "bcp_47_code": "en", "locale_id": "lang:004172", "is_canonical": true}, {"name": "filomena mata-coahuitlán Lenga totonac", "bcp_47_code": "pms", "locale_id": "lang:003480", "is_canonical": true}, {"name": "филомена-мата-коауитланский тотонакский язык", "bcp_47_code": "ru", "locale_id": "lang:006745", "is_canonical": true}, {"name": "totonakeg filomeno mata-coahuitlán", "bcp_47_code": "br", "locale_id": "lang:003643", "is_canonical": true}, {"name": "Filomeno Mata Totonac", "bcp_47_code": "sco", "locale_id": "lang:003876", "is_canonical": true}, {"name": "totonaque de filomeno mata", "bcp_47_code": "fr", "locale_id": "lang:002512", "is_canonical": true}, {"name": "Filomena Mata-Coahuitlan Totonac", "bcp_47_code": "en", "locale_id": "lang:004172", "is_canonical": null}]