[{"name": "East Berawan", "bcp_47_code": "en", "locale_id": "lang:004172", "is_canonical": true}, {"name": "long jegan", "bcp_47_code": "fr", "locale_id": "lang:002512", "is_canonical": true}, {"name": "Kiberawan-Mashariki", "bcp_47_code": "sw", "locale_id": "lang:001597", "is_canonical": true}, {"name": "Long Jegan", "bcp_47_code": "en", "locale_id": "lang:004172", "is_canonical": null}, {"name": "berawan long jegan", "bcp_47_code": "fr", "locale_id": "lang:002512", "is_canonical": null}, {"name": "berawan de l'est", "bcp_47_code": "fr", "locale_id": "lang:002512", "is_canonical": null}]