[{"name": "Pom", "bcp_47_code": "en", "locale_id": "lang:004172", "is_canonical": true}, {"name": "Lenga Pom", "bcp_47_code": "pms", "locale_id": "lang:003480", "is_canonical": true}, {"name": "Kipom", "bcp_47_code": "sw", "locale_id": "lang:001597", "is_canonical": true}, {"name": "Pom", "bcp_47_code": "id", "locale_id": "lang:005344", "is_canonical": true}, {"name": "Pom", "bcp_47_code": "ilo", "locale_id": "lang:007408", "is_canonical": true}, {"name": "Wikang Pom", "bcp_47_code": "tl", "locale_id": "lang:002540", "is_canonical": true}, {"name": "ポム語", "bcp_47_code": "ja", "locale_id": "lang:005185", "is_canonical": true}, {"name": "język pom", "bcp_47_code": "pl", "locale_id": "lang:001433", "is_canonical": true}, {"name": "bahasa Pom", "bcp_47_code": "id", "locale_id": "lang:005344", "is_canonical": null}, {"name": "ポム", "bcp_47_code": "ja", "locale_id": "lang:005185", "is_canonical": null}]