[{"name": "Mandara", "bcp_47_code": "en", "locale_id": "lang:004172", "is_canonical": true}, {"name": "mandara", "bcp_47_code": "fr", "locale_id": "lang:002512", "is_canonical": true}, {"name": "Lenga Mandara", "bcp_47_code": "pms", "locale_id": "lang:003480", "is_canonical": true}, {"name": "Kimandara", "bcp_47_code": "sw", "locale_id": "lang:001597", "is_canonical": true}, {"name": "タバル語", "bcp_47_code": "ja", "locale_id": "lang:005185", "is_canonical": true}, {"name": "Mandara", "bcp_47_code": "ilo", "locale_id": "lang:007408", "is_canonical": true}, {"name": "мандарански јазик", "bcp_47_code": "mk", "locale_id": "lang:001683", "is_canonical": true}, {"name": "Γλώσσα Μαντάρα", "bcp_47_code": "el", "locale_id": "lang:002331", "is_canonical": true}, {"name": "塔巴尔语", "bcp_47_code": "cmn", "locale_id": "lang:004378", "is_canonical": true}, {"name": "Tabar", "bcp_47_code": "en", "locale_id": "lang:004172", "is_canonical": null}, {"name": "曼陀羅語", "bcp_47_code": "cmn", "locale_id": "lang:004378", "is_canonical": null}]