[{"name": "Gbaya", "bcp_47_code": "en", "locale_id": "lang:004172", "is_canonical": true}, {"name": "Kresh", "bcp_47_code": "en", "locale_id": "lang:004172", "is_canonical": null}, {"name": "ndogoeg", "bcp_47_code": "br", "locale_id": "lang:003643", "is_canonical": true}, {"name": "креш језик", "bcp_47_code": "sr", "locale_id": "lang:002701", "is_canonical": true}, {"name": "gbaya jezik", "bcp_47_code": "hr", "locale_id": "lang:001280", "is_canonical": true}, {"name": "kresh", "bcp_47_code": "fr", "locale_id": "lang:002512", "is_canonical": true}, {"name": "Gbaya", "bcp_47_code": "hif", "locale_id": "lang:004553", "is_canonical": true}, {"name": "Wikang Kresh", "bcp_47_code": "tl", "locale_id": "lang:002540", "is_canonical": true}, {"name": "كريش", "bcp_47_code": "ar", "locale_id": "lang:000884", "is_canonical": true}, {"name": "gbaja", "bcp_47_code": "cs", "locale_id": "lang:007371", "is_canonical": true}, {"name": "гбаја језик", "bcp_47_code": "sr", "locale_id": "lang:002701", "is_canonical": null}, {"name": "Kresh-Ndogo", "bcp_47_code": "en", "locale_id": "lang:004172", "is_canonical": null}, {"name": "Gbaya-Ndogo", "bcp_47_code": "en", "locale_id": "lang:004172", "is_canonical": null}, {"name": "gbaya", "bcp_47_code": "fr", "locale_id": "lang:002512", "is_canonical": null}, {"name": "jazyk gbaja", "bcp_47_code": "cs", "locale_id": "lang:007371", "is_canonical": null}, {"name": "Kresh-Woro", "bcp_47_code": "en", "locale_id": "lang:004172", "is_canonical": true}, {"name": "Gbaya (Sudan)", "bcp_47_code": "en", "locale_id": "lang:004172", "is_canonical": true}]