[{"name": "Lele", "bcp_47_code": "en", "locale_id": "lang:004172", "is_canonical": true}, {"name": "lele", "bcp_47_code": "fr", "locale_id": "lang:002512", "is_canonical": true}, {"name": "Papua Lenga Lele", "bcp_47_code": "pms", "locale_id": "lang:003480", "is_canonical": true}, {"name": "лелејски јазик", "bcp_47_code": "mk", "locale_id": "lang:001683", "is_canonical": true}, {"name": "леле", "bcp_47_code": "ru", "locale_id": "lang:006745", "is_canonical": true}, {"name": "Kilele", "bcp_47_code": "sw", "locale_id": "lang:001597", "is_canonical": true}, {"name": "Lele", "bcp_47_code": "ilo", "locale_id": "lang:007408", "is_canonical": true}, {"name": "Leleki", "bcp_47_code": "diq", "locale_id": "lang:003839", "is_canonical": true}, {"name": "Lele (Papua New Guinea)", "bcp_47_code": "en", "locale_id": "lang:004172", "is_canonical": true}]