[{"name": "Arvanitika Albanian", "bcp_47_code": "en", "locale_id": "lang:004172", "is_canonical": true}, {"name": "Arvanitic", "bcp_47_code": "en", "locale_id": "lang:004172", "is_canonical": null}, {"name": "arvaniteg", "bcp_47_code": "br", "locale_id": "lang:003643", "is_canonical": true}, {"name": "Αρβανίτικα", "bcp_47_code": "el", "locale_id": "lang:002331", "is_canonical": true}, {"name": "arvanitika", "bcp_47_code": "eu", "locale_id": "lang:004920", "is_canonical": true}, {"name": "arvanitika", "bcp_47_code": "fi", "locale_id": "lang:005250", "is_canonical": true}, {"name": "Arvanitika", "bcp_47_code": "gl", "locale_id": "lang:006921", "is_canonical": true}, {"name": "arvanitski jezik", "bcp_47_code": "hr", "locale_id": "lang:001280", "is_canonical": true}, {"name": "arvaníska", "bcp_47_code": "is", "locale_id": "lang:006417", "is_canonical": true}, {"name": "arvanitico", "bcp_47_code": "it", "locale_id": "lang:005147", "is_canonical": true}, {"name": "lingua Arbanitica", "bcp_47_code": "la", "locale_id": "lang:016110", "is_canonical": true}, {"name": "arvanitico", "bcp_47_code": "pt", "locale_id": "lang:001977", "is_canonical": true}, {"name": "арнаутский диалект", "bcp_47_code": "ru", "locale_id": "lang:006745", "is_canonical": true}, {"name": "arvanitiska", "bcp_47_code": "sv", "locale_id": "lang:004782", "is_canonical": true}, {"name": "Arvanitisch", "bcp_47_code": "li", "locale_id": "lang:000599", "is_canonical": true}, {"name": "Arvanitisch", "bcp_47_code": "de", "locale_id": "lang:006636", "is_canonical": true}, {"name": "арванітська мова", "bcp_47_code": "uk", "locale_id": "lang:001994", "is_canonical": true}, {"name": "アルヴァニティカ方言", "bcp_47_code": "ja", "locale_id": "lang:005185", "is_canonical": true}, {"name": "Lenga arvanitika", "bcp_47_code": "pms", "locale_id": "lang:003480", "is_canonical": true}, {"name": "Nëndialekti Arvanitas", "bcp_47_code": "sq", "locale_id": "lang:006275", "is_canonical": true}, {"name": "albanais arvanite", "bcp_47_code": "fr", "locale_id": "lang:002512", "is_canonical": true}, {"name": "арванитски језик", "bcp_47_code": "sr", "locale_id": "lang:002701", "is_canonical": true}, {"name": "Wikang Arvanitika", "bcp_47_code": "tl", "locale_id": "lang:002540", "is_canonical": true}, {"name": "dialekt arwanicki", "bcp_47_code": "pl", "locale_id": "lang:001433", "is_canonical": true}, {"name": "arvanítico", "bcp_47_code": "es", "locale_id": "lang:005944", "is_canonical": true}, {"name": "阿爾瓦尼蒂卡方言", "bcp_47_code": "cmn", "locale_id": "lang:004378", "is_canonical": true}, {"name": "阿尔瓦尼蒂卡方言", "bcp_47_code": "cmn", "locale_id": "lang:004378", "is_canonical": null}, {"name": "arvanitika murre", "bcp_47_code": "et", "locale_id": "lang:007279", "is_canonical": true}, {"name": "Arvanitçe", "bcp_47_code": "tr", "locale_id": "lang:000917", "is_canonical": true}, {"name": "арванитика", "bcp_47_code": "bg", "locale_id": "lang:003294", "is_canonical": true}, {"name": "Arvanitika", "bcp_47_code": "en", "locale_id": "lang:004172", "is_canonical": null}, {"name": "арнаутська мова", "bcp_47_code": "uk", "locale_id": "lang:001994", "is_canonical": null}, {"name": "арнаутський діалект", "bcp_47_code": "uk", "locale_id": "lang:001994", "is_canonical": null}, {"name": "アルヴァニティカ語", "bcp_47_code": "ja", "locale_id": "lang:005185", "is_canonical": null}, {"name": "Dialekti Arvanitas", "bcp_47_code": "sq", "locale_id": "lang:006275", "is_canonical": null}, {"name": "albanés arvanítico", "bcp_47_code": "es", "locale_id": "lang:005944", "is_canonical": null}, {"name": "arvanitische Sprache", "bcp_47_code": "de", "locale_id": "lang:006636", "is_canonical": null}, {"name": "lingua arvanitica", "bcp_47_code": "it", "locale_id": "lang:005147", "is_canonical": null}, {"name": "língua arvanitica", "bcp_47_code": "pt", "locale_id": "lang:001977", "is_canonical": null}, {"name": "Αρβανίτικη γλώσσα", "bcp_47_code": "el", "locale_id": "lang:002331", "is_canonical": null}]