[{"name": "Valpei", "bcp_47_code": "en", "locale_id": "lang:004172", "is_canonical": true}, {"name": "валпей", "bcp_47_code": "ru", "locale_id": "lang:006745", "is_canonical": true}, {"name": "Lenga Valpei", "bcp_47_code": "pms", "locale_id": "lang:003480", "is_canonical": true}, {"name": "Kivalpei", "bcp_47_code": "sw", "locale_id": "lang:001597", "is_canonical": true}, {"name": "Valpei", "bcp_47_code": "ilo", "locale_id": "lang:007408", "is_canonical": true}, {"name": "valpei", "bcp_47_code": "fr", "locale_id": "lang:002512", "is_canonical": true}]