[{"name": "Nilamba", "bcp_47_code": "en", "locale_id": "lang:004172", "is_canonical": true}, {"name": "Kinilamba", "bcp_47_code": "sw", "locale_id": "lang:001597", "is_canonical": true}, {"name": "język nilamba", "bcp_47_code": "pl", "locale_id": "lang:001433", "is_canonical": true}, {"name": "Iramba", "bcp_47_code": "en", "locale_id": "lang:004172", "is_canonical": null}, {"name": "Lenga Nilamba", "bcp_47_code": "pms", "locale_id": "lang:003480", "is_canonical": true}, {"name": "Wikang Iramba", "bcp_47_code": "tl", "locale_id": "lang:002540", "is_canonical": true}, {"name": "nilamba keel", "bcp_47_code": "et", "locale_id": "lang:007279", "is_canonical": true}, {"name": "iramba", "bcp_47_code": "fr", "locale_id": "lang:002512", "is_canonical": true}, {"name": "Iramba", "bcp_47_code": "pcm", "locale_id": "lang:002108", "is_canonical": true}, {"name": "Kinyiramba", "bcp_47_code": "sw", "locale_id": "lang:001597", "is_canonical": null}, {"name": "język ilamba", "bcp_47_code": "pl", "locale_id": "lang:001433", "is_canonical": null}, {"name": "język kinilamba", "bcp_47_code": "pl", "locale_id": "lang:001433", "is_canonical": null}, {"name": "Asusu Iramba", "bcp_47_code": "pcm", "locale_id": "lang:002108", "is_canonical": null}, {"name": "Nilamba", "bcp_47_code": "nim", "locale_id": "lang:000257", "is_canonical": true}]