[{"name": "Mala", "bcp_47_code": "en", "locale_id": "lang:004172", "is_canonical": true}, {"name": "język pay", "bcp_47_code": "pl", "locale_id": "lang:001433", "is_canonical": true}, {"name": "Neuva Guinea Lenga Mala", "bcp_47_code": "pms", "locale_id": "lang:003480", "is_canonical": true}, {"name": "mala", "bcp_47_code": "fr", "locale_id": "lang:002512", "is_canonical": true}, {"name": "Kimala", "bcp_47_code": "sw", "locale_id": "lang:001597", "is_canonical": true}, {"name": "Mala", "bcp_47_code": "ilo", "locale_id": "lang:007408", "is_canonical": true}, {"name": "Mala (Papua New Guinea)", "bcp_47_code": "en", "locale_id": "lang:004172", "is_canonical": true}]