[{"name": "Iceve-Maci", "bcp_47_code": "en", "locale_id": "lang:004172", "is_canonical": true}, {"name": "Kiiceve-Maci", "bcp_47_code": "sw", "locale_id": "lang:001597", "is_canonical": true}, {"name": "Lenga Iceve-Maci", "bcp_47_code": "pms", "locale_id": "lang:003480", "is_canonical": true}, {"name": "Iceve-Maci", "bcp_47_code": "de", "locale_id": "lang:006636", "is_canonical": true}, {"name": "Ceve", "bcp_47_code": "en", "locale_id": "lang:004172", "is_canonical": null}, {"name": "iceve-maci jezik", "bcp_47_code": "hr", "locale_id": "lang:001280", "is_canonical": true}, {"name": "iceve-maci", "bcp_47_code": "ca", "locale_id": "lang:000334", "is_canonical": true}, {"name": "iceve-maci", "bcp_47_code": "fr", "locale_id": "lang:002512", "is_canonical": true}, {"name": "Wikang Ceve", "bcp_47_code": "tl", "locale_id": "lang:002540", "is_canonical": true}, {"name": "Asụsụ Iceve-Maci", "bcp_47_code": "ig", "locale_id": "lang:002832", "is_canonical": true}]