[{"name": "Gondi", "bcp_47_code": "en", "locale_id": "lang:004172", "is_canonical": true}, {"name": "Northwest Gondi", "bcp_47_code": "en", "locale_id": "lang:004172", "is_canonical": true}, {"name": "الجندي", "bcp_47_code": "ar", "locale_id": "lang:000884", "is_canonical": true}, {"name": "gondi", "bcp_47_code": "ast", "locale_id": "lang:006965", "is_canonical": true}, {"name": "qondi", "bcp_47_code": "az", "locale_id": "lang:000492", "is_canonical": true}, {"name": "гонди", "bcp_47_code": "bg", "locale_id": "lang:003294", "is_canonical": true}, {"name": "গোন্ডি", "bcp_47_code": "bn", "locale_id": "lang:000178", "is_canonical": true}, {"name": "गाँडी", "bcp_47_code": "brx", "locale_id": "lang:003716", "is_canonical": true}, {"name": "gondi", "bcp_47_code": "bs", "locale_id": "lang:005177", "is_canonical": true}, {"name": "gondi", "bcp_47_code": "ca", "locale_id": "lang:000334", "is_canonical": true}, {"name": "𑄉𑄮𑄚𑄴𑄓𑄨", "bcp_47_code": "ccp", "locale_id": "lang:004815", "is_canonical": true}, {"name": "góndština", "bcp_47_code": "cs", "locale_id": "lang:007371", "is_canonical": true}, {"name": "gondi", "bcp_47_code": "da", "locale_id": "lang:006478", "is_canonical": true}, {"name": "Gondi", "bcp_47_code": "de", "locale_id": "lang:006636", "is_canonical": true}, {"name": "Γκόντι", "bcp_47_code": "el", "locale_id": "lang:002331", "is_canonical": true}, {"name": "gondi", "bcp_47_code": "es", "locale_id": "lang:005944", "is_canonical": true}, {"name": "gondi", "bcp_47_code": "et", "locale_id": "lang:007279", "is_canonical": true}, {"name": "گوندی", "bcp_47_code": "fa", "locale_id": "lang:005211", "is_canonical": true}, {"name": "gondi", "bcp_47_code": "fi", "locale_id": "lang:005250", "is_canonical": true}, {"name": "gondi", "bcp_47_code": "fr", "locale_id": "lang:002512", "is_canonical": true}, {"name": "Gondi", "bcp_47_code": "fy", "locale_id": "lang:000608", "is_canonical": true}, {"name": "Gondi", "bcp_47_code": "gd", "locale_id": "lang:005113", "is_canonical": true}, {"name": "Gondi", "bcp_47_code": "gsw", "locale_id": "lang:006414", "is_canonical": true}, {"name": "ગોંડી", "bcp_47_code": "gu", "locale_id": "lang:006797", "is_canonical": true}, {"name": "גונדי", "bcp_47_code": "he", "locale_id": "lang:000780", "is_canonical": true}, {"name": "गाँडी", "bcp_47_code": "hi", "locale_id": "lang:005010", "is_canonical": true}, {"name": "gondi", "bcp_47_code": "hr", "locale_id": "lang:001280", "is_canonical": true}, {"name": "gondi", "bcp_47_code": "hu", "locale_id": "lang:004445", "is_canonical": true}, {"name": "Gondi", "bcp_47_code": "id", "locale_id": "lang:005344", "is_canonical": true}, {"name": "gondí", "bcp_47_code": "is", "locale_id": "lang:006417", "is_canonical": true}, {"name": "gondi", "bcp_47_code": "it", "locale_id": "lang:005147", "is_canonical": true}, {"name": "ゴーンディー語", "bcp_47_code": "ja", "locale_id": "lang:005185", "is_canonical": true}, {"name": "გონდი", "bcp_47_code": "ka", "locale_id": "lang:005687", "is_canonical": true}, {"name": "gãnni", "bcp_47_code": "kgp", "locale_id": "lang:005254", "is_canonical": true}, {"name": "ಗೊಂಡಿ", "bcp_47_code": "kn", "locale_id": "lang:006289", "is_canonical": true}, {"name": "곤디어", "bcp_47_code": "ko", "locale_id": "lang:000685", "is_canonical": true}, {"name": "گوندی", "bcp_47_code": "ks", "locale_id": "lang:004361", "is_canonical": true}, {"name": "gondi-Sprooch", "bcp_47_code": "lb", "locale_id": "lang:003324", "is_canonical": true}, {"name": "ກອນດີ", "bcp_47_code": "lo", "locale_id": "lang:002848", "is_canonical": true}, {"name": "gondi", "bcp_47_code": "lt", "locale_id": "lang:000996", "is_canonical": true}, {"name": "gondu valodas", "bcp_47_code": "lv", "locale_id": "lang:006606", "is_canonical": true}, {"name": "гонди", "bcp_47_code": "mk", "locale_id": "lang:001683", "is_canonical": true}, {"name": "ഗോണ്ഡി", "bcp_47_code": "ml", "locale_id": "lang:001880", "is_canonical": true}, {"name": "गाँडी", "bcp_47_code": "mr", "locale_id": "lang:003376", "is_canonical": true}, {"name": "Gondi", "bcp_47_code": "mt", "locale_id": "lang:004371", "is_canonical": true}, {"name": "Gondi", "bcp_47_code": "nds", "locale_id": "lang:001710", "is_canonical": true}, {"name": "गोन्डी", "bcp_47_code": "ne", "locale_id": "lang:004630", "is_canonical": true}, {"name": "Gondi", "bcp_47_code": "nl", "locale_id": "lang:006448", "is_canonical": true}, {"name": "gondi", "bcp_47_code": "no", "locale_id": "lang:002536", "is_canonical": true}, {"name": "ଗୋଣ୍ଡି", "bcp_47_code": "or", "locale_id": "lang:001930", "is_canonical": true}, {"name": "gondi", "bcp_47_code": "pl", "locale_id": "lang:001433", "is_canonical": true}, {"name": "gondi", "bcp_47_code": "pt", "locale_id": "lang:001977", "is_canonical": true}, {"name": "gondi", "bcp_47_code": "rm", "locale_id": "lang:004318", "is_canonical": true}, {"name": "gondi", "bcp_47_code": "ro", "locale_id": "lang:006592", "is_canonical": true}, {"name": "гонди", "bcp_47_code": "ru", "locale_id": "lang:006745", "is_canonical": true}, {"name": "góndčina", "bcp_47_code": "sk", "locale_id": "lang:005464", "is_canonical": true}, {"name": "gondi", "bcp_47_code": "sl", "locale_id": "lang:004352", "is_canonical": true}, {"name": "гонди", "bcp_47_code": "sr", "locale_id": "lang:002701", "is_canonical": true}, {"name": "gondi", "bcp_47_code": "sv", "locale_id": "lang:004782", "is_canonical": true}, {"name": "கோன்டி", "bcp_47_code": "ta", "locale_id": "lang:002996", "is_canonical": true}, {"name": "గోండి", "bcp_47_code": "te", "locale_id": "lang:000508", "is_canonical": true}, {"name": "กอนดิ", "bcp_47_code": "th", "locale_id": "lang:000248", "is_canonical": true}, {"name": "lea fakakonitī", "bcp_47_code": "to", "locale_id": "lang:006037", "is_canonical": true}, {"name": "Gondi dili", "bcp_47_code": "tr", "locale_id": "lang:000917", "is_canonical": true}, {"name": "گوندىچە", "bcp_47_code": "ug", "locale_id": "lang:003330", "is_canonical": true}, {"name": "гонді", "bcp_47_code": "uk", "locale_id": "lang:001994", "is_canonical": true}, {"name": "tiếng Gondi", "bcp_47_code": "vi", "locale_id": "lang:004523", "is_canonical": true}, {"name": "gũdi", "bcp_47_code": "yrl", "locale_id": "lang:006863", "is_canonical": true}, {"name": "岡德文", "bcp_47_code": "yue", "locale_id": "lang:005108", "is_canonical": true}, {"name": "冈德语", "bcp_47_code": "cmn", "locale_id": "lang:004378", "is_canonical": true}, {"name": "गोंडी", "bcp_47_code": "gon", "locale_id": "lang:000003", "is_canonical": true}, {"name": "గోండి", "bcp_47_code": "gon", "locale_id": "lang:000003", "is_canonical": null}, {"name": "Gondi", "bcp_47_code": "gon", "locale_id": "lang:000003", "is_canonical": null}]