[{"name": "Kovai", "bcp_47_code": "en", "locale_id": "lang:004172", "is_canonical": true}, {"name": "kovai jezik", "bcp_47_code": "hr", "locale_id": "lang:001280", "is_canonical": true}, {"name": "kovai jezik", "bcp_47_code": "sh", "locale_id": "lang:003245", "is_canonical": true}, {"name": "Lenga Kovai", "bcp_47_code": "pms", "locale_id": "lang:003480", "is_canonical": true}, {"name": "Kikovai", "bcp_47_code": "sw", "locale_id": "lang:001597", "is_canonical": true}, {"name": "język kovai", "bcp_47_code": "pl", "locale_id": "lang:001433", "is_canonical": true}, {"name": "Kovai", "bcp_47_code": "ilo", "locale_id": "lang:007408", "is_canonical": true}, {"name": "コヴァイ語", "bcp_47_code": "ja", "locale_id": "lang:005185", "is_canonical": true}, {"name": "Kovaiki", "bcp_47_code": "diq", "locale_id": "lang:003839", "is_canonical": true}]