[{"name": "Paicî", "bcp_47_code": "en", "locale_id": "lang:004172", "is_canonical": true}, {"name": "paicî", "bcp_47_code": "fr", "locale_id": "lang:002512", "is_canonical": true}, {"name": "paitji keel", "bcp_47_code": "et", "locale_id": "lang:007279", "is_canonical": true}, {"name": "língua paicî", "bcp_47_code": "pt", "locale_id": "lang:001977", "is_canonical": true}, {"name": "paicî", "bcp_47_code": "ca", "locale_id": "lang:000334", "is_canonical": true}, {"name": "Lenga Paici", "bcp_47_code": "pms", "locale_id": "lang:003480", "is_canonical": true}, {"name": "Kipaici", "bcp_47_code": "sw", "locale_id": "lang:001597", "is_canonical": true}, {"name": "パーチン語", "bcp_47_code": "ja", "locale_id": "lang:005185", "is_canonical": true}, {"name": "Paicî", "bcp_47_code": "ilo", "locale_id": "lang:007408", "is_canonical": true}, {"name": "idioma paicî", "bcp_47_code": "es", "locale_id": "lang:005944", "is_canonical": true}, {"name": "파이칭어", "bcp_47_code": "ko", "locale_id": "lang:000685", "is_canonical": true}, {"name": "paicî", "bcp_47_code": "oc", "locale_id": "lang:003832", "is_canonical": true}]