[{"name": "Northern Dong", "bcp_47_code": "en", "locale_id": "lang:004172", "is_canonical": true}, {"name": "Northern Kam", "bcp_47_code": "en", "locale_id": "lang:004172", "is_canonical": null}, {"name": "setentrional Lenga dong", "bcp_47_code": "pms", "locale_id": "lang:003480", "is_canonical": true}, {"name": "kam du nord", "bcp_47_code": "fr", "locale_id": "lang:002512", "is_canonical": true}, {"name": "Kidong ya Kaskazini", "bcp_47_code": "sw", "locale_id": "lang:001597", "is_canonical": true}, {"name": "põhjatungi keel", "bcp_47_code": "et", "locale_id": "lang:007279", "is_canonical": true}, {"name": "Gaeml", "bcp_47_code": "doc", "locale_id": "lang:000088", "is_canonical": true}]