[{"name": "Ontong Java", "bcp_47_code": "en", "locale_id": "lang:004172", "is_canonical": true}, {"name": "Luangiua", "bcp_47_code": "en", "locale_id": "lang:004172", "is_canonical": true}, {"name": "онтоншко-џавански јазик", "bcp_47_code": "mk", "locale_id": "lang:001683", "is_canonical": true}, {"name": "ontong java", "bcp_47_code": "fi", "locale_id": "lang:005250", "is_canonical": true}, {"name": "Lenga Ontong Java", "bcp_47_code": "pms", "locale_id": "lang:003480", "is_canonical": true}, {"name": "Kiontong-Java", "bcp_47_code": "sw", "locale_id": "lang:001597", "is_canonical": true}, {"name": "オントンジャワ語", "bcp_47_code": "ja", "locale_id": "lang:005185", "is_canonical": true}, {"name": "Ontong Java", "bcp_47_code": "ilo", "locale_id": "lang:007408", "is_canonical": true}, {"name": "língua ontong java", "bcp_47_code": "pt", "locale_id": "lang:001977", "is_canonical": true}, {"name": "luanguia", "bcp_47_code": "fr", "locale_id": "lang:002512", "is_canonical": true}, {"name": "język ontong java", "bcp_47_code": "pl", "locale_id": "lang:001433", "is_canonical": true}]