[{"name": "Romano-Serbian", "bcp_47_code": "en", "locale_id": "lang:004172", "is_canonical": true}, {"name": "Lenga romano-serbian", "bcp_47_code": "pms", "locale_id": "lang:003480", "is_canonical": true}, {"name": "Romani-Serbikani chhib", "bcp_47_code": "rmy", "locale_id": "lang:004412", "is_canonical": true}, {"name": "romsko-srpski jezik", "bcp_47_code": "sh", "locale_id": "lang:003245", "is_canonical": true}, {"name": "romsko-srpski jezik", "bcp_47_code": "sr", "locale_id": "lang:002701", "is_canonical": true}, {"name": "ромско-српски језик", "bcp_47_code": "sr", "locale_id": "lang:002701", "is_canonical": null}, {"name": "цыгано-сербский язык", "bcp_47_code": "ru", "locale_id": "lang:006745", "is_canonical": true}, {"name": "serba-cigana lingvo", "bcp_47_code": "eo", "locale_id": "lang:001065", "is_canonical": true}, {"name": "ромскосрпски јазик", "bcp_47_code": "mk", "locale_id": "lang:001683", "is_canonical": true}, {"name": "Ρομανοσερβική γλώσσα", "bcp_47_code": "el", "locale_id": "lang:002331", "is_canonical": true}, {"name": "romano-serbe", "bcp_47_code": "fr", "locale_id": "lang:002512", "is_canonical": true}, {"name": "Романи Сербикани теле", "bcp_47_code": "tt", "locale_id": "lang:003939", "is_canonical": true}, {"name": "romanosrpski jezik", "bcp_47_code": "sh", "locale_id": "lang:003245", "is_canonical": null}, {"name": "Romani-Serbikani chhib", "bcp_47_code": "rom", "locale_id": "lang:001862", "is_canonical": true}, {"name": "романосрпски језик", "bcp_47_code": "sr", "locale_id": "lang:002701", "is_canonical": null}, {"name": "Serbo-Bosnian Vlax", "bcp_47_code": "en", "locale_id": "lang:004172", "is_canonical": true}]