[{"name": "Twi", "bcp_47_code": "en", "locale_id": "lang:004172", "is_canonical": true}, {"name": "Twi", "bcp_47_code": "af", "locale_id": "lang:006849", "is_canonical": true}, {"name": "ትዊኛ", "bcp_47_code": "am", "locale_id": "lang:000379", "is_canonical": true}, {"name": "التوي", "bcp_47_code": "ar", "locale_id": "lang:000884", "is_canonical": true}, {"name": "tvi", "bcp_47_code": "az", "locale_id": "lang:000492", "is_canonical": true}, {"name": "туи", "bcp_47_code": "bg", "locale_id": "lang:003294", "is_canonical": true}, {"name": "টোয়াই", "bcp_47_code": "bn", "locale_id": "lang:000178", "is_canonical": true}, {"name": "ट्वी", "bcp_47_code": "brx", "locale_id": "lang:003716", "is_canonical": true}, {"name": "tvi", "bcp_47_code": "bs", "locale_id": "lang:005177", "is_canonical": true}, {"name": "ትዊኛ", "bcp_47_code": "byn", "locale_id": "lang:001586", "is_canonical": true}, {"name": "𑄑𑄮𑄠𑄭", "bcp_47_code": "ccp", "locale_id": "lang:004815", "is_canonical": true}, {"name": "توی", "bcp_47_code": "ckb", "locale_id": "lang:002255", "is_canonical": true}, {"name": "Twi", "bcp_47_code": "cy", "locale_id": "lang:005257", "is_canonical": true}, {"name": "Twi", "bcp_47_code": "de", "locale_id": "lang:006636", "is_canonical": true}, {"name": "Τούι", "bcp_47_code": "el", "locale_id": "lang:002331", "is_canonical": true}, {"name": "tvii", "bcp_47_code": "et", "locale_id": "lang:007279", "is_canonical": true}, {"name": "twia", "bcp_47_code": "eu", "locale_id": "lang:004920", "is_canonical": true}, {"name": "توی‌یایی", "bcp_47_code": "fa", "locale_id": "lang:005211", "is_canonical": true}, {"name": "Twi", "bcp_47_code": "fil", "locale_id": "lang:004854", "is_canonical": true}, {"name": "Twi", "bcp_47_code": "fy", "locale_id": "lang:000608", "is_canonical": true}, {"name": "Tíbhis", "bcp_47_code": "ga", "locale_id": "lang:005513", "is_canonical": true}, {"name": "Twi", "bcp_47_code": "gd", "locale_id": "lang:005113", "is_canonical": true}, {"name": "ትዊኛ", "bcp_47_code": "gez", "locale_id": null, "is_canonical": true}, {"name": "Twi", "bcp_47_code": "gsw", "locale_id": "lang:006414", "is_canonical": true}, {"name": "ટ્વાઇ", "bcp_47_code": "gu", "locale_id": "lang:006797", "is_canonical": true}, {"name": "Tiwiniyanci", "bcp_47_code": "ha", "locale_id": "lang:006769", "is_canonical": true}, {"name": "טווי", "bcp_47_code": "he", "locale_id": "lang:000780", "is_canonical": true}, {"name": "ट्वी", "bcp_47_code": "hi", "locale_id": "lang:005010", "is_canonical": true}, {"name": "տուի", "bcp_47_code": "hy", "locale_id": "lang:006918", "is_canonical": true}, {"name": "Twi", "bcp_47_code": "id", "locale_id": "lang:005344", "is_canonical": true}, {"name": "tví", "bcp_47_code": "is", "locale_id": "lang:006417", "is_canonical": true}, {"name": "ci", "bcp_47_code": "it", "locale_id": "lang:005147", "is_canonical": true}, {"name": "トウィ語", "bcp_47_code": "ja", "locale_id": "lang:005185", "is_canonical": true}, {"name": "თუი", "bcp_47_code": "ka", "locale_id": "lang:005687", "is_canonical": true}, {"name": "tuvi", "bcp_47_code": "kgp", "locale_id": "lang:005254", "is_canonical": true}, {"name": "тви тілі", "bcp_47_code": "kk", "locale_id": "lang:001017", "is_canonical": true}, {"name": "ទ្វី", "bcp_47_code": "km", "locale_id": "lang:000690", "is_canonical": true}, {"name": "ಟ್ವಿ", "bcp_47_code": "kn", "locale_id": "lang:006289", "is_canonical": true}, {"name": "트위어", "bcp_47_code": "ko", "locale_id": "lang:000685", "is_canonical": true}, {"name": "त्वि", "bcp_47_code": "kok", "locale_id": "lang:001978", "is_canonical": true}, {"name": "توی", "bcp_47_code": "ks", "locale_id": "lang:004361", "is_canonical": true}, {"name": "тви", "bcp_47_code": "ky", "locale_id": "lang:003193", "is_canonical": true}, {"name": "Twi", "bcp_47_code": "lb", "locale_id": "lang:003324", "is_canonical": true}, {"name": "ທວີ", "bcp_47_code": "lo", "locale_id": "lang:002848", "is_canonical": true}, {"name": "tvi", "bcp_47_code": "lt", "locale_id": "lang:000996", "is_canonical": true}, {"name": "tvī", "bcp_47_code": "lv", "locale_id": "lang:006606", "is_canonical": true}, {"name": "тви", "bcp_47_code": "mk", "locale_id": "lang:001683", "is_canonical": true}, {"name": "ട്വി", "bcp_47_code": "ml", "locale_id": "lang:001880", "is_canonical": true}, {"name": "тви", "bcp_47_code": "mn", "locale_id": "lang:005506", "is_canonical": true}, {"name": "ट्वी", "bcp_47_code": "mr", "locale_id": "lang:003376", "is_canonical": true}, {"name": "Twi", "bcp_47_code": "ms", "locale_id": "lang:001263", "is_canonical": true}, {"name": "Twi", "bcp_47_code": "mt", "locale_id": "lang:004371", "is_canonical": true}, {"name": "Twi", "bcp_47_code": "nds", "locale_id": "lang:001710", "is_canonical": true}, {"name": "Twi", "bcp_47_code": "nl", "locale_id": "lang:006448", "is_canonical": true}, {"name": "ତ୍ୱି", "bcp_47_code": "or", "locale_id": "lang:001930", "is_canonical": true}, {"name": "ਤ੍ਵਿ", "bcp_47_code": "pa", "locale_id": "lang:003658", "is_canonical": true}, {"name": "توی", "bcp_47_code": "ps", "locale_id": "lang:006281", "is_canonical": true}, {"name": "тви", "bcp_47_code": "ru", "locale_id": "lang:006745", "is_canonical": true}, {"name": "Inyetuwi", "bcp_47_code": "rw", "locale_id": "lang:005054", "is_canonical": true}, {"name": "tvi", "bcp_47_code": "sl", "locale_id": "lang:004352", "is_canonical": true}, {"name": "Tiwiyan", "bcp_47_code": "so", "locale_id": "lang:000435", "is_canonical": true}, {"name": "tuisht", "bcp_47_code": "sq", "locale_id": "lang:006275", "is_canonical": true}, {"name": "тви", "bcp_47_code": "sr", "locale_id": "lang:002701", "is_canonical": true}, {"name": "Twi", "bcp_47_code": "st", "locale_id": "lang:004234", "is_canonical": true}, {"name": "Twi", "bcp_47_code": "sw", "locale_id": "lang:001597", "is_canonical": true}, {"name": "ட்வி", "bcp_47_code": "ta", "locale_id": "lang:002996", "is_canonical": true}, {"name": "ట్వి", "bcp_47_code": "te", "locale_id": "lang:000508", "is_canonical": true}, {"name": "ทวิ", "bcp_47_code": "th", "locale_id": "lang:000248", "is_canonical": true}, {"name": "ትዊ", "bcp_47_code": "ti", "locale_id": "lang:002196", "is_canonical": true}, {"name": "ትዊኛ", "bcp_47_code": "tig", "locale_id": "lang:005434", "is_canonical": true}, {"name": "lea fakatusuī", "bcp_47_code": "to", "locale_id": "lang:006037", "is_canonical": true}, {"name": "Tvi", "bcp_47_code": "tr", "locale_id": "lang:000917", "is_canonical": true}, {"name": "تىۋىچە", "bcp_47_code": "ug", "locale_id": "lang:003330", "is_canonical": true}, {"name": "тві", "bcp_47_code": "uk", "locale_id": "lang:001994", "is_canonical": true}, {"name": "توی", "bcp_47_code": "ur", "locale_id": "lang:001103", "is_canonical": true}, {"name": "tiếng Twi", "bcp_47_code": "vi", "locale_id": "lang:004523", "is_canonical": true}, {"name": "Twi", "bcp_47_code": "xh", "locale_id": "lang:002158", "is_canonical": true}, {"name": "tui", "bcp_47_code": "yrl", "locale_id": "lang:006863", "is_canonical": true}, {"name": "特威文", "bcp_47_code": "yue", "locale_id": "lang:005108", "is_canonical": true}, {"name": "契维语", "bcp_47_code": "cmn", "locale_id": "lang:004378", "is_canonical": true}, {"name": "isi-Twi", "bcp_47_code": "zu", "locale_id": "lang:007247", "is_canonical": true}, {"name": "ትዊ", "bcp_47_code": "am", "locale_id": "lang:000379", "is_canonical": null}, {"name": "توي", "bcp_47_code": "ar", "locale_id": "lang:000884", "is_canonical": null}, {"name": "Twi", "bcp_47_code": "as", "locale_id": "lang:003208", "is_canonical": true}, {"name": "Tvi dili", "bcp_47_code": "az", "locale_id": "lang:000492", "is_canonical": null}, {"name": "чві", "bcp_47_code": "be", "locale_id": "lang:004942", "is_canonical": true}, {"name": "টুই", "bcp_47_code": "bn", "locale_id": "lang:000178", "is_canonical": null}, {"name": "twiština", "bcp_47_code": "cs", "locale_id": "lang:007371", "is_canonical": null}, {"name": "تویی", "bcp_47_code": "fa", "locale_id": "lang:005211", "is_canonical": null}, {"name": "Twi", "bcp_47_code": "in", "locale_id": "lang:005344", "is_canonical": true}, {"name": "トゥイ語", "bcp_47_code": "ja", "locale_id": "lang:005185", "is_canonical": null}, {"name": "Тви", "bcp_47_code": "kk", "locale_id": "lang:001017", "is_canonical": null}, {"name": "твиче", "bcp_47_code": "ky", "locale_id": "lang:003193", "is_canonical": null}, {"name": "Twi", "bcp_47_code": "ln", "locale_id": "lang:005075", "is_canonical": true}, {"name": "tvi kalba", "bcp_47_code": "lt", "locale_id": "lang:000996", "is_canonical": null}, {"name": "Тви", "bcp_47_code": "mn", "locale_id": "lang:005506", "is_canonical": null}, {"name": "Twi", "bcp_47_code": "mo", "locale_id": "lang:006592", "is_canonical": true}, {"name": "त्वी", "bcp_47_code": "mr", "locale_id": "lang:003376", "is_canonical": null}, {"name": "တွီ", "bcp_47_code": "my", "locale_id": "lang:004196", "is_canonical": true}, {"name": "त्वी", "bcp_47_code": "ne", "locale_id": "lang:004630", "is_canonical": true}, {"name": "ତ୍ୱିଇ", "bcp_47_code": "or", "locale_id": "lang:001930", "is_canonical": null}, {"name": "ਟਵੀ", "bcp_47_code": "pa", "locale_id": "lang:003658", "is_canonical": null}, {"name": "ට්වී", "bcp_47_code": "si", "locale_id": "lang:000326", "is_canonical": true}, {"name": "Twi", "bcp_47_code": "sq", "locale_id": "lang:006275", "is_canonical": null}, {"name": "Kitwi", "bcp_47_code": "sw", "locale_id": "lang:001597", "is_canonical": null}, {"name": "திவி", "bcp_47_code": "ta", "locale_id": "lang:002996", "is_canonical": null}, {"name": "ทไว", "bcp_47_code": "th", "locale_id": "lang:000248", "is_canonical": null}, {"name": "Twi", "bcp_47_code": "tl", "locale_id": "lang:002540", "is_canonical": true}, {"name": "tvi", "bcp_47_code": "uz", "locale_id": "lang:003386", "is_canonical": true}, {"name": "twi", "bcp_47_code": "tw", "locale_id": "lang:000374", "is_canonical": true}]