[{"name": "Nkari", "bcp_47_code": "en", "locale_id": "lang:004172", "is_canonical": true}, {"name": "Kinkari", "bcp_47_code": "sw", "locale_id": "lang:001597", "is_canonical": true}, {"name": "Lenga Nkari", "bcp_47_code": "pms", "locale_id": "lang:003480", "is_canonical": true}, {"name": "nkari", "bcp_47_code": "fr", "locale_id": "lang:002512", "is_canonical": true}, {"name": "nkari", "bcp_47_code": "ca", "locale_id": "lang:000334", "is_canonical": true}, {"name": "nkari", "bcp_47_code": "oc", "locale_id": "lang:003832", "is_canonical": true}]