[{"name": "Campalagian", "bcp_47_code": "en", "locale_id": "lang:004172", "is_canonical": true}, {"name": "Campalagian", "bcp_47_code": "de", "locale_id": "lang:006636", "is_canonical": true}, {"name": "Lenga campalagian", "bcp_47_code": "pms", "locale_id": "lang:003480", "is_canonical": true}, {"name": "bahasa Campalagian", "bcp_47_code": "id", "locale_id": "lang:005344", "is_canonical": true}, {"name": "Kicampalagian", "bcp_47_code": "sw", "locale_id": "lang:001597", "is_canonical": true}, {"name": "Campalagian", "bcp_47_code": "ilo", "locale_id": "lang:007408", "is_canonical": true}, {"name": "Wikang Campalagian", "bcp_47_code": "tl", "locale_id": "lang:002540", "is_canonical": true}, {"name": "campalagien", "bcp_47_code": "fr", "locale_id": "lang:002512", "is_canonical": true}, {"name": "坎帕拉吉语", "bcp_47_code": "cmn", "locale_id": "lang:004378", "is_canonical": true}, {"name": "język campalagian", "bcp_47_code": "pl", "locale_id": "lang:001433", "is_canonical": true}, {"name": "bahasa Tallumpanuae", "bcp_47_code": "id", "locale_id": "lang:005344", "is_canonical": null}, {"name": "bahasa Tasing", "bcp_47_code": "id", "locale_id": "lang:005344", "is_canonical": null}, {"name": "bahasa Tjampalagian", "bcp_47_code": "id", "locale_id": "lang:005344", "is_canonical": null}, {"name": "język koneq-koneq", "bcp_47_code": "pl", "locale_id": "lang:001433", "is_canonical": null}, {"name": "język kone’ kone’e", "bcp_47_code": "pl", "locale_id": "lang:001433", "is_canonical": null}, {"name": "język kone-konee", "bcp_47_code": "pl", "locale_id": "lang:001433", "is_canonical": null}, {"name": "język tasing", "bcp_47_code": "pl", "locale_id": "lang:001433", "is_canonical": null}, {"name": "język tallumpanuae", "bcp_47_code": "pl", "locale_id": "lang:001433", "is_canonical": null}, {"name": "język tjampalagian", "bcp_47_code": "pl", "locale_id": "lang:001433", "is_canonical": null}]