[{"name": "Adithinngithigh", "bcp_47_code": "en", "locale_id": "lang:004172", "is_canonical": true}, {"name": "Aritinngitigh", "bcp_47_code": "en", "locale_id": "lang:004172", "is_canonical": null}, {"name": "adithinngithigh", "bcp_47_code": "fr", "locale_id": "lang:002512", "is_canonical": true}, {"name": "Kiadithinngithigh", "bcp_47_code": "sw", "locale_id": "lang:001597", "is_canonical": true}, {"name": "адитиннгитиг", "bcp_47_code": "ru", "locale_id": "lang:006745", "is_canonical": true}, {"name": "idioma adithinngithigh", "bcp_47_code": "es", "locale_id": "lang:005944", "is_canonical": true}, {"name": "Arritinngithigh", "bcp_47_code": "en", "locale_id": "lang:004172", "is_canonical": true}]