[{"name": "Koyo", "bcp_47_code": "en", "locale_id": "lang:004172", "is_canonical": true}, {"name": "Kikoyo", "bcp_47_code": "sw", "locale_id": "lang:001597", "is_canonical": true}, {"name": "Lenga Koyo", "bcp_47_code": "pms", "locale_id": "lang:003480", "is_canonical": true}, {"name": "Koyo", "bcp_47_code": "de", "locale_id": "lang:006636", "is_canonical": true}, {"name": "koyo", "bcp_47_code": "es", "locale_id": "lang:005944", "is_canonical": true}, {"name": "Koyo語", "bcp_47_code": "ja", "locale_id": "lang:005185", "is_canonical": true}, {"name": "コヨ語", "bcp_47_code": "ja", "locale_id": "lang:005185", "is_canonical": null}]