[{"name": "Dargwa", "bcp_47_code": "en", "locale_id": "lang:004172", "is_canonical": true}, {"name": "North-Central Dargwa", "bcp_47_code": "en", "locale_id": "lang:004172", "is_canonical": true}, {"name": "адаргин", "bcp_47_code": "ab", "locale_id": "lang:006291", "is_canonical": true}, {"name": "Dakota", "bcp_47_code": "af", "locale_id": "lang:006849", "is_canonical": true}, {"name": "ዳርግዋ", "bcp_47_code": "am", "locale_id": "lang:000379", "is_canonical": true}, {"name": "الدارجوا", "bcp_47_code": "ar", "locale_id": "lang:000884", "is_canonical": true}, {"name": "দাৰ্গৱা", "bcp_47_code": "as", "locale_id": "lang:003208", "is_canonical": true}, {"name": "dargwa", "bcp_47_code": "ast", "locale_id": "lang:006965", "is_canonical": true}, {"name": "darqva", "bcp_47_code": "az", "locale_id": "lang:000492", "is_canonical": true}, {"name": "даргінская", "bcp_47_code": "be", "locale_id": "lang:004942", "is_canonical": true}, {"name": "даргински", "bcp_47_code": "bg", "locale_id": "lang:003294", "is_canonical": true}, {"name": "دارگوایی", "bcp_47_code": "bgn", "locale_id": "lang:004443", "is_canonical": true}, {"name": "দার্গওয়া", "bcp_47_code": "bn", "locale_id": "lang:000178", "is_canonical": true}, {"name": "dargwa", "bcp_47_code": "br", "locale_id": "lang:003643", "is_canonical": true}, {"name": "दर्गवा", "bcp_47_code": "brx", "locale_id": "lang:003716", "is_canonical": true}, {"name": "dargva", "bcp_47_code": "bs", "locale_id": "lang:005177", "is_canonical": true}, {"name": "darguà", "bcp_47_code": "ca", "locale_id": "lang:000334", "is_canonical": true}, {"name": "𑄘𑄢𑄴𑄉𑄧𑄤", "bcp_47_code": "ccp", "locale_id": "lang:004815", "is_canonical": true}, {"name": "даьргӀойн", "bcp_47_code": "ce", "locale_id": "lang:000120", "is_canonical": true}, {"name": "ᏓᎳᏆ", "bcp_47_code": "chr", "locale_id": "lang:004490", "is_canonical": true}, {"name": "دارگینی", "bcp_47_code": "ckb", "locale_id": "lang:002255", "is_canonical": true}, {"name": "dargština", "bcp_47_code": "cs", "locale_id": "lang:007371", "is_canonical": true}, {"name": "Dargwa", "bcp_47_code": "cy", "locale_id": "lang:005257", "is_canonical": true}, {"name": "dargwa", "bcp_47_code": "da", "locale_id": "lang:006478", "is_canonical": true}, {"name": "Darginisch", "bcp_47_code": "de", "locale_id": "lang:006636", "is_canonical": true}, {"name": "dargwašćina", "bcp_47_code": "dsb", "locale_id": "lang:007093", "is_canonical": true}, {"name": "Ντάργκουα", "bcp_47_code": "el", "locale_id": "lang:002331", "is_canonical": true}, {"name": "dargva", "bcp_47_code": "eo", "locale_id": "lang:001065", "is_canonical": true}, {"name": "dargva", "bcp_47_code": "es", "locale_id": "lang:005944", "is_canonical": true}, {"name": "dargi", "bcp_47_code": "et", "locale_id": "lang:007279", "is_canonical": true}, {"name": "darginera", "bcp_47_code": "eu", "locale_id": "lang:004920", "is_canonical": true}, {"name": "دارگوا", "bcp_47_code": "fa", "locale_id": "lang:005211", "is_canonical": true}, {"name": "dargi", "bcp_47_code": "fi", "locale_id": "lang:005250", "is_canonical": true}, {"name": "Dargwa", "bcp_47_code": "fil", "locale_id": "lang:004854", "is_canonical": true}, {"name": "dargwa", "bcp_47_code": "fo", "locale_id": "lang:005789", "is_canonical": true}, {"name": "dargwa", "bcp_47_code": "fr", "locale_id": "lang:002512", "is_canonical": true}, {"name": "Dargwa", "bcp_47_code": "fy", "locale_id": "lang:000608", "is_canonical": true}, {"name": "Dargais", "bcp_47_code": "ga", "locale_id": "lang:005513", "is_canonical": true}, {"name": "Dargwa", "bcp_47_code": "gd", "locale_id": "lang:005113", "is_canonical": true}, {"name": "dargwa", "bcp_47_code": "gl", "locale_id": "lang:006921", "is_canonical": true}, {"name": "Targiinisch", "bcp_47_code": "gsw", "locale_id": "lang:006414", "is_canonical": true}, {"name": "દાર્ગવા", "bcp_47_code": "gu", "locale_id": "lang:006797", "is_canonical": true}, {"name": "Dargwa", "bcp_47_code": "ha", "locale_id": "lang:006769", "is_canonical": true}, {"name": "דרגווה", "bcp_47_code": "he", "locale_id": "lang:000780", "is_canonical": true}, {"name": "दार्गवा", "bcp_47_code": "hi", "locale_id": "lang:005010", "is_canonical": true}, {"name": "dargwa", "bcp_47_code": "hr", "locale_id": "lang:001280", "is_canonical": true}, {"name": "dargwašćina", "bcp_47_code": "hsb", "locale_id": "lang:002868", "is_canonical": true}, {"name": "dargva", "bcp_47_code": "hu", "locale_id": "lang:004445", "is_canonical": true}, {"name": "դարգիներեն", "bcp_47_code": "hy", "locale_id": "lang:006918", "is_canonical": true}, {"name": "dargwa", "bcp_47_code": "ia", "locale_id": "lang:008680", "is_canonical": true}, {"name": "Dargwa", "bcp_47_code": "id", "locale_id": "lang:005344", "is_canonical": true}, {"name": "Dagwa", "bcp_47_code": "ig", "locale_id": "lang:002832", "is_canonical": true}, {"name": "dargva", "bcp_47_code": "is", "locale_id": "lang:006417", "is_canonical": true}, {"name": "dargwa", "bcp_47_code": "it", "locale_id": "lang:005147", "is_canonical": true}, {"name": "ダルグワ語", "bcp_47_code": "ja", "locale_id": "lang:005185", "is_canonical": true}, {"name": "Dargwa", "bcp_47_code": "jv", "locale_id": "lang:006418", "is_canonical": true}, {"name": "დარგუული", "bcp_47_code": "ka", "locale_id": "lang:005687", "is_canonical": true}, {"name": "Tadargwat", "bcp_47_code": "kab", "locale_id": "lang:002124", "is_canonical": true}, {"name": "narguva", "bcp_47_code": "kgp", "locale_id": "lang:005254", "is_canonical": true}, {"name": "даргин тілі", "bcp_47_code": "kk", "locale_id": "lang:001017", "is_canonical": true}, {"name": "ដាចវ៉ា", "bcp_47_code": "km", "locale_id": "lang:000690", "is_canonical": true}, {"name": "ದರ್ಗ್ವಾ", "bcp_47_code": "kn", "locale_id": "lang:006289", "is_canonical": true}, {"name": "다르그와어", "bcp_47_code": "ko", "locale_id": "lang:000685", "is_canonical": true}, {"name": "दार्ग्वा", "bcp_47_code": "kok", "locale_id": "lang:001978", "is_canonical": true}, {"name": "دَرگوا", "bcp_47_code": "ks", "locale_id": "lang:004361", "is_canonical": true}, {"name": "Darjihnesch", "bcp_47_code": "ksh", "locale_id": "lang:000776", "is_canonical": true}, {"name": "даргинче", "bcp_47_code": "ky", "locale_id": "lang:003193", "is_canonical": true}, {"name": "Darginesch", "bcp_47_code": "lb", "locale_id": "lang:003324", "is_canonical": true}, {"name": "dargwa", "bcp_47_code": "lij", "locale_id": "lang:004453", "is_canonical": true}, {"name": "Dargwa Iyápi", "bcp_47_code": "lkt", "locale_id": "lang:002236", "is_canonical": true}, {"name": "ດາກວາ", "bcp_47_code": "lo", "locale_id": "lang:002848", "is_canonical": true}, {"name": "dargva", "bcp_47_code": "lt", "locale_id": "lang:000996", "is_canonical": true}, {"name": "dargu", "bcp_47_code": "lv", "locale_id": "lang:006606", "is_canonical": true}, {"name": "डर्गबा", "bcp_47_code": "mai", "locale_id": "lang:005797", "is_canonical": true}, {"name": "Tākawa", "bcp_47_code": "mi", "locale_id": "lang:005897", "is_canonical": true}, {"name": "даргва", "bcp_47_code": "mk", "locale_id": "lang:001683", "is_canonical": true}, {"name": "ഡർഗ്വാ", "bcp_47_code": "ml", "locale_id": "lang:001880", "is_canonical": true}, {"name": "даргва", "bcp_47_code": "mn", "locale_id": "lang:005506", "is_canonical": true}, {"name": "दार्गवा", "bcp_47_code": "mr", "locale_id": "lang:003376", "is_canonical": true}, {"name": "Dargwa", "bcp_47_code": "ms", "locale_id": "lang:001263", "is_canonical": true}, {"name": "Dargwa", "bcp_47_code": "mt", "locale_id": "lang:004371", "is_canonical": true}, {"name": "ဒါဂ်ဝါ", "bcp_47_code": "my", "locale_id": "lang:004196", "is_canonical": true}, {"name": "Dargiensch", "bcp_47_code": "nds", "locale_id": "lang:001710", "is_canonical": true}, {"name": "दार्ग्वा", "bcp_47_code": "ne", "locale_id": "lang:004630", "is_canonical": true}, {"name": "Dargwa", "bcp_47_code": "nl", "locale_id": "lang:006448", "is_canonical": true}, {"name": "dargwa", "bcp_47_code": "no", "locale_id": "lang:002536", "is_canonical": true}, {"name": "ଡାରାଗ୍ୱା", "bcp_47_code": "or", "locale_id": "lang:001930", "is_canonical": true}, {"name": "ਦਾਰਗਵਾ", "bcp_47_code": "pa", "locale_id": "lang:003658", "is_canonical": true}, {"name": "Dargwá Lángwej", "bcp_47_code": "pcm", "locale_id": "lang:002108", "is_canonical": true}, {"name": "dargwijski", "bcp_47_code": "pl", "locale_id": "lang:001433", "is_canonical": true}, {"name": "درگوا", "bcp_47_code": "ps", "locale_id": "lang:006281", "is_canonical": true}, {"name": "dargwa", "bcp_47_code": "pt", "locale_id": "lang:001977", "is_canonical": true}, {"name": "Dargwa Simi", "bcp_47_code": "qu", "locale_id": "lang:000991", "is_canonical": true}, {"name": "dargwa", "bcp_47_code": "rm", "locale_id": "lang:004318", "is_canonical": true}, {"name": "dargwa", "bcp_47_code": "ro", "locale_id": "lang:006592", "is_canonical": true}, {"name": "даргинский", "bcp_47_code": "ru", "locale_id": "lang:006745", "is_canonical": true}, {"name": "ᱰᱟᱨᱜᱣᱟ", "bcp_47_code": "sat", "locale_id": "lang:006025", "is_canonical": true}, {"name": "dargua", "bcp_47_code": "sc", "locale_id": "lang:000376", "is_canonical": true}, {"name": "ڊارگوا", "bcp_47_code": "sd", "locale_id": "lang:002987", "is_canonical": true}, {"name": "ඩාර්ග්වා", "bcp_47_code": "si", "locale_id": "lang:000326", "is_canonical": true}, {"name": "darginčina", "bcp_47_code": "sk", "locale_id": "lang:005464", "is_canonical": true}, {"name": "darginščina", "bcp_47_code": "sl", "locale_id": "lang:004352", "is_canonical": true}, {"name": "dargikielâ", "bcp_47_code": "smn", "locale_id": "lang:000203", "is_canonical": true}, {"name": "Dargwa", "bcp_47_code": "so", "locale_id": "lang:000435", "is_canonical": true}, {"name": "darguaisht", "bcp_47_code": "sq", "locale_id": "lang:006275", "is_canonical": true}, {"name": "даргински", "bcp_47_code": "sr", "locale_id": "lang:002701", "is_canonical": true}, {"name": "darginska", "bcp_47_code": "sv", "locale_id": "lang:004782", "is_canonical": true}, {"name": "Kidaragwa", "bcp_47_code": "sw", "locale_id": "lang:001597", "is_canonical": true}, {"name": "தார்குவா", "bcp_47_code": "ta", "locale_id": "lang:002996", "is_canonical": true}, {"name": "డార్గ్వా", "bcp_47_code": "te", "locale_id": "lang:000508", "is_canonical": true}, {"name": "ดาร์กิน", "bcp_47_code": "th", "locale_id": "lang:000248", "is_canonical": true}, {"name": "ዳርግዋ", "bcp_47_code": "ti", "locale_id": "lang:002196", "is_canonical": true}, {"name": "dargi dili", "bcp_47_code": "tk", "locale_id": "lang:002001", "is_canonical": true}, {"name": "lea fakatalakuā", "bcp_47_code": "to", "locale_id": "lang:006037", "is_canonical": true}, {"name": "Dargince", "bcp_47_code": "tr", "locale_id": "lang:000917", "is_canonical": true}, {"name": "دارگىۋاچە", "bcp_47_code": "ug", "locale_id": "lang:003330", "is_canonical": true}, {"name": "даргінська", "bcp_47_code": "uk", "locale_id": "lang:001994", "is_canonical": true}, {"name": "درگوا", "bcp_47_code": "ur", "locale_id": "lang:001103", "is_canonical": true}, {"name": "dargva", "bcp_47_code": "uz", "locale_id": "lang:003386", "is_canonical": true}, {"name": "tiếng Dargwa", "bcp_47_code": "vi", "locale_id": "lang:004523", "is_canonical": true}, {"name": "Èdè Dagiwa", "bcp_47_code": "yo", "locale_id": "lang:003132", "is_canonical": true}, {"name": "darigiwa", "bcp_47_code": "yrl", "locale_id": "lang:006863", "is_canonical": true}, {"name": "達爾格瓦文", "bcp_47_code": "yue", "locale_id": "lang:005108", "is_canonical": true}, {"name": "达尔格瓦语", "bcp_47_code": "cmn", "locale_id": "lang:004378", "is_canonical": true}, {"name": "isi-Dargwa", "bcp_47_code": "zu", "locale_id": "lang:007247", "is_canonical": true}, {"name": "Dargwa", "bcp_47_code": "af", "locale_id": "lang:006849", "is_canonical": null}, {"name": "االدراغينية", "bcp_47_code": "ar", "locale_id": "lang:000884", "is_canonical": null}, {"name": "ডাৰগ্যা", "bcp_47_code": "as", "locale_id": "lang:003208", "is_canonical": null}, {"name": "Dargin", "bcp_47_code": "az", "locale_id": "lang:000492", "is_canonical": null}, {"name": "darginsk", "bcp_47_code": "da", "locale_id": "lang:006478", "is_canonical": null}, {"name": "dargindarra", "bcp_47_code": "eu", "locale_id": "lang:004920", "is_canonical": null}, {"name": "Dargwa", "bcp_47_code": "gl", "locale_id": "lang:006921", "is_canonical": null}, {"name": "Darginisch", "bcp_47_code": "gsw", "locale_id": "lang:006414", "is_canonical": null}, {"name": "דרגינית", "bcp_47_code": "he", "locale_id": "lang:000780", "is_canonical": true}, {"name": "डार्गवा", "bcp_47_code": "hi", "locale_id": "lang:005010", "is_canonical": null}, {"name": "դարգվա", "bcp_47_code": "hy", "locale_id": "lang:006918", "is_canonical": null}, {"name": "Dargwa", "bcp_47_code": "in", "locale_id": "lang:005344", "is_canonical": true}, {"name": "dargwa", "bcp_47_code": "is", "locale_id": "lang:006417", "is_canonical": null}, {"name": "ダルグワ語（ロシア）", "bcp_47_code": "ja", "locale_id": "lang:005185", "is_canonical": null}, {"name": "Даргва", "bcp_47_code": "kk", "locale_id": "lang:001017", "is_canonical": null}, {"name": "ដាកវ៉ា", "bcp_47_code": "km", "locale_id": "lang:000690", "is_canonical": null}, {"name": "다르구아어", "bcp_47_code": "ko", "locale_id": "lang:000685", "is_canonical": null}, {"name": "Даргинче", "bcp_47_code": "ky", "locale_id": "lang:003193", "is_canonical": null}, {"name": "Dargwa", "bcp_47_code": "ln", "locale_id": "lang:005075", "is_canonical": true}, {"name": "dargva kalba", "bcp_47_code": "lt", "locale_id": "lang:000996", "is_canonical": null}, {"name": "dargva", "bcp_47_code": "lv", "locale_id": "lang:006606", "is_canonical": null}, {"name": "ദർഗ്വ", "bcp_47_code": "ml", "locale_id": "lang:001880", "is_canonical": null}, {"name": "Даргва", "bcp_47_code": "mn", "locale_id": "lang:005506", "is_canonical": null}, {"name": "Dargwa", "bcp_47_code": "mo", "locale_id": "lang:006592", "is_canonical": true}, {"name": "दारग्वा", "bcp_47_code": "mr", "locale_id": "lang:003376", "is_canonical": null}, {"name": "dargwa", "bcp_47_code": "nb", "locale_id": "lang:000958", "is_canonical": true}, {"name": "डार्गवा", "bcp_47_code": "ne", "locale_id": "lang:004630", "is_canonical": null}, {"name": "ଡାର୍ଗୱା", "bcp_47_code": "or", "locale_id": "lang:001930", "is_canonical": null}, {"name": "dargwa", "bcp_47_code": "pl", "locale_id": "lang:001433", "is_canonical": null}, {"name": "දර්ග්වා", "bcp_47_code": "si", "locale_id": "lang:000326", "is_canonical": null}, {"name": "Darginčina", "bcp_47_code": "sk", "locale_id": "lang:005464", "is_canonical": null}, {"name": "Darginisht", "bcp_47_code": "sq", "locale_id": "lang:006275", "is_canonical": null}, {"name": "даргва", "bcp_47_code": "sr", "locale_id": "lang:002701", "is_canonical": null}, {"name": "Kidargwa", "bcp_47_code": "sw", "locale_id": "lang:001597", "is_canonical": null}, {"name": "டார்குவா", "bcp_47_code": "ta", "locale_id": "lang:002996", "is_canonical": null}, {"name": "ดาร์กวา", "bcp_47_code": "th", "locale_id": "lang:000248", "is_canonical": null}, {"name": "Dargwa", "bcp_47_code": "tl", "locale_id": "lang:002540", "is_canonical": true}, {"name": "даргинська", "bcp_47_code": "uk", "locale_id": "lang:001994", "is_canonical": null}, {"name": "darg‘in", "bcp_47_code": "uz", "locale_id": "lang:003386", "is_canonical": null}, {"name": "达尔格瓦语（俄罗斯）", "bcp_47_code": "cmn", "locale_id": "lang:004378", "is_canonical": null}, {"name": "i-Dargwa", "bcp_47_code": "zu", "locale_id": "lang:007247", "is_canonical": null}, {"name": "dargweg", "bcp_47_code": "br", "locale_id": "lang:003643", "is_canonical": null}, {"name": "dargva lingvo", "bcp_47_code": "eo", "locale_id": "lang:001065", "is_canonical": null}, {"name": "زبان دارگوا", "bcp_47_code": "fa", "locale_id": "lang:005211", "is_canonical": null}, {"name": "dargin kieli", "bcp_47_code": "fi", "locale_id": "lang:005250", "is_canonical": null}, {"name": "ダルギン語", "bcp_47_code": "ja", "locale_id": "lang:005185", "is_canonical": null}, {"name": "დარგუული ენა", "bcp_47_code": "ka", "locale_id": "lang:005687", "is_canonical": null}, {"name": "Даргин кыв", "bcp_47_code": "kv", "locale_id": "lang:000812", "is_canonical": true}, {"name": "Даргин йылме", "bcp_47_code": "mhr", "locale_id": "lang:003056", "is_canonical": true}, {"name": "даргински јазик", "bcp_47_code": "mk", "locale_id": "lang:001683", "is_canonical": null}, {"name": "Bahasa Dargin", "bcp_47_code": "ms", "locale_id": "lang:001263", "is_canonical": null}, {"name": "Darginisch", "bcp_47_code": "nl", "locale_id": "lang:006448", "is_canonical": null}, {"name": "Lenga Dargwa", "bcp_47_code": "pms", "locale_id": "lang:003480", "is_canonical": true}, {"name": "língua dargínica", "bcp_47_code": "pt", "locale_id": "lang:001977", "is_canonical": null}, {"name": "limba darghină", "bcp_47_code": "ro", "locale_id": "lang:006592", "is_canonical": null}, {"name": "Darginščina", "bcp_47_code": "sl", "locale_id": "lang:004352", "is_canonical": null}, {"name": "даргінська мова", "bcp_47_code": "uk", "locale_id": "lang:001994", "is_canonical": null}, {"name": "darginsk", "bcp_47_code": "nb", "locale_id": "lang:000958", "is_canonical": null}, {"name": "dargwa", "bcp_47_code": "oc", "locale_id": "lang:003832", "is_canonical": true}, {"name": "Dargin dilləri", "bcp_47_code": "az", "locale_id": "lang:000492", "is_canonical": null}, {"name": "ДаьргӀойн меттанаш", "bcp_47_code": "ce", "locale_id": "lang:000120", "is_canonical": null}, {"name": "idioma dargine", "bcp_47_code": "es", "locale_id": "lang:005944", "is_canonical": null}, {"name": "دارگوا", "bcp_47_code": "lrc", "locale_id": "lang:001958", "is_canonical": true}, {"name": "達爾格瓦語", "bcp_47_code": "cmn", "locale_id": "lang:004378", "is_canonical": null}, {"name": "Dargińskŏ gŏdka", "bcp_47_code": "szl", "locale_id": "lang:002207", "is_canonical": true}, {"name": "Wikang Dargwa", "bcp_47_code": "tl", "locale_id": "lang:002540", "is_canonical": null}, {"name": "دارگوا دیل‌لری", "bcp_47_code": "azb", "locale_id": "lang:003109", "is_canonical": true}, {"name": "idioma darguin", "bcp_47_code": "ast", "locale_id": "lang:006965", "is_canonical": null}, {"name": "даргинский литературный язык", "bcp_47_code": "ru", "locale_id": "lang:006745", "is_canonical": null}, {"name": "Даргин мацІ", "bcp_47_code": "av", "locale_id": "lang:006230", "is_canonical": true}, {"name": "даргински језик", "bcp_47_code": "sr", "locale_id": "lang:002701", "is_canonical": null}, {"name": "لغة درغينية", "bcp_47_code": "ar", "locale_id": "lang:000884", "is_canonical": null}, {"name": "Адаргьын бызшәа", "bcp_47_code": "ab", "locale_id": "lang:006291", "is_canonical": null}, {"name": "lingua Darginensis Communis", "bcp_47_code": "la", "locale_id": "lang:016110", "is_canonical": true}, {"name": "даргин теле", "bcp_47_code": "tt", "locale_id": "lang:003939", "is_canonical": true}, {"name": "Tataramon na Dargwa", "bcp_47_code": "bcl", "locale_id": "lang:005135", "is_canonical": true}, {"name": "dargwa", "bcp_47_code": "vec", "locale_id": "lang:004329", "is_canonical": true}, {"name": "ντάργκουα", "bcp_47_code": "el", "locale_id": "lang:002331", "is_canonical": null}, {"name": "dargi keel", "bcp_47_code": "et", "locale_id": "lang:007279", "is_canonical": null}, {"name": "dargwa", "bcp_47_code": "hy", "locale_id": "lang:006918", "is_canonical": null}, {"name": "Dargin", "bcp_47_code": "en", "locale_id": "lang:004172", "is_canonical": null}, {"name": "Khjurkili", "bcp_47_code": "en", "locale_id": "lang:004172", "is_canonical": null}, {"name": "darguine", "bcp_47_code": "fr", "locale_id": "lang:002512", "is_canonical": null}, {"name": "dargua", "bcp_47_code": "it", "locale_id": "lang:005147", "is_canonical": null}, {"name": "dargva", "bcp_47_code": "it", "locale_id": "lang:005147", "is_canonical": null}, {"name": "lingua dargwa", "bcp_47_code": "it", "locale_id": "lang:005147", "is_canonical": null}, {"name": "lingua dargua", "bcp_47_code": "it", "locale_id": "lang:005147", "is_canonical": null}, {"name": "lingua dargva", "bcp_47_code": "it", "locale_id": "lang:005147", "is_canonical": null}, {"name": "達夸語", "bcp_47_code": "cmn", "locale_id": "lang:004378", "is_canonical": null}, {"name": "達誇語", "bcp_47_code": "cmn", "locale_id": "lang:004378", "is_canonical": null}, {"name": "ДаьргӀойн литературан мотт", "bcp_47_code": "ce", "locale_id": "lang:000120", "is_canonical": null}, {"name": "Dargin dili", "bcp_47_code": "az", "locale_id": "lang:000492", "is_canonical": null}, {"name": "darguin", "bcp_47_code": "ca", "locale_id": "lang:000334", "is_canonical": null}, {"name": "литературный даргинский язык", "bcp_47_code": "ru", "locale_id": "lang:006745", "is_canonical": null}, {"name": "даргинский язык", "bcp_47_code": "ru", "locale_id": "lang:006745", "is_canonical": null}, {"name": "達爾金語", "bcp_47_code": "cmn", "locale_id": "lang:004378", "is_canonical": null}, {"name": "darginische Sprache", "bcp_47_code": "de", "locale_id": "lang:006636", "is_canonical": null}, {"name": "Dargiens", "bcp_47_code": "nl", "locale_id": "lang:006448", "is_canonical": null}, {"name": "даргинские языки", "bcp_47_code": "ru", "locale_id": "lang:006745", "is_canonical": null}, {"name": "Дарган", "bcp_47_code": "dar", "locale_id": "lang:000225", "is_canonical": true}]