[{"name": "Northern Thai", "bcp_47_code": "en", "locale_id": "lang:004172", "is_canonical": true}, {"name": "Noord-Thai", "bcp_47_code": "af", "locale_id": "lang:006849", "is_canonical": true}, {"name": "ሰሜናዊ ታይላንድ", "bcp_47_code": "am", "locale_id": "lang:000379", "is_canonical": true}, {"name": "التايلاندية الشمالية", "bcp_47_code": "ar", "locale_id": "lang:000884", "is_canonical": true}, {"name": "উত্তৰীয় থাই", "bcp_47_code": "as", "locale_id": "lang:003208", "is_canonical": true}, {"name": "Şimali Tay", "bcp_47_code": "az", "locale_id": "lang:000492", "is_canonical": true}, {"name": "паўночнатайская", "bcp_47_code": "be", "locale_id": "lang:004942", "is_canonical": true}, {"name": "северен тайландски", "bcp_47_code": "bg", "locale_id": "lang:003294", "is_canonical": true}, {"name": "নর্দান থাই", "bcp_47_code": "bn", "locale_id": "lang:000178", "is_canonical": true}, {"name": "sjeverni tajlandski", "bcp_47_code": "bs", "locale_id": "lang:005177", "is_canonical": true}, {"name": "tai septentrional", "bcp_47_code": "ca", "locale_id": "lang:000334", "is_canonical": true}, {"name": "severní thajština", "bcp_47_code": "cs", "locale_id": "lang:007371", "is_canonical": true}, {"name": "nordthai", "bcp_47_code": "da", "locale_id": "lang:006478", "is_canonical": true}, {"name": "Lanna", "bcp_47_code": "de", "locale_id": "lang:006636", "is_canonical": true}, {"name": "Βόρεια Ταϊλανδικά", "bcp_47_code": "el", "locale_id": "lang:002331", "is_canonical": true}, {"name": "tailandés septentrional", "bcp_47_code": "es", "locale_id": "lang:005944", "is_canonical": true}, {"name": "põhjatai", "bcp_47_code": "et", "locale_id": "lang:007279", "is_canonical": true}, {"name": "iparraldeko thailandiarra", "bcp_47_code": "eu", "locale_id": "lang:004920", "is_canonical": true}, {"name": "تایلندی", "bcp_47_code": "fa", "locale_id": "lang:005211", "is_canonical": true}, {"name": "pohjoisthai", "bcp_47_code": "fi", "locale_id": "lang:005250", "is_canonical": true}, {"name": "Northern Thai", "bcp_47_code": "fil", "locale_id": "lang:004854", "is_canonical": true}, {"name": "thaï du nord", "bcp_47_code": "fr", "locale_id": "lang:002512", "is_canonical": true}, {"name": "Tailandés do norte", "bcp_47_code": "gl", "locale_id": "lang:006921", "is_canonical": true}, {"name": "Lanna", "bcp_47_code": "gsw", "locale_id": "lang:006414", "is_canonical": true}, {"name": "ઉત્તરી થાઇ", "bcp_47_code": "gu", "locale_id": "lang:006797", "is_canonical": true}, {"name": "उत्तरी थाई", "bcp_47_code": "hi", "locale_id": "lang:005010", "is_canonical": true}, {"name": "sjevernotajlandski", "bcp_47_code": "hr", "locale_id": "lang:001280", "is_canonical": true}, {"name": "északi thai", "bcp_47_code": "hu", "locale_id": "lang:004445", "is_canonical": true}, {"name": "հյուսիսային թայերեն", "bcp_47_code": "hy", "locale_id": "lang:006918", "is_canonical": true}, {"name": "Thai Utara", "bcp_47_code": "id", "locale_id": "lang:005344", "is_canonical": true}, {"name": "Thai Utara", "bcp_47_code": "in", "locale_id": "lang:005344", "is_canonical": true}, {"name": "norður-taílenskt", "bcp_47_code": "is", "locale_id": "lang:006417", "is_canonical": true}, {"name": "tailandese settentrionale", "bcp_47_code": "it", "locale_id": "lang:005147", "is_canonical": true}, {"name": "תאית צפונית", "bcp_47_code": "he", "locale_id": "lang:000780", "is_canonical": true}, {"name": "北タイ語", "bcp_47_code": "ja", "locale_id": "lang:005185", "is_canonical": true}, {"name": "ჩრდილოეთის ტაი", "bcp_47_code": "ka", "locale_id": "lang:005687", "is_canonical": true}, {"name": "Солтүстік тай", "bcp_47_code": "kk", "locale_id": "lang:001017", "is_canonical": true}, {"name": "ថៃភាគខាងជើង", "bcp_47_code": "km", "locale_id": "lang:000690", "is_canonical": true}, {"name": "ಉತ್ತರ ಥಾಯ್", "bcp_47_code": "kn", "locale_id": "lang:006289", "is_canonical": true}, {"name": "북부 태국어", "bcp_47_code": "ko", "locale_id": "lang:000685", "is_canonical": true}, {"name": "Түндүк тайча", "bcp_47_code": "ky", "locale_id": "lang:003193", "is_canonical": true}, {"name": "Thaï du Nord", "bcp_47_code": "ln", "locale_id": "lang:005075", "is_canonical": true}, {"name": "ໄທເໜືອ", "bcp_47_code": "lo", "locale_id": "lang:002848", "is_canonical": true}, {"name": "šiaurės tajų kalba", "bcp_47_code": "lt", "locale_id": "lang:000996", "is_canonical": true}, {"name": "ziemeļtaju", "bcp_47_code": "lv", "locale_id": "lang:006606", "is_canonical": true}, {"name": "севернотајландски", "bcp_47_code": "mk", "locale_id": "lang:001683", "is_canonical": true}, {"name": "വടക്കന് തായ്", "bcp_47_code": "ml", "locale_id": "lang:001880", "is_canonical": true}, {"name": "Хойд Тайланд", "bcp_47_code": "mn", "locale_id": "lang:005506", "is_canonical": true}, {"name": "Thailandeză nordică", "bcp_47_code": "mo", "locale_id": "lang:006592", "is_canonical": true}, {"name": "उत्तर थाई", "bcp_47_code": "mr", "locale_id": "lang:003376", "is_canonical": true}, {"name": "Bahasa Thai Utara", "bcp_47_code": "ms", "locale_id": "lang:001263", "is_canonical": true}, {"name": "ထိုင်းမြောက်ပိုင်း", "bcp_47_code": "my", "locale_id": "lang:004196", "is_canonical": true}, {"name": "nord-thai", "bcp_47_code": "nb", "locale_id": "lang:000958", "is_canonical": true}, {"name": "उत्तरी थाई", "bcp_47_code": "ne", "locale_id": "lang:004630", "is_canonical": true}, {"name": "Noordelijk Thai", "bcp_47_code": "nl", "locale_id": "lang:006448", "is_canonical": true}, {"name": "nord-thai", "bcp_47_code": "no", "locale_id": "lang:002536", "is_canonical": true}, {"name": "ଉତ୍ତର ଥାଇ", "bcp_47_code": "or", "locale_id": "lang:001930", "is_canonical": true}, {"name": "ਉੱਤਰੀ ਥਾਈ", "bcp_47_code": "pa", "locale_id": "lang:003658", "is_canonical": true}, {"name": "tajski północny", "bcp_47_code": "pl", "locale_id": "lang:001433", "is_canonical": true}, {"name": "tailandês setentrional", "bcp_47_code": "pt", "locale_id": "lang:001977", "is_canonical": true}, {"name": "thailandeză nordică", "bcp_47_code": "ro", "locale_id": "lang:006592", "is_canonical": true}, {"name": "севернотайский", "bcp_47_code": "ru", "locale_id": "lang:006745", "is_canonical": true}, {"name": "උතුරු තායි", "bcp_47_code": "si", "locale_id": "lang:000326", "is_canonical": true}, {"name": "Severná thajčina", "bcp_47_code": "sk", "locale_id": "lang:005464", "is_canonical": true}, {"name": "severna tajščina", "bcp_47_code": "sl", "locale_id": "lang:004352", "is_canonical": true}, {"name": "Tajlandishte veriore", "bcp_47_code": "sq", "locale_id": "lang:006275", "is_canonical": true}, {"name": "севернотајска", "bcp_47_code": "sr", "locale_id": "lang:002701", "is_canonical": true}, {"name": "nordthai", "bcp_47_code": "sv", "locale_id": "lang:004782", "is_canonical": true}, {"name": "Tai Kaskazini", "bcp_47_code": "sw", "locale_id": "lang:001597", "is_canonical": true}, {"name": "வடக்கு தாய் மொழி", "bcp_47_code": "ta", "locale_id": "lang:002996", "is_canonical": true}, {"name": "ఉత్తర థాయ్", "bcp_47_code": "te", "locale_id": "lang:000508", "is_canonical": true}, {"name": "ไทยภาคเหนือ", "bcp_47_code": "th", "locale_id": "lang:000248", "is_canonical": true}, {"name": "Northern Thai", "bcp_47_code": "tl", "locale_id": "lang:002540", "is_canonical": true}, {"name": "Kuzey Tayca", "bcp_47_code": "tr", "locale_id": "lang:000917", "is_canonical": true}, {"name": "північнотайська", "bcp_47_code": "uk", "locale_id": "lang:001994", "is_canonical": true}, {"name": "شمالی تھائی", "bcp_47_code": "ur", "locale_id": "lang:001103", "is_canonical": true}, {"name": "shimoliy tay", "bcp_47_code": "uz", "locale_id": "lang:003386", "is_canonical": true}, {"name": "tiếng Bắc Thái", "bcp_47_code": "vi", "locale_id": "lang:004523", "is_canonical": true}, {"name": "北部泰语", "bcp_47_code": "cmn", "locale_id": "lang:004378", "is_canonical": true}, {"name": "isi-Northern Thai", "bcp_47_code": "zu", "locale_id": "lang:007247", "is_canonical": true}, {"name": "Lenga thai setentrional", "bcp_47_code": "pms", "locale_id": "lang:003480", "is_canonical": true}, {"name": "język północnotajski", "bcp_47_code": "pl", "locale_id": "lang:001433", "is_canonical": null}, {"name": "ຄຳເມືອງ", "bcp_47_code": "lo", "locale_id": "lang:002848", "is_canonical": null}, {"name": "idioma tailandés septentrional", "bcp_47_code": "es", "locale_id": "lang:005944", "is_canonical": null}, {"name": "ภาษาไทยถิ่นเหนือ", "bcp_47_code": "th", "locale_id": "lang:000248", "is_canonical": null}, {"name": "thailandese settentrionale", "bcp_47_code": "it", "locale_id": "lang:005147", "is_canonical": null}, {"name": "юан", "bcp_47_code": "ru", "locale_id": "lang:006745", "is_canonical": null}, {"name": "Кхам муан", "bcp_47_code": "kv", "locale_id": "lang:000812", "is_canonical": true}, {"name": "ᨣᩴᩤᨾᩮᩥᩬᨦ", "bcp_47_code": "nod", "locale_id": "lang:000140", "is_canonical": null}, {"name": "Kithai ya Kaskazini", "bcp_47_code": "sw", "locale_id": "lang:001597", "is_canonical": null}, {"name": "nord-taja lingvo", "bcp_47_code": "eo", "locale_id": "lang:001065", "is_canonical": true}, {"name": "北部泰語", "bcp_47_code": "cmn", "locale_id": "lang:004378", "is_canonical": null}, {"name": "idioma tai septentrional", "bcp_47_code": "ast", "locale_id": "lang:006965", "is_canonical": true}, {"name": "Wikang Hilagang Thai", "bcp_47_code": "tl", "locale_id": "lang:002540", "is_canonical": null}, {"name": "tailandès septentrional", "bcp_47_code": "ca", "locale_id": "lang:000334", "is_canonical": null}, {"name": "تايلانديه شماليه", "bcp_47_code": "arz", "locale_id": "lang:004060", "is_canonical": true}, {"name": "Basa Kammǔ-ang", "bcp_47_code": "jv", "locale_id": "lang:006418", "is_canonical": true}, {"name": "bahasa Thai Utara", "bcp_47_code": "id", "locale_id": "lang:005344", "is_canonical": null}, {"name": "tailandezo setentrionałe", "bcp_47_code": "vec", "locale_id": "lang:004329", "is_canonical": true}, {"name": "língua tai norte", "bcp_47_code": "pt", "locale_id": "lang:001977", "is_canonical": null}, {"name": "شمالی تھائی زبان", "bcp_47_code": "pnb", "locale_id": "lang:003334", "is_canonical": true}, {"name": "شمالی تھائی زبان", "bcp_47_code": "ur", "locale_id": "lang:001103", "is_canonical": null}, {"name": "زبان تایلندی شمالی", "bcp_47_code": "fa", "locale_id": "lang:005211", "is_canonical": null}, {"name": "ភាសាថៃខាងជើង", "bcp_47_code": "km", "locale_id": "lang:000690", "is_canonical": null}, {"name": "Báe̤k-buô Tái-guók-ngṳ̄", "bcp_47_code": "cdo", "locale_id": "lang:006481", "is_canonical": true}, {"name": "Lenga thai", "bcp_47_code": "pms", "locale_id": "lang:003480", "is_canonical": null}, {"name": "język kam muang", "bcp_47_code": "pl", "locale_id": "lang:001433", "is_canonical": null}, {"name": "ໂຍນ", "bcp_47_code": "lo", "locale_id": "lang:002848", "is_canonical": null}, {"name": "북부 타이어", "bcp_47_code": "ko", "locale_id": "lang:000685", "is_canonical": null}, {"name": "idioma tailandes septentrional", "bcp_47_code": "es", "locale_id": "lang:005944", "is_canonical": null}, {"name": "tailandes septentrional", "bcp_47_code": "es", "locale_id": "lang:005944", "is_canonical": null}, {"name": "คำเมือง", "bcp_47_code": "th", "locale_id": "lang:000248", "is_canonical": null}, {"name": "ภาษาล้านนา", "bcp_47_code": "th", "locale_id": "lang:000248", "is_canonical": null}, {"name": "ภาษาคำเมือง", "bcp_47_code": "th", "locale_id": "lang:000248", "is_canonical": null}, {"name": "ภาษาลานนา", "bcp_47_code": "th", "locale_id": "lang:000248", "is_canonical": null}, {"name": "ภาษาถิ่นเหนือ", "bcp_47_code": "th", "locale_id": "lang:000248", "is_canonical": null}, {"name": "ภาษากำเมือง", "bcp_47_code": "th", "locale_id": "lang:000248", "is_canonical": null}, {"name": "ภาษาถิ่นพายัพ", "bcp_47_code": "th", "locale_id": "lang:000248", "is_canonical": null}, {"name": "ภาษาเหนือ", "bcp_47_code": "th", "locale_id": "lang:000248", "is_canonical": null}, {"name": "กำเมือง", "bcp_47_code": "th", "locale_id": "lang:000248", "is_canonical": null}, {"name": "ภาษาถิ่นภาคพายัพ", "bcp_47_code": "th", "locale_id": "lang:000248", "is_canonical": null}, {"name": "ภาษาไทยวน", "bcp_47_code": "th", "locale_id": "lang:000248", "is_canonical": null}, {"name": "ไทยวน", "bcp_47_code": "th", "locale_id": "lang:000248", "is_canonical": null}, {"name": "ภาษาลาวเฉียง", "bcp_47_code": "th", "locale_id": "lang:000248", "is_canonical": null}, {"name": "ภาษาคำเฉียง", "bcp_47_code": "th", "locale_id": "lang:000248", "is_canonical": null}, {"name": "kham mueang", "bcp_47_code": "it", "locale_id": "lang:005147", "is_canonical": null}, {"name": "lingua thailandese settentrionale", "bcp_47_code": "it", "locale_id": "lang:005147", "is_canonical": null}, {"name": "lingua lanna", "bcp_47_code": "it", "locale_id": "lang:005147", "is_canonical": null}, {"name": "Lanna", "bcp_47_code": "en", "locale_id": "lang:004172", "is_canonical": null}, {"name": "Kam Meuang", "bcp_47_code": "en", "locale_id": "lang:004172", "is_canonical": null}, {"name": "Phayap", "bcp_47_code": "en", "locale_id": "lang:004172", "is_canonical": null}, {"name": "Lao Chiang", "bcp_47_code": "en", "locale_id": "lang:004172", "is_canonical": null}, {"name": "Kham Chiang", "bcp_47_code": "en", "locale_id": "lang:004172", "is_canonical": null}, {"name": "Tai Yuan", "bcp_47_code": "en", "locale_id": "lang:004172", "is_canonical": null}, {"name": "tailandès del nord", "bcp_47_code": "ca", "locale_id": "lang:000334", "is_canonical": null}, {"name": "bahasa Lanna", "bcp_47_code": "id", "locale_id": "lang:005344", "is_canonical": null}, {"name": "severnotajski jezik", "bcp_47_code": "sl", "locale_id": "lang:004352", "is_canonical": null}, {"name": "Noord-Thai", "bcp_47_code": "nl", "locale_id": "lang:006448", "is_canonical": null}, {"name": "ᨣᩴᩤᨾᩮᩬᩥᨦ", "bcp_47_code": "nod", "locale_id": "lang:000140", "is_canonical": true}, {"name": "กำเมือง", "bcp_47_code": "nod", "locale_id": "lang:000140", "is_canonical": null}]