[{"name": "Mbalanhu", "bcp_47_code": "en", "locale_id": "lang:004172", "is_canonical": true}, {"name": "Lenga Mbalanhu", "bcp_47_code": "pms", "locale_id": "lang:003480", "is_canonical": true}, {"name": "mbalanhu", "bcp_47_code": "fr", "locale_id": "lang:002512", "is_canonical": true}, {"name": "Kimbalanhu", "bcp_47_code": "sw", "locale_id": "lang:001597", "is_canonical": true}, {"name": "mbalanhua lingvo", "bcp_47_code": "eo", "locale_id": "lang:001065", "is_canonical": true}, {"name": "Central Wambo", "bcp_47_code": "en", "locale_id": "lang:004172", "is_canonical": true}]