[{"name": "Futuna-Aniwa", "bcp_47_code": "en", "locale_id": "lang:004172", "is_canonical": true}, {"name": "Lenga Futuna-Aniwa", "bcp_47_code": "pms", "locale_id": "lang:003480", "is_canonical": true}, {"name": "futuna-aniwa", "bcp_47_code": "fr", "locale_id": "lang:002512", "is_canonical": true}, {"name": "футуно-анивански јазик", "bcp_47_code": "mk", "locale_id": "lang:001683", "is_canonical": true}, {"name": "futuna-aniva keel", "bcp_47_code": "et", "locale_id": "lang:007279", "is_canonical": true}, {"name": "Kifutuna-Aniwa", "bcp_47_code": "sw", "locale_id": "lang:001597", "is_canonical": true}, {"name": "フトゥナ・アニワ語", "bcp_47_code": "ja", "locale_id": "lang:005185", "is_canonical": true}, {"name": "Futuna-Aniwa", "bcp_47_code": "ilo", "locale_id": "lang:007408", "is_canonical": true}, {"name": "Futuna-Aniwa", "bcp_47_code": "nl", "locale_id": "lang:006448", "is_canonical": true}, {"name": "футуна-анива", "bcp_47_code": "ru", "locale_id": "lang:006745", "is_canonical": true}, {"name": "West Futunan", "bcp_47_code": "en", "locale_id": "lang:004172", "is_canonical": null}, {"name": "フツナ・アニワ語", "bcp_47_code": "ja", "locale_id": "lang:005185", "is_canonical": null}]