[{"name": "Kullu Pahari", "bcp_47_code": "en", "locale_id": "lang:004172", "is_canonical": true}, {"name": "Kullui", "bcp_47_code": "en", "locale_id": "lang:004172", "is_canonical": null}, {"name": "Lenga pahari kullu", "bcp_47_code": "pms", "locale_id": "lang:003480", "is_canonical": true}, {"name": "Kipahari ya Kullu", "bcp_47_code": "sw", "locale_id": "lang:001597", "is_canonical": true}, {"name": "クッルー・パハリー語", "bcp_47_code": "ja", "locale_id": "lang:005185", "is_canonical": true}, {"name": "ਕੁੱਲੂਈ", "bcp_47_code": "pa", "locale_id": "lang:003658", "is_canonical": true}, {"name": "কুলুবী ভাষা", "bcp_47_code": "bn", "locale_id": "lang:000178", "is_canonical": true}, {"name": "kullu keel", "bcp_47_code": "et", "locale_id": "lang:007279", "is_canonical": true}, {"name": "língua kullui", "bcp_47_code": "pt", "locale_id": "lang:001977", "is_canonical": true}, {"name": "कुलुई", "bcp_47_code": "hi", "locale_id": "lang:005010", "is_canonical": true}, {"name": "куллуи", "bcp_47_code": "ru", "locale_id": "lang:006745", "is_canonical": true}, {"name": "کلوئی", "bcp_47_code": "pnb", "locale_id": "lang:003334", "is_canonical": true}, {"name": "کلو", "bcp_47_code": "skr", "locale_id": "lang:006697", "is_canonical": true}, {"name": "کلو", "bcp_47_code": "ur", "locale_id": "lang:001103", "is_canonical": true}, {"name": "কুলূঈ ভাষা", "bcp_47_code": "as", "locale_id": "lang:003208", "is_canonical": true}, {"name": "Kullu", "bcp_47_code": "en", "locale_id": "lang:004172", "is_canonical": null}, {"name": "Kulluki", "bcp_47_code": "en", "locale_id": "lang:004172", "is_canonical": null}, {"name": "Kulvi", "bcp_47_code": "en", "locale_id": "lang:004172", "is_canonical": null}, {"name": "Kulu", "bcp_47_code": "en", "locale_id": "lang:004172", "is_canonical": null}, {"name": "ਕੁੱਲੂ ਪਹਾੜੀ", "bcp_47_code": "pa", "locale_id": "lang:003658", "is_canonical": null}, {"name": "ਕੁੱਲੂ ਭਾਸ਼ਾ", "bcp_47_code": "pa", "locale_id": "lang:003658", "is_canonical": null}, {"name": "कुलुई भाषा", "bcp_47_code": "hi", "locale_id": "lang:005010", "is_canonical": null}, {"name": "কুলূঈ", "bcp_47_code": "as", "locale_id": "lang:003208", "is_canonical": null}, {"name": "کلو پہاڑی", "bcp_47_code": "pnb", "locale_id": "lang:003334", "is_canonical": null}]