[{"name": "Ndam", "bcp_47_code": "en", "locale_id": "lang:004172", "is_canonical": true}, {"name": "Kindam", "bcp_47_code": "sw", "locale_id": "lang:001597", "is_canonical": true}, {"name": "Lenga Ndam", "bcp_47_code": "pms", "locale_id": "lang:003480", "is_canonical": true}, {"name": "ndameg", "bcp_47_code": "br", "locale_id": "lang:003643", "is_canonical": true}, {"name": "ndam jezik", "bcp_47_code": "hr", "locale_id": "lang:001280", "is_canonical": true}, {"name": "ndam", "bcp_47_code": "fr", "locale_id": "lang:002512", "is_canonical": true}, {"name": "ндамски јазик", "bcp_47_code": "mk", "locale_id": "lang:001683", "is_canonical": true}, {"name": "ンダム語", "bcp_47_code": "ja", "locale_id": "lang:005185", "is_canonical": true}, {"name": "língua ndam", "bcp_47_code": "pt", "locale_id": "lang:001977", "is_canonical": true}, {"name": "ندام", "bcp_47_code": "ar", "locale_id": "lang:000884", "is_canonical": true}]