[{"name": "Lapaguía-Guivini Zapotec", "bcp_47_code": "en", "locale_id": "lang:004172", "is_canonical": true}, {"name": "Lapaguía Zapotec", "bcp_47_code": "en", "locale_id": "lang:004172", "is_canonical": null}, {"name": "лапагия-гивинийский сапотекский язык", "bcp_47_code": "ru", "locale_id": "lang:006745", "is_canonical": true}, {"name": "zapotekeg santiago lapaguía", "bcp_47_code": "br", "locale_id": "lang:003643", "is_canonical": true}, {"name": "Santiago lapaguia Lenga zapotec", "bcp_47_code": "pms", "locale_id": "lang:003480", "is_canonical": true}, {"name": "Lapaguía Zapotec", "bcp_47_code": "sco", "locale_id": "lang:003876", "is_canonical": true}, {"name": "zapotèque de lapaguía-guivini", "bcp_47_code": "fr", "locale_id": "lang:002512", "is_canonical": true}, {"name": "Lapaguia Zapotec", "bcp_47_code": "en", "locale_id": "lang:004172", "is_canonical": null}, {"name": "Lapaguia-Guivini Zapotec", "bcp_47_code": "en", "locale_id": "lang:004172", "is_canonical": null}, {"name": "zapotèque de santiago lapaguía", "bcp_47_code": "fr", "locale_id": "lang:002512", "is_canonical": null}]