[{"name": "Nepali", "bcp_47_code": "en", "locale_id": "lang:004172", "is_canonical": true}, {"name": "尼泊尔语", "bcp_47_code": "cmn", "locale_id": "lang:004378", "is_canonical": true}, {"name": "བལ་པོའི་སྐད།", "bcp_47_code": "bo", "locale_id": "lang:002395", "is_canonical": true}, {"name": "nepalera", "bcp_47_code": "eu", "locale_id": "lang:004920", "is_canonical": true}, {"name": "język nepalski", "bcp_47_code": "pl", "locale_id": "lang:001433", "is_canonical": true}, {"name": "Nipali simi", "bcp_47_code": "qu", "locale_id": "lang:000991", "is_canonical": true}, {"name": "Nepali", "bcp_47_code": "gd", "locale_id": "lang:005113", "is_canonical": true}, {"name": "Vahnizbozwj", "bcp_47_code": "za", "locale_id": "lang:004623", "is_canonical": true}, {"name": "nepalí", "bcp_47_code": "es", "locale_id": "lang:005944", "is_canonical": true}, {"name": "நேபாளி மொழி", "bcp_47_code": "ta", "locale_id": "lang:002996", "is_canonical": true}, {"name": "Lengua nepaleise", "bcp_47_code": "lij", "locale_id": "lang:004453", "is_canonical": true}, {"name": "nepali keel", "bcp_47_code": "et", "locale_id": "lang:007279", "is_canonical": true}, {"name": "নেপালি ভাষা", "bcp_47_code": "bn", "locale_id": "lang:000178", "is_canonical": true}, {"name": "nepaleg", "bcp_47_code": "br", "locale_id": "lang:003643", "is_canonical": true}, {"name": "νεπαλεζική γλώσσα", "bcp_47_code": "el", "locale_id": "lang:002331", "is_canonical": true}, {"name": "An Neipeailis", "bcp_47_code": "ga", "locale_id": "lang:005513", "is_canonical": true}, {"name": "نیپالی", "bcp_47_code": "pnb", "locale_id": "lang:003334", "is_canonical": true}, {"name": "Nepalees", "bcp_47_code": "nl", "locale_id": "lang:006448", "is_canonical": true}, {"name": "nepali", "bcp_47_code": "sv", "locale_id": "lang:004782", "is_canonical": true}, {"name": "النيبالية", "bcp_47_code": "ar", "locale_id": "lang:000884", "is_canonical": true}, {"name": "língua nepali", "bcp_47_code": "pt", "locale_id": "lang:001977", "is_canonical": true}, {"name": "nepala lingvo", "bcp_47_code": "eo", "locale_id": "lang:001065", "is_canonical": true}, {"name": "nepalska", "bcp_47_code": "is", "locale_id": "lang:006417", "is_canonical": true}, {"name": "खेँ भाषा", "bcp_47_code": "new", "locale_id": "lang:004118", "is_canonical": true}, {"name": "непальский язык", "bcp_47_code": "ru", "locale_id": "lang:006745", "is_canonical": true}, {"name": "непалски језик", "bcp_47_code": "sr", "locale_id": "lang:002701", "is_canonical": true}, {"name": "Nepali", "bcp_47_code": "tr", "locale_id": "lang:000917", "is_canonical": true}, {"name": "непалски јазик", "bcp_47_code": "mk", "locale_id": "lang:001683", "is_canonical": true}, {"name": "nepalin kieli", "bcp_47_code": "fi", "locale_id": "lang:005250", "is_canonical": true}, {"name": "непальська мова", "bcp_47_code": "uk", "locale_id": "lang:001994", "is_canonical": true}, {"name": "nepali", "bcp_47_code": "nn", "locale_id": "lang:005019", "is_canonical": true}, {"name": "nepalana linguo", "bcp_47_code": "io", "locale_id": "lang:009754", "is_canonical": true}, {"name": "Nepal leid", "bcp_47_code": "sco", "locale_id": "lang:003876", "is_canonical": true}, {"name": "Непали", "bcp_47_code": "kv", "locale_id": "lang:000812", "is_canonical": true}, {"name": "नेपाली भाषा", "bcp_47_code": "ne", "locale_id": "lang:004630", "is_canonical": true}, {"name": "nepalski jezik", "bcp_47_code": "hr", "locale_id": "lang:001280", "is_canonical": true}, {"name": "Nepal dili", "bcp_47_code": "az", "locale_id": "lang:000492", "is_canonical": true}, {"name": "নেপালি ঠার", "bcp_47_code": "bpy", "locale_id": "lang:004746", "is_canonical": true}, {"name": "nepalesisk", "bcp_47_code": "da", "locale_id": "lang:006478", "is_canonical": true}, {"name": "Lenga nepali", "bcp_47_code": "pms", "locale_id": "lang:003480", "is_canonical": true}, {"name": "népalais", "bcp_47_code": "fr", "locale_id": "lang:002512", "is_canonical": true}, {"name": "네팔어", "bcp_47_code": "ko", "locale_id": "lang:000685", "is_canonical": true}, {"name": "نېپال تىلى", "bcp_47_code": "ug", "locale_id": "lang:003330", "is_canonical": true}, {"name": "nepāliešu valoda", "bcp_47_code": "lv", "locale_id": "lang:006606", "is_canonical": true}, {"name": "nepalese", "bcp_47_code": "it", "locale_id": "lang:005147", "is_canonical": true}, {"name": "Nepali bhasa", "bcp_47_code": "hif", "locale_id": "lang:004553", "is_canonical": true}, {"name": "Nepali", "bcp_47_code": "de", "locale_id": "lang:006636", "is_canonical": true}, {"name": "bahasa Nepali", "bcp_47_code": "id", "locale_id": "lang:005344", "is_canonical": true}, {"name": "ネパール語", "bcp_47_code": "ja", "locale_id": "lang:005185", "is_canonical": true}, {"name": "നേപ്പാളി ഭാഷ", "bcp_47_code": "ml", "locale_id": "lang:001880", "is_canonical": true}, {"name": "tiếng Nepal", "bcp_47_code": "vi", "locale_id": "lang:004523", "is_canonical": true}, {"name": "nepalski jezik", "bcp_47_code": "sh", "locale_id": "lang:003245", "is_canonical": true}, {"name": "नेपाली भाषा", "bcp_47_code": "sa", "locale_id": "lang:012325", "is_canonical": true}, {"name": "नेपाली भाषा", "bcp_47_code": "hi", "locale_id": "lang:005010", "is_canonical": true}, {"name": "забони непалӣ", "bcp_47_code": "tg", "locale_id": "lang:002532", "is_canonical": true}, {"name": "limba nepaleză", "bcp_47_code": "ro", "locale_id": "lang:006592", "is_canonical": true}, {"name": "ภาษาเนปาล", "bcp_47_code": "th", "locale_id": "lang:000248", "is_canonical": true}, {"name": "nepalès", "bcp_47_code": "ca", "locale_id": "lang:000334", "is_canonical": true}, {"name": "lingua Nepalensis", "bcp_47_code": "la", "locale_id": "lang:016110", "is_canonical": true}, {"name": "Nepaleg", "bcp_47_code": "cy", "locale_id": "lang:005257", "is_canonical": true}, {"name": "nepalščina", "bcp_47_code": "sl", "locale_id": "lang:004352", "is_canonical": true}, {"name": "nepálština", "bcp_47_code": "cs", "locale_id": "lang:007371", "is_canonical": true}, {"name": "زبان نپالی", "bcp_47_code": "fa", "locale_id": "lang:005211", "is_canonical": true}, {"name": "непалски език", "bcp_47_code": "bg", "locale_id": "lang:003294", "is_canonical": true}, {"name": "నేపాలీ భాష", "bcp_47_code": "te", "locale_id": "lang:000508", "is_canonical": true}, {"name": "nepalų kalba", "bcp_47_code": "lt", "locale_id": "lang:000996", "is_canonical": true}, {"name": "nepali", "bcp_47_code": "nb", "locale_id": "lang:000958", "is_canonical": true}, {"name": "ନେପାଳୀ ଭାଷା", "bcp_47_code": "or", "locale_id": "lang:001930", "is_canonical": true}, {"name": "નેપાળી ભાષા", "bcp_47_code": "gu", "locale_id": "lang:006797", "is_canonical": true}, {"name": "Nepali ñe'ẽ", "bcp_47_code": "gn", "locale_id": "lang:003909", "is_canonical": true}, {"name": "Lingua nepalesa", "bcp_47_code": "gl", "locale_id": "lang:006921", "is_canonical": true}, {"name": "Nepali", "bcp_47_code": "af", "locale_id": "lang:006849", "is_canonical": true}, {"name": "непальская мова", "bcp_47_code": "be", "locale_id": "lang:004942", "is_canonical": true}, {"name": "נעפאליש", "bcp_47_code": "yi", "locale_id": "lang:002081", "is_canonical": true}, {"name": "нэпальская мова", "bcp_47_code": "be", "locale_id": "lang:004942", "is_canonical": null}, {"name": "Непалийн мотт", "bcp_47_code": "ce", "locale_id": "lang:000120", "is_canonical": true}, {"name": "尼泊爾語", "bcp_47_code": "cmn", "locale_id": "lang:004378", "is_canonical": null}, {"name": "ਨੇਪਾਲੀ", "bcp_47_code": "pa", "locale_id": "lang:003658", "is_canonical": true}, {"name": "nepal tili", "bcp_47_code": "uz", "locale_id": "lang:003386", "is_canonical": true}, {"name": "nipalisi", "bcp_47_code": "scn", "locale_id": "lang:002425", "is_canonical": true}, {"name": "नेपाली भाषा", "bcp_47_code": "mai", "locale_id": "lang:005797", "is_canonical": true}, {"name": "尼泊爾文", "bcp_47_code": "yue", "locale_id": "lang:005108", "is_canonical": true}, {"name": "ნეპალური ნინა", "bcp_47_code": "xmf", "locale_id": "lang:002772", "is_canonical": true}, {"name": "Nì-phok-ngì-ngî", "bcp_47_code": "hak", "locale_id": "lang:002711", "is_canonical": true}, {"name": "Непал тили", "bcp_47_code": "ky", "locale_id": "lang:003193", "is_canonical": true}, {"name": "նեպալերեն", "bcp_47_code": "hy", "locale_id": "lang:006918", "is_canonical": true}, {"name": "Kinepali", "bcp_47_code": "sw", "locale_id": "lang:001597", "is_canonical": true}, {"name": "ನೇಪಾಳಿ ಭಾಷೆ", "bcp_47_code": "kn", "locale_id": "lang:006289", "is_canonical": true}, {"name": "nepáli", "bcp_47_code": "hu", "locale_id": "lang:004445", "is_canonical": true}, {"name": "ნეპალური ენა", "bcp_47_code": "ka", "locale_id": "lang:005687", "is_canonical": true}, {"name": "नेपाली भाषा", "bcp_47_code": "bho", "locale_id": "lang:005201", "is_canonical": true}, {"name": "Nepali", "bcp_47_code": "km", "locale_id": "lang:000690", "is_canonical": true}, {"name": "נפאלית", "bcp_47_code": "he", "locale_id": "lang:000780", "is_canonical": true}, {"name": "Nepalki", "bcp_47_code": "diq", "locale_id": "lang:003839", "is_canonical": true}, {"name": "Nepali", "bcp_47_code": "mt", "locale_id": "lang:004371", "is_canonical": true}, {"name": "نیپالی", "bcp_47_code": "ur", "locale_id": "lang:001103", "is_canonical": true}, {"name": "नेपाली", "bcp_47_code": "dty", "locale_id": "lang:006228", "is_canonical": true}, {"name": "النيپالي", "bcp_47_code": "aeb", "locale_id": "lang:006749", "is_canonical": true}, {"name": "непал теле", "bcp_47_code": "tt", "locale_id": "lang:003939", "is_canonical": true}, {"name": "nepali", "bcp_47_code": "lfn", "locale_id": null, "is_canonical": true}, {"name": "idioma nepalés", "bcp_47_code": "ast", "locale_id": "lang:006965", "is_canonical": true}, {"name": "نپال دیلی", "bcp_47_code": "azb", "locale_id": "lang:003109", "is_canonical": true}, {"name": "Nepali", "bcp_47_code": "bar", "locale_id": "lang:002296", "is_canonical": true}, {"name": "নেপালী ভাষা", "bcp_47_code": "as", "locale_id": "lang:003208", "is_canonical": true}, {"name": "ኔፓልኛ", "bcp_47_code": "am", "locale_id": "lang:000379", "is_canonical": true}, {"name": "Wikang Nepali", "bcp_47_code": "tl", "locale_id": "lang:002540", "is_canonical": true}, {"name": "Nepal-gí", "bcp_47_code": "nan", "locale_id": "lang:001296", "is_canonical": true}, {"name": "ᱱᱮᱯᱟᱞᱤ ᱯᱟ.ᱨᱥᱤ", "bcp_47_code": "sat", "locale_id": "lang:006025", "is_canonical": true}, {"name": "Непал теле", "bcp_47_code": "ba", "locale_id": "lang:003847", "is_canonical": true}, {"name": "Gjuha nepaleze", "bcp_47_code": "sq", "locale_id": "lang:006275", "is_canonical": true}, {"name": "尼泊尔语", "bcp_47_code": "wuu", "locale_id": "lang:006830", "is_canonical": true}, {"name": "nepalés", "bcp_47_code": "oc", "locale_id": "lang:003832", "is_canonical": true}, {"name": "النيباليه", "bcp_47_code": "arz", "locale_id": "lang:004060", "is_canonical": true}, {"name": "नेपाली भाषा", "bcp_47_code": "awa", "locale_id": "lang:001898", "is_canonical": true}, {"name": "Fiteny nepaley", "bcp_47_code": "mg", "locale_id": "lang:001318", "is_canonical": true}, {"name": "النيپًالية", "bcp_47_code": "ary", "locale_id": "lang:001493", "is_canonical": true}, {"name": "Bahasa Nepal", "bcp_47_code": "ms", "locale_id": "lang:001263", "is_canonical": true}, {"name": "Basa Népali", "bcp_47_code": "su", "locale_id": "lang:000207", "is_canonical": true}, {"name": "nepálčina", "bcp_47_code": "sk", "locale_id": "lang:005464", "is_canonical": true}, {"name": "nepałezo", "bcp_47_code": "vec", "locale_id": "lang:004329", "is_canonical": true}, {"name": "نيپالي ٻولي", "bcp_47_code": "sd", "locale_id": "lang:002987", "is_canonical": true}, {"name": "Nepali tili", "bcp_47_code": "crh", "locale_id": "lang:002905", "is_canonical": true}, {"name": "nepalǩiõll", "bcp_47_code": "sms", "locale_id": "lang:001931", "is_canonical": true}, {"name": "nepalkielâ", "bcp_47_code": "smn", "locale_id": "lang:000203", "is_canonical": true}, {"name": "نؠپٲلؠ زَبان", "bcp_47_code": "ks", "locale_id": "lang:004361", "is_canonical": true}, {"name": "نيپالي ژبه", "bcp_47_code": "ps", "locale_id": "lang:006281", "is_canonical": true}, {"name": "toki Nepalu", "bcp_47_code": "tok", "locale_id": null, "is_canonical": true}, {"name": "زمانی نیپاڵی", "bcp_47_code": "ckb", "locale_id": "lang:002255", "is_canonical": true}, {"name": "नेपाली भाषा", "bcp_47_code": "anp", "locale_id": "lang:007347", "is_canonical": true}, {"name": "نپالی", "bcp_47_code": "mzn", "locale_id": "lang:005912", "is_canonical": true}, {"name": "නේපාලි භාෂාව", "bcp_47_code": "si", "locale_id": "lang:000326", "is_canonical": true}, {"name": "尼泊爾文", "bcp_47_code": "cmn", "locale_id": "lang:004378", "is_canonical": null}, {"name": "卡斯庫拉語", "bcp_47_code": "cmn", "locale_id": "lang:004378", "is_canonical": null}, {"name": "nepal bhasa", "bcp_47_code": "eu", "locale_id": "lang:004920", "is_canonical": null}, {"name": "język nepali", "bcp_47_code": "pl", "locale_id": "lang:001433", "is_canonical": null}, {"name": "Nepali simi", "bcp_47_code": "qu", "locale_id": "lang:000991", "is_canonical": null}, {"name": "nepalés", "bcp_47_code": "es", "locale_id": "lang:005944", "is_canonical": null}, {"name": "idioma nepalí", "bcp_47_code": "es", "locale_id": "lang:005944", "is_canonical": null}, {"name": "lenguas nepalíes", "bcp_47_code": "es", "locale_id": "lang:005944", "is_canonical": null}, {"name": "idioma nepalés", "bcp_47_code": "es", "locale_id": "lang:005944", "is_canonical": null}, {"name": "lengua nepalesa", "bcp_47_code": "es", "locale_id": "lang:005944", "is_canonical": null}, {"name": "lengua nepalí", "bcp_47_code": "es", "locale_id": "lang:005944", "is_canonical": null}, {"name": "nepali", "bcp_47_code": "es", "locale_id": "lang:005944", "is_canonical": null}, {"name": "nepales", "bcp_47_code": "es", "locale_id": "lang:005944", "is_canonical": null}, {"name": "idioma nepali", "bcp_47_code": "es", "locale_id": "lang:005944", "is_canonical": null}, {"name": "lenguas nepalies", "bcp_47_code": "es", "locale_id": "lang:005944", "is_canonical": null}, {"name": "idioma nepales", "bcp_47_code": "es", "locale_id": "lang:005944", "is_canonical": null}, {"name": "lengua nepali", "bcp_47_code": "es", "locale_id": "lang:005944", "is_canonical": null}, {"name": "நேபாள மொழி", "bcp_47_code": "ta", "locale_id": "lang:002996", "is_canonical": null}, {"name": "நேப்பாளி", "bcp_47_code": "ta", "locale_id": "lang:002996", "is_canonical": null}, {"name": "நேபாளி", "bcp_47_code": "ta", "locale_id": "lang:002996", "is_canonical": null}, {"name": "nepaali keel", "bcp_47_code": "et", "locale_id": "lang:007279", "is_canonical": null}, {"name": "नेपाली", "bcp_47_code": "bn", "locale_id": "lang:000178", "is_canonical": null}, {"name": "Νεπαλέζικα", "bcp_47_code": "el", "locale_id": "lang:002331", "is_canonical": null}, {"name": "Neipeailis", "bcp_47_code": "ga", "locale_id": "lang:005513", "is_canonical": null}, {"name": "naipali", "bcp_47_code": "sv", "locale_id": "lang:004782", "is_canonical": null}, {"name": "gorkhali", "bcp_47_code": "sv", "locale_id": "lang:004782", "is_canonical": null}, {"name": "nepalesiska", "bcp_47_code": "sv", "locale_id": "lang:004782", "is_canonical": null}, {"name": "nepaliska", "bcp_47_code": "sv", "locale_id": "lang:004782", "is_canonical": null}, {"name": "gurkhali", "bcp_47_code": "sv", "locale_id": "lang:004782", "is_canonical": null}, {"name": "khaskura", "bcp_47_code": "sv", "locale_id": "lang:004782", "is_canonical": null}, {"name": "khas-kura", "bcp_47_code": "sv", "locale_id": "lang:004782", "is_canonical": null}, {"name": "parbatiya", "bcp_47_code": "sv", "locale_id": "lang:004782", "is_canonical": null}, {"name": "نيباليه", "bcp_47_code": "ar", "locale_id": "lang:000884", "is_canonical": null}, {"name": "نيبالية", "bcp_47_code": "ar", "locale_id": "lang:000884", "is_canonical": null}, {"name": "nepalês", "bcp_47_code": "pt", "locale_id": "lang:001977", "is_canonical": null}, {"name": "língua nepalesa", "bcp_47_code": "pt", "locale_id": "lang:001977", "is_canonical": null}, {"name": "nepale", "bcp_47_code": "eo", "locale_id": "lang:001065", "is_canonical": null}, {"name": "nepala", "bcp_47_code": "eo", "locale_id": "lang:001065", "is_canonical": null}, {"name": "nepalia lingvo", "bcp_47_code": "eo", "locale_id": "lang:001065", "is_canonical": null}, {"name": "खें भाय", "bcp_47_code": "new", "locale_id": "lang:004118", "is_canonical": null}, {"name": "खें भाषा", "bcp_47_code": "new", "locale_id": "lang:004118", "is_canonical": null}, {"name": "язык непали", "bcp_47_code": "ru", "locale_id": "lang:006745", "is_canonical": null}, {"name": "непальский", "bcp_47_code": "ru", "locale_id": "lang:006745", "is_canonical": null}, {"name": "непали", "bcp_47_code": "ru", "locale_id": "lang:006745", "is_canonical": null}, {"name": "непалски", "bcp_47_code": "sr", "locale_id": "lang:002701", "is_canonical": null}, {"name": "Nepal dili", "bcp_47_code": "tr", "locale_id": "lang:000917", "is_canonical": null}, {"name": "непалська мова", "bcp_47_code": "uk", "locale_id": "lang:001994", "is_canonical": null}, {"name": "непалі", "bcp_47_code": "uk", "locale_id": "lang:001994", "is_canonical": null}, {"name": "gurkhali", "bcp_47_code": "nn", "locale_id": "lang:005019", "is_canonical": null}, {"name": "Nepali leid", "bcp_47_code": "sco", "locale_id": "lang:003876", "is_canonical": null}, {"name": "Непали кыв", "bcp_47_code": "kv", "locale_id": "lang:000812", "is_canonical": null}, {"name": "nepalski", "bcp_47_code": "hr", "locale_id": "lang:001280", "is_canonical": null}, {"name": "nepâlî", "bcp_47_code": "fr", "locale_id": "lang:002512", "is_canonical": null}, {"name": "népali", "bcp_47_code": "fr", "locale_id": "lang:002512", "is_canonical": null}, {"name": "gorkhali", "bcp_47_code": "fr", "locale_id": "lang:002512", "is_canonical": null}, {"name": "gourkhali", "bcp_47_code": "fr", "locale_id": "lang:002512", "is_canonical": null}, {"name": "gurkhali", "bcp_47_code": "fr", "locale_id": "lang:002512", "is_canonical": null}, {"name": "nepālī", "bcp_47_code": "fr", "locale_id": "lang:002512", "is_canonical": null}, {"name": "népâlais", "bcp_47_code": "fr", "locale_id": "lang:002512", "is_canonical": null}, {"name": "ne", "bcp_47_code": "fr", "locale_id": "lang:002512", "is_canonical": null}, {"name": "네팔 어", "bcp_47_code": "ko", "locale_id": "lang:000685", "is_canonical": null}, {"name": "Népal tili", "bcp_47_code": "ug", "locale_id": "lang:003330", "is_canonical": null}, {"name": "نېپالچە", "bcp_47_code": "ug", "locale_id": "lang:003330", "is_canonical": null}, {"name": "nepāļu valoda", "bcp_47_code": "lv", "locale_id": "lang:006606", "is_canonical": null}, {"name": "nepāli", "bcp_47_code": "lv", "locale_id": "lang:006606", "is_canonical": null}, {"name": "nepali", "bcp_47_code": "lv", "locale_id": "lang:006606", "is_canonical": null}, {"name": "nepālī", "bcp_47_code": "lv", "locale_id": "lang:006606", "is_canonical": null}, {"name": "lingua nepalese", "bcp_47_code": "it", "locale_id": "lang:005147", "is_canonical": null}, {"name": "nepali", "bcp_47_code": "it", "locale_id": "lang:005147", "is_canonical": null}, {"name": "lingua nepali", "bcp_47_code": "it", "locale_id": "lang:005147", "is_canonical": null}, {"name": "gorkhali", "bcp_47_code": "it", "locale_id": "lang:005147", "is_canonical": null}, {"name": "parbatiya", "bcp_47_code": "it", "locale_id": "lang:005147", "is_canonical": null}, {"name": "khaskura", "bcp_47_code": "it", "locale_id": "lang:005147", "is_canonical": null}, {"name": "Nepalesisch", "bcp_47_code": "de", "locale_id": "lang:006636", "is_canonical": null}, {"name": "nepalesische Sprache", "bcp_47_code": "de", "locale_id": "lang:006636", "is_canonical": null}, {"name": "नेपाली", "bcp_47_code": "sa", "locale_id": "lang:012325", "is_canonical": null}, {"name": "ภาษาเนปาลี", "bcp_47_code": "th", "locale_id": "lang:000248", "is_canonical": null}, {"name": "Nepalice", "bcp_47_code": "la", "locale_id": "lang:016110", "is_canonical": null}, {"name": "Ne", "bcp_47_code": "cy", "locale_id": "lang:005257", "is_canonical": null}, {"name": "Nep", "bcp_47_code": "cy", "locale_id": "lang:005257", "is_canonical": null}, {"name": "نپالی", "bcp_47_code": "fa", "locale_id": "lang:005211", "is_canonical": null}, {"name": "непали", "bcp_47_code": "bg", "locale_id": "lang:003294", "is_canonical": null}, {"name": "నేపాలీ", "bcp_47_code": "te", "locale_id": "lang:000508", "is_canonical": null}, {"name": "nepaliečių kalba", "bcp_47_code": "lt", "locale_id": "lang:000996", "is_canonical": null}, {"name": "નેપાળી", "bcp_47_code": "gu", "locale_id": "lang:006797", "is_canonical": null}, {"name": "Nepal", "bcp_47_code": "en", "locale_id": "lang:004172", "is_canonical": null}, {"name": "Nepalese", "bcp_47_code": "en", "locale_id": "lang:004172", "is_canonical": null}, {"name": "Ne", "bcp_47_code": "en", "locale_id": "lang:004172", "is_canonical": null}, {"name": "Nep", "bcp_47_code": "en", "locale_id": "lang:004172", "is_canonical": null}, {"name": "nepalsk", "bcp_47_code": "nb", "locale_id": "lang:000958", "is_canonical": null}, {"name": "nepalesisk språk", "bcp_47_code": "nb", "locale_id": "lang:000958", "is_canonical": null}, {"name": "gurkhali", "bcp_47_code": "nb", "locale_id": "lang:000958", "is_canonical": null}, {"name": "nepali språk", "bcp_47_code": "nb", "locale_id": "lang:000958", "is_canonical": null}, {"name": "nepalsk språk", "bcp_47_code": "nb", "locale_id": "lang:000958", "is_canonical": null}, {"name": "nepalesisk", "bcp_47_code": "nb", "locale_id": "lang:000958", "is_canonical": null}, {"name": "lingua nipalisi", "bcp_47_code": "scn", "locale_id": "lang:002425", "is_canonical": null}, {"name": "nepalisi", "bcp_47_code": "scn", "locale_id": "lang:002425", "is_canonical": null}, {"name": "lingua nepalisi", "bcp_47_code": "scn", "locale_id": "lang:002425", "is_canonical": null}, {"name": "नेपाली", "bcp_47_code": "bho", "locale_id": "lang:005201", "is_canonical": null}, {"name": "نیپالی زبان", "bcp_47_code": "ur", "locale_id": "lang:001103", "is_canonical": null}, {"name": "nepaleză", "bcp_47_code": "ro", "locale_id": "lang:006592", "is_canonical": null}, {"name": "nepaleza", "bcp_47_code": "ro", "locale_id": "lang:006592", "is_canonical": null}, {"name": "limba nepală", "bcp_47_code": "ro", "locale_id": "lang:006592", "is_canonical": null}, {"name": "nepală", "bcp_47_code": "ro", "locale_id": "lang:006592", "is_canonical": null}, {"name": "nepala", "bcp_47_code": "ro", "locale_id": "lang:006592", "is_canonical": null}, {"name": "ਨੇਪਾਲ", "bcp_47_code": "pa", "locale_id": "lang:003658", "is_canonical": null}, {"name": "ਨੇਪਾਲੀ ਭਾਸ਼ਾ", "bcp_47_code": "pa", "locale_id": "lang:003658", "is_canonical": null}, {"name": "Nepalščina", "bcp_47_code": "sl", "locale_id": "lang:004352", "is_canonical": null}, {"name": "Νεπαλεζική γλώσσα", "bcp_47_code": "el", "locale_id": "lang:002331", "is_canonical": null}, {"name": "নেপাল ভাষা", "bcp_47_code": "bn", "locale_id": "lang:000178", "is_canonical": null}, {"name": "नेपाली", "bcp_47_code": "npi", "locale_id": "lang:000373", "is_canonical": true}, {"name": "Nepali", "bcp_47_code": "npi", "locale_id": "lang:000373", "is_canonical": null}, {"name": "Nepali (individual language)", "bcp_47_code": "en", "locale_id": "lang:004172", "is_canonical": true}]