[{"name": "Southern Haida", "bcp_47_code": "en", "locale_id": "lang:004172", "is_canonical": true}, {"name": "Suid-Haida", "bcp_47_code": "af", "locale_id": "lang:006849", "is_canonical": true}, {"name": "ደቡባዊ ሃይዳ", "bcp_47_code": "am", "locale_id": "lang:000379", "is_canonical": true}, {"name": "هايدا الجنوبية", "bcp_47_code": "ar", "locale_id": "lang:000884", "is_canonical": true}, {"name": "দাক্ষিণাত্যৰ হাইডা", "bcp_47_code": "as", "locale_id": "lang:003208", "is_canonical": true}, {"name": "cənubi haida", "bcp_47_code": "az", "locale_id": "lang:000492", "is_canonical": true}, {"name": "паўднёвая хайда", "bcp_47_code": "be", "locale_id": "lang:004942", "is_canonical": true}, {"name": "южен хайда", "bcp_47_code": "bg", "locale_id": "lang:003294", "is_canonical": true}, {"name": "দক্ষিণী হায়দা", "bcp_47_code": "bn", "locale_id": "lang:000178", "is_canonical": true}, {"name": "haideg ar su", "bcp_47_code": "br", "locale_id": "lang:003643", "is_canonical": true}, {"name": "खोलायारि हाईडा", "bcp_47_code": "brx", "locale_id": "lang:003716", "is_canonical": true}, {"name": "južni haida", "bcp_47_code": "bs", "locale_id": "lang:005177", "is_canonical": true}, {"name": "haida meridional", "bcp_47_code": "ca", "locale_id": "lang:000334", "is_canonical": true}, {"name": "ᏧᎦᏃᏮ ᏗᏜ ᎭᏱᏓ", "bcp_47_code": "chr", "locale_id": "lang:004490", "is_canonical": true}, {"name": "haidština", "bcp_47_code": "cs", "locale_id": "lang:007371", "is_canonical": true}, {"name": "Haida Deheuol", "bcp_47_code": "cy", "locale_id": "lang:005257", "is_canonical": true}, {"name": "sydhaida", "bcp_47_code": "da", "locale_id": "lang:006478", "is_canonical": true}, {"name": "Süd-Haida", "bcp_47_code": "de", "locale_id": "lang:006636", "is_canonical": true}, {"name": "pódpołdnjowa haidašćina", "bcp_47_code": "dsb", "locale_id": "lang:007093", "is_canonical": true}, {"name": "Βόρεια Χάιντα", "bcp_47_code": "el", "locale_id": "lang:002331", "is_canonical": true}, {"name": "sud-haida", "bcp_47_code": "eo", "locale_id": "lang:001065", "is_canonical": true}, {"name": "haida meridional", "bcp_47_code": "es", "locale_id": "lang:005944", "is_canonical": true}, {"name": "lõunahaida", "bcp_47_code": "et", "locale_id": "lang:007279", "is_canonical": true}, {"name": "hegoaldeko haidera", "bcp_47_code": "eu", "locale_id": "lang:004920", "is_canonical": true}, {"name": "هایدا جنوبی", "bcp_47_code": "fa", "locale_id": "lang:005211", "is_canonical": true}, {"name": "haida", "bcp_47_code": "fi", "locale_id": "lang:005250", "is_canonical": true}, {"name": "Katimugang Haida", "bcp_47_code": "fil", "locale_id": "lang:004854", "is_canonical": true}, {"name": "haïda du sud", "bcp_47_code": "fr", "locale_id": "lang:002512", "is_canonical": true}, {"name": "Haídis an Deiscirt", "bcp_47_code": "ga", "locale_id": "lang:005513", "is_canonical": true}, {"name": "Haida Dheasach", "bcp_47_code": "gd", "locale_id": "lang:005113", "is_canonical": true}, {"name": "haida do sur", "bcp_47_code": "gl", "locale_id": "lang:006921", "is_canonical": true}, {"name": "દક્ષિણ હૈડા", "bcp_47_code": "gu", "locale_id": "lang:006797", "is_canonical": true}, {"name": "Haida na Kudanci", "bcp_47_code": "ha", "locale_id": "lang:006769", "is_canonical": true}, {"name": "האידה דרומית", "bcp_47_code": "he", "locale_id": "lang:000780", "is_canonical": true}, {"name": "दक्षिणी हाइदा", "bcp_47_code": "hi", "locale_id": "lang:005010", "is_canonical": true}, {"name": "južni haida", "bcp_47_code": "hr", "locale_id": "lang:001280", "is_canonical": true}, {"name": "južna haidašćina", "bcp_47_code": "hsb", "locale_id": "lang:002868", "is_canonical": true}, {"name": "déli haida", "bcp_47_code": "hu", "locale_id": "lang:004445", "is_canonical": true}, {"name": "հարավային հայդա", "bcp_47_code": "hy", "locale_id": "lang:006918", "is_canonical": true}, {"name": "haida del sud", "bcp_47_code": "ia", "locale_id": "lang:008680", "is_canonical": true}, {"name": "Haida Selatan", "bcp_47_code": "id", "locale_id": "lang:005344", "is_canonical": true}, {"name": "Sọutarn Haida", "bcp_47_code": "ig", "locale_id": "lang:002832", "is_canonical": true}, {"name": "suður-haída", "bcp_47_code": "is", "locale_id": "lang:006417", "is_canonical": true}, {"name": "haida meridionale", "bcp_47_code": "it", "locale_id": "lang:005147", "is_canonical": true}, {"name": "南部ハイダ語", "bcp_47_code": "ja", "locale_id": "lang:005185", "is_canonical": true}, {"name": "Haida Sisih Kidul", "bcp_47_code": "jv", "locale_id": "lang:006418", "is_canonical": true}, {"name": "სამხრეთული ჰაიდა", "bcp_47_code": "ka", "locale_id": "lang:005687", "is_canonical": true}, {"name": "оңтүстік хайда тілі", "bcp_47_code": "kk", "locale_id": "lang:001017", "is_canonical": true}, {"name": "ហៃដាខាងត្បូង", "bcp_47_code": "km", "locale_id": "lang:000690", "is_canonical": true}, {"name": "ದಕ್ಷಿಣ ಹೈಡಾ", "bcp_47_code": "kn", "locale_id": "lang:006289", "is_canonical": true}, {"name": "남부 하이다어", "bcp_47_code": "ko", "locale_id": "lang:000685", "is_canonical": true}, {"name": "दक्षिणी हैदा", "bcp_47_code": "kok", "locale_id": "lang:001978", "is_canonical": true}, {"name": "хайдача", "bcp_47_code": "ky", "locale_id": "lang:003193", "is_canonical": true}, {"name": "haida do meridion", "bcp_47_code": "lij", "locale_id": "lang:004453", "is_canonical": true}, {"name": "ໄຮດາໃຕ້", "bcp_47_code": "lo", "locale_id": "lang:002848", "is_canonical": true}, {"name": "pietų haidos", "bcp_47_code": "lt", "locale_id": "lang:000996", "is_canonical": true}, {"name": "dienvidhaidu", "bcp_47_code": "lv", "locale_id": "lang:006606", "is_canonical": true}, {"name": "दक्षिणी हैदा", "bcp_47_code": "mai", "locale_id": "lang:005797", "is_canonical": true}, {"name": "Haira ki te Tonga", "bcp_47_code": "mi", "locale_id": "lang:005897", "is_canonical": true}, {"name": "јужен хајда", "bcp_47_code": "mk", "locale_id": "lang:001683", "is_canonical": true}, {"name": "സതേൺ ഹൈഡ", "bcp_47_code": "ml", "locale_id": "lang:001880", "is_canonical": true}, {"name": "өмнөд хайда", "bcp_47_code": "mn", "locale_id": "lang:005506", "is_canonical": true}, {"name": "दक्षिणात्य हैडा", "bcp_47_code": "mr", "locale_id": "lang:003376", "is_canonical": true}, {"name": "Haida Selatan", "bcp_47_code": "ms", "locale_id": "lang:001263", "is_canonical": true}, {"name": "တောင် ဟိုင်ဒါ", "bcp_47_code": "my", "locale_id": "lang:004196", "is_canonical": true}, {"name": "दक्षिणी हैडा", "bcp_47_code": "ne", "locale_id": "lang:004630", "is_canonical": true}, {"name": "Zuid-Haida", "bcp_47_code": "nl", "locale_id": "lang:006448", "is_canonical": true}, {"name": "sørleg haida", "bcp_47_code": "nn", "locale_id": "lang:005019", "is_canonical": true}, {"name": "sørlig haida", "bcp_47_code": "no", "locale_id": "lang:002536", "is_canonical": true}, {"name": "ସାଉଥ୍ ହାଇଡା", "bcp_47_code": "or", "locale_id": "lang:001930", "is_canonical": true}, {"name": "ਦੱਖਣੀ ਹਾਇਡਾ", "bcp_47_code": "pa", "locale_id": "lang:003658", "is_canonical": true}, {"name": "Saútán Haida", "bcp_47_code": "pcm", "locale_id": "lang:002108", "is_canonical": true}, {"name": "haida południowy", "bcp_47_code": "pl", "locale_id": "lang:001433", "is_canonical": true}, {"name": "جنوبي هایدا", "bcp_47_code": "ps", "locale_id": "lang:006281", "is_canonical": true}, {"name": "haida do sul", "bcp_47_code": "pt", "locale_id": "lang:001977", "is_canonical": true}, {"name": "Haida Meridional", "bcp_47_code": "qu", "locale_id": "lang:000991", "is_canonical": true}, {"name": "haida de sud", "bcp_47_code": "ro", "locale_id": "lang:006592", "is_canonical": true}, {"name": "южный хайда", "bcp_47_code": "ru", "locale_id": "lang:006745", "is_canonical": true}, {"name": "ᱠᱚᱸᱭᱮ ᱦᱟᱭᱤᱰᱟ", "bcp_47_code": "sat", "locale_id": "lang:006025", "is_canonical": true}, {"name": "haida meridionale", "bcp_47_code": "sc", "locale_id": "lang:000376", "is_canonical": true}, {"name": "ڏاکڻي ھائڊا", "bcp_47_code": "sd", "locale_id": "lang:002987", "is_canonical": true}, {"name": "දකුණු හයිඩා", "bcp_47_code": "si", "locale_id": "lang:000326", "is_canonical": true}, {"name": "haida", "bcp_47_code": "sk", "locale_id": "lang:005464", "is_canonical": true}, {"name": "južna haidščina", "bcp_47_code": "sl", "locale_id": "lang:004352", "is_canonical": true}, {"name": "Southern Haida", "bcp_47_code": "so", "locale_id": "lang:000435", "is_canonical": true}, {"name": "haidaishte jugore", "bcp_47_code": "sq", "locale_id": "lang:006275", "is_canonical": true}, {"name": "јужни хаида", "bcp_47_code": "sr", "locale_id": "lang:002701", "is_canonical": true}, {"name": "sydhaida", "bcp_47_code": "sv", "locale_id": "lang:004782", "is_canonical": true}, {"name": "Kihaida cha Kusini", "bcp_47_code": "sw", "locale_id": "lang:001597", "is_canonical": true}, {"name": "தெற்கு ஹைடா", "bcp_47_code": "ta", "locale_id": "lang:002996", "is_canonical": true}, {"name": "దక్షిణ హైదా", "bcp_47_code": "te", "locale_id": "lang:000508", "is_canonical": true}, {"name": "เฮดาใต้", "bcp_47_code": "th", "locale_id": "lang:000248", "is_canonical": true}, {"name": "ደቡባዊ ሃይዳ", "bcp_47_code": "ti", "locale_id": "lang:002196", "is_canonical": true}, {"name": "Günorta haýda dili", "bcp_47_code": "tk", "locale_id": "lang:002001", "is_canonical": true}, {"name": "lea fakahaita-tonga", "bcp_47_code": "to", "locale_id": "lang:006037", "is_canonical": true}, {"name": "Güney Haydaca", "bcp_47_code": "tr", "locale_id": "lang:000917", "is_canonical": true}, {"name": "південна гайда", "bcp_47_code": "uk", "locale_id": "lang:001994", "is_canonical": true}, {"name": "جنوبی ہائیڈا", "bcp_47_code": "ur", "locale_id": "lang:001103", "is_canonical": true}, {"name": "janubiy hayda", "bcp_47_code": "uz", "locale_id": "lang:003386", "is_canonical": true}, {"name": "tiếng Haida Miền Nam", "bcp_47_code": "vi", "locale_id": "lang:004523", "is_canonical": true}, {"name": "Èdè Gusu Haida", "bcp_47_code": "yo", "locale_id": "lang:003132", "is_canonical": true}, {"name": "南海達文", "bcp_47_code": "yue", "locale_id": "lang:005108", "is_canonical": true}, {"name": "南海达语", "bcp_47_code": "cmn", "locale_id": "lang:004378", "is_canonical": true}, {"name": "Southern Haida", "bcp_47_code": "zu", "locale_id": "lang:007247", "is_canonical": true}, {"name": "Lenga haida meridional", "bcp_47_code": "pms", "locale_id": "lang:003480", "is_canonical": true}, {"name": "lingua haida meridionale", "bcp_47_code": "it", "locale_id": "lang:005147", "is_canonical": null}, {"name": "северный хайда", "bcp_47_code": "ru", "locale_id": "lang:006745", "is_canonical": null}, {"name": "haida meridionałe", "bcp_47_code": "vec", "locale_id": "lang:004329", "is_canonical": true}, {"name": "Tafodiaith De Haida", "bcp_47_code": "cy", "locale_id": "lang:005257", "is_canonical": null}, {"name": "Southern Haida Dialect", "bcp_47_code": "en", "locale_id": "lang:004172", "is_canonical": null}, {"name": "haida méridional", "bcp_47_code": "fr", "locale_id": "lang:002512", "is_canonical": null}, {"name": "sudhaida lingvo", "bcp_47_code": "eo", "locale_id": "lang:001065", "is_canonical": null}]