[{"name": "Lopa", "bcp_47_code": "en", "locale_id": "lang:004172", "is_canonical": true}, {"name": "Kilopa", "bcp_47_code": "sw", "locale_id": "lang:001597", "is_canonical": true}, {"name": "Lenga Lopa", "bcp_47_code": "pms", "locale_id": "lang:003480", "is_canonical": true}, {"name": "lopaeg", "bcp_47_code": "br", "locale_id": "lang:003643", "is_canonical": true}, {"name": "Lopanci", "bcp_47_code": "ha", "locale_id": "lang:006769", "is_canonical": true}, {"name": "Lopa-gbe", "bcp_47_code": "guw", "locale_id": "lang:004602", "is_canonical": true}, {"name": "Lopa", "bcp_47_code": "ig", "locale_id": "lang:002832", "is_canonical": true}, {"name": "Asụsụ Lopa", "bcp_47_code": "ig", "locale_id": "lang:002832", "is_canonical": null}]