[{"name": "Temoaya Otomi", "bcp_47_code": "en", "locale_id": "lang:004172", "is_canonical": true}, {"name": "temoaya Lenga otomi", "bcp_47_code": "pms", "locale_id": "lang:003480", "is_canonical": true}, {"name": "темоаянский отоми", "bcp_47_code": "ru", "locale_id": "lang:006745", "is_canonical": true}, {"name": "otomí temoaya", "bcp_47_code": "ca", "locale_id": "lang:000334", "is_canonical": true}, {"name": "otomeg temoaya", "bcp_47_code": "br", "locale_id": "lang:003643", "is_canonical": true}, {"name": "otomi de temoaya", "bcp_47_code": "fr", "locale_id": "lang:002512", "is_canonical": true}, {"name": "otomí de temoaya", "bcp_47_code": "es", "locale_id": "lang:005944", "is_canonical": true}, {"name": "otomi temoaya", "bcp_47_code": "pt", "locale_id": "lang:001977", "is_canonical": true}]