[{"name": "Bauzi", "bcp_47_code": "en", "locale_id": "lang:004172", "is_canonical": true}, {"name": "baozieg", "bcp_47_code": "br", "locale_id": "lang:003643", "is_canonical": true}, {"name": "język bauzi", "bcp_47_code": "pl", "locale_id": "lang:001433", "is_canonical": true}, {"name": "bauzi jezik", "bcp_47_code": "hr", "locale_id": "lang:001280", "is_canonical": true}, {"name": "Lenga bauzi", "bcp_47_code": "pms", "locale_id": "lang:003480", "is_canonical": true}, {"name": "Kibauzi", "bcp_47_code": "sw", "locale_id": "lang:001597", "is_canonical": true}, {"name": "Bauzi", "bcp_47_code": "ilo", "locale_id": "lang:007408", "is_canonical": true}, {"name": "バウジ語", "bcp_47_code": "ja", "locale_id": "lang:005185", "is_canonical": true}]