[{"name": "Naasioi", "bcp_47_code": "en", "locale_id": "lang:004172", "is_canonical": true}, {"name": "Nasioi", "bcp_47_code": "en", "locale_id": "lang:004172", "is_canonical": null}, {"name": "Naasioi", "bcp_47_code": "de", "locale_id": "lang:006636", "is_canonical": true}, {"name": "nasioyeg", "bcp_47_code": "br", "locale_id": "lang:003643", "is_canonical": true}, {"name": "język nasioi", "bcp_47_code": "pl", "locale_id": "lang:001433", "is_canonical": true}, {"name": "nasioi", "bcp_47_code": "fr", "locale_id": "lang:002512", "is_canonical": true}, {"name": "Lenga Naasioi", "bcp_47_code": "pms", "locale_id": "lang:003480", "is_canonical": true}, {"name": "Kinaasioi", "bcp_47_code": "sw", "locale_id": "lang:001597", "is_canonical": true}, {"name": "ナシオイ語", "bcp_47_code": "ja", "locale_id": "lang:005185", "is_canonical": true}, {"name": "Naasioi", "bcp_47_code": "ilo", "locale_id": "lang:007408", "is_canonical": true}, {"name": "納希奧伊語", "bcp_47_code": "cmn", "locale_id": "lang:004378", "is_canonical": true}, {"name": "纳希奥伊语", "bcp_47_code": "cmn", "locale_id": "lang:004378", "is_canonical": null}, {"name": "naasioi", "bcp_47_code": "cs", "locale_id": "lang:007371", "is_canonical": true}, {"name": "насиой", "bcp_47_code": "ru", "locale_id": "lang:006745", "is_canonical": true}, {"name": "naasioi", "bcp_47_code": "fr", "locale_id": "lang:002512", "is_canonical": null}, {"name": "kieta", "bcp_47_code": "cs", "locale_id": "lang:007371", "is_canonical": null}, {"name": "kieta talk", "bcp_47_code": "cs", "locale_id": "lang:007371", "is_canonical": null}, {"name": "aunge", "bcp_47_code": "cs", "locale_id": "lang:007371", "is_canonical": null}]