[{"name": "Trumai", "bcp_47_code": "en", "locale_id": "lang:004172", "is_canonical": true}, {"name": "Trumai", "bcp_47_code": "vep", "locale_id": "lang:002743", "is_canonical": true}, {"name": "trumai", "bcp_47_code": "fr", "locale_id": "lang:002512", "is_canonical": true}, {"name": "idioma trumaí", "bcp_47_code": "es", "locale_id": "lang:005944", "is_canonical": true}, {"name": "Lenga trumaí", "bcp_47_code": "pms", "locale_id": "lang:003480", "is_canonical": true}, {"name": "трумай", "bcp_47_code": "ru", "locale_id": "lang:006745", "is_canonical": true}, {"name": "troumaieg", "bcp_47_code": "br", "locale_id": "lang:003643", "is_canonical": true}, {"name": "trumai keel", "bcp_47_code": "et", "locale_id": "lang:007279", "is_canonical": true}, {"name": "Gjuha e Trumait", "bcp_47_code": "sq", "locale_id": "lang:006275", "is_canonical": true}, {"name": "trumai", "bcp_47_code": "hr", "locale_id": "lang:001280", "is_canonical": true}, {"name": "trumaian", "bcp_47_code": "sh", "locale_id": "lang:003245", "is_canonical": true}, {"name": "idioma trumaí", "bcp_47_code": "ast", "locale_id": "lang:006965", "is_canonical": true}, {"name": "língua trumaí", "bcp_47_code": "pt", "locale_id": "lang:001977", "is_canonical": true}, {"name": "trumaí", "bcp_47_code": "ca", "locale_id": "lang:000334", "is_canonical": true}, {"name": "idioma trumai", "bcp_47_code": "es", "locale_id": "lang:005944", "is_canonical": null}, {"name": "trumaian", "bcp_47_code": "hr", "locale_id": "lang:001280", "is_canonical": null}]