[{"name": "Pumpokol", "bcp_47_code": "en", "locale_id": "lang:004172", "is_canonical": true}, {"name": "пумпакольская мова", "bcp_47_code": "be", "locale_id": "lang:004942", "is_canonical": true}, {"name": "poumpokoleg", "bcp_47_code": "br", "locale_id": "lang:003643", "is_canonical": true}, {"name": "poumpokole", "bcp_47_code": "fr", "locale_id": "lang:002512", "is_canonical": true}, {"name": "пумпокольский язык", "bcp_47_code": "ru", "locale_id": "lang:006745", "is_canonical": true}, {"name": "pumpokolin kieli", "bcp_47_code": "fi", "locale_id": "lang:005250", "is_canonical": true}, {"name": "pumpokolsk", "bcp_47_code": "nb", "locale_id": "lang:000958", "is_canonical": true}, {"name": "পুম্পকল ভাষা", "bcp_47_code": "bn", "locale_id": "lang:000178", "is_canonical": true}, {"name": "パンポコル語", "bcp_47_code": "ja", "locale_id": "lang:005185", "is_canonical": true}, {"name": "pumpokole", "bcp_47_code": "fr", "locale_id": "lang:002512", "is_canonical": null}, {"name": "poumpokol", "bcp_47_code": "fr", "locale_id": "lang:002512", "is_canonical": null}, {"name": "pumpokolsk", "bcp_47_code": "no", "locale_id": "lang:002536", "is_canonical": true}]