[{"name": "Koropó", "bcp_47_code": "en", "locale_id": "lang:004172", "is_canonical": true}, {"name": "коропо", "bcp_47_code": "ru", "locale_id": "lang:006745", "is_canonical": true}, {"name": "língua koropó", "bcp_47_code": "pt", "locale_id": "lang:001977", "is_canonical": true}, {"name": "koropščina", "bcp_47_code": "sl", "locale_id": "lang:004352", "is_canonical": true}, {"name": "Coropó", "bcp_47_code": "en", "locale_id": "lang:004172", "is_canonical": null}, {"name": "Coropo", "bcp_47_code": "en", "locale_id": "lang:004172", "is_canonical": null}, {"name": "koropó", "bcp_47_code": "sl", "locale_id": "lang:004352", "is_canonical": null}]