[{"name": "Sumi Naga", "bcp_47_code": "en", "locale_id": "lang:004172", "is_canonical": true}, {"name": "Sema", "bcp_47_code": "en", "locale_id": "lang:004172", "is_canonical": null}, {"name": "sema", "bcp_47_code": "fr", "locale_id": "lang:002512", "is_canonical": true}, {"name": "Sumi", "bcp_47_code": "en", "locale_id": "lang:004172", "is_canonical": null}, {"name": "soumieg", "bcp_47_code": "br", "locale_id": "lang:003643", "is_canonical": true}, {"name": "suminnaga", "bcp_47_code": "fi", "locale_id": "lang:005250", "is_canonical": true}, {"name": "Sumi Lenga Naga", "bcp_47_code": "pms", "locale_id": "lang:003480", "is_canonical": true}, {"name": "Kinaga ya Sumi", "bcp_47_code": "sw", "locale_id": "lang:001597", "is_canonical": true}, {"name": "सुमी भाषा", "bcp_47_code": "hi", "locale_id": "lang:005010", "is_canonical": true}, {"name": "ਸੇਮਾ ਭਾਸ਼ਾ", "bcp_47_code": "pa", "locale_id": "lang:003658", "is_canonical": true}, {"name": "сумі", "bcp_47_code": "uk", "locale_id": "lang:001994", "is_canonical": true}, {"name": "سیما بولی", "bcp_47_code": "pnb", "locale_id": "lang:003334", "is_canonical": true}, {"name": "Wikang Sema", "bcp_47_code": "tl", "locale_id": "lang:002540", "is_canonical": true}, {"name": "Sema語", "bcp_47_code": "cmn", "locale_id": "lang:004378", "is_canonical": true}, {"name": "Sema语", "bcp_47_code": "cmn", "locale_id": "lang:004378", "is_canonical": null}, {"name": "塞瑪語", "bcp_47_code": "cmn", "locale_id": "lang:004378", "is_canonical": null}, {"name": "sumi", "bcp_47_code": "oc", "locale_id": "lang:003832", "is_canonical": true}, {"name": "সুমী ভাষা", "bcp_47_code": "bn", "locale_id": "lang:000178", "is_canonical": true}, {"name": "língua sümi", "bcp_47_code": "pt", "locale_id": "lang:001977", "is_canonical": true}, {"name": "ਸੁਮੀ ਨਾਗਾ", "bcp_47_code": "pa", "locale_id": "lang:003658", "is_canonical": null}, {"name": "সুমি নাগা", "bcp_47_code": "bn", "locale_id": "lang:000178", "is_canonical": null}, {"name": "সেমা", "bcp_47_code": "bn", "locale_id": "lang:000178", "is_canonical": null}]