[{"name": "Mogum", "bcp_47_code": "en", "locale_id": "lang:004172", "is_canonical": true}, {"name": "Kimogum", "bcp_47_code": "sw", "locale_id": "lang:001597", "is_canonical": true}, {"name": "Lenga Mogum", "bcp_47_code": "pms", "locale_id": "lang:003480", "is_canonical": true}, {"name": "mogum jezik", "bcp_47_code": "hr", "locale_id": "lang:001280", "is_canonical": true}, {"name": "mogoumeg", "bcp_47_code": "br", "locale_id": "lang:003643", "is_canonical": true}, {"name": "могумски јазик", "bcp_47_code": "mk", "locale_id": "lang:001683", "is_canonical": true}]