[{"name": "Rikbaktsa", "bcp_47_code": "en", "locale_id": "lang:004172", "is_canonical": true}, {"name": "rikbaktsa", "bcp_47_code": "fr", "locale_id": "lang:002512", "is_canonical": true}, {"name": "рикбакца", "bcp_47_code": "ru", "locale_id": "lang:006745", "is_canonical": true}, {"name": "idioma rikbaktsá", "bcp_47_code": "es", "locale_id": "lang:005944", "is_canonical": true}, {"name": "rikbaktsa jezici", "bcp_47_code": "hr", "locale_id": "lang:001280", "is_canonical": true}, {"name": "Lenga rikbaktsa", "bcp_47_code": "pms", "locale_id": "lang:003480", "is_canonical": true}, {"name": "idioma rikbaktsá", "bcp_47_code": "ast", "locale_id": "lang:006965", "is_canonical": true}, {"name": "Wikang Rikbaktsa", "bcp_47_code": "tl", "locale_id": "lang:002540", "is_canonical": true}, {"name": "língua rikbaktsa", "bcp_47_code": "pt", "locale_id": "lang:001977", "is_canonical": true}, {"name": "リクバクチァ語", "bcp_47_code": "ja", "locale_id": "lang:005185", "is_canonical": true}, {"name": "idioma rikbaktsa", "bcp_47_code": "es", "locale_id": "lang:005944", "is_canonical": null}]