[{"name": "Kushi", "bcp_47_code": "en", "locale_id": "lang:004172", "is_canonical": true}, {"name": "Kikushi", "bcp_47_code": "sw", "locale_id": "lang:001597", "is_canonical": true}, {"name": "Lenga Kushi", "bcp_47_code": "pms", "locale_id": "lang:003480", "is_canonical": true}, {"name": "kushi jezik", "bcp_47_code": "hr", "locale_id": "lang:001280", "is_canonical": true}, {"name": "kouchieg", "bcp_47_code": "br", "locale_id": "lang:003643", "is_canonical": true}, {"name": "куши", "bcp_47_code": "ru", "locale_id": "lang:006745", "is_canonical": true}, {"name": "Wikang Kushi", "bcp_47_code": "tl", "locale_id": "lang:002540", "is_canonical": true}, {"name": "kushi", "bcp_47_code": "fr", "locale_id": "lang:002512", "is_canonical": true}, {"name": "kushi", "bcp_47_code": "oc", "locale_id": "lang:003832", "is_canonical": true}, {"name": "Goji", "bcp_47_code": "en", "locale_id": "lang:004172", "is_canonical": null}]