[{"name": "Bokyi", "bcp_47_code": "en", "locale_id": "lang:004172", "is_canonical": true}, {"name": "Kibokyi", "bcp_47_code": "sw", "locale_id": "lang:001597", "is_canonical": true}, {"name": "Lenga Bokyi", "bcp_47_code": "pms", "locale_id": "lang:003480", "is_canonical": true}, {"name": "Bokyi", "bcp_47_code": "de", "locale_id": "lang:006636", "is_canonical": true}, {"name": "Boki", "bcp_47_code": "en", "locale_id": "lang:004172", "is_canonical": null}, {"name": "bokyi jezik", "bcp_47_code": "hr", "locale_id": "lang:001280", "is_canonical": true}, {"name": "bokyi", "bcp_47_code": "ca", "locale_id": "lang:000334", "is_canonical": true}, {"name": "boki", "bcp_47_code": "fr", "locale_id": "lang:002512", "is_canonical": true}, {"name": "ボキ語", "bcp_47_code": "ja", "locale_id": "lang:005185", "is_canonical": true}]