[{"name": "Phake", "bcp_47_code": "en", "locale_id": "lang:004172", "is_canonical": true}, {"name": "Tai Phake", "bcp_47_code": "en", "locale_id": "lang:004172", "is_canonical": null}, {"name": "Lenga phake", "bcp_47_code": "pms", "locale_id": "lang:003480", "is_canonical": true}, {"name": "phake", "bcp_47_code": "fr", "locale_id": "lang:002512", "is_canonical": true}, {"name": "Kiphake", "bcp_47_code": "sw", "locale_id": "lang:001597", "is_canonical": true}, {"name": "タイ・パケ語", "bcp_47_code": "ja", "locale_id": "lang:005185", "is_canonical": true}, {"name": "ताई फेके भाषा", "bcp_47_code": "hi", "locale_id": "lang:005010", "is_canonical": true}, {"name": "帕基语", "bcp_47_code": "cmn", "locale_id": "lang:004378", "is_canonical": true}, {"name": "তাই ফাকে ভাষা", "bcp_47_code": "bn", "locale_id": "lang:000178", "is_canonical": true}, {"name": "tiếng Phake", "bcp_47_code": "vi", "locale_id": "lang:004523", "is_canonical": true}, {"name": "língua tai phake", "bcp_47_code": "pt", "locale_id": "lang:001977", "is_canonical": true}, {"name": "tai phake", "bcp_47_code": "fr", "locale_id": "lang:002512", "is_canonical": null}, {"name": "ফাকে ভাষা", "bcp_47_code": "bn", "locale_id": "lang:000178", "is_canonical": null}]