[{"name": "Tuxá", "bcp_47_code": "en", "locale_id": "lang:004172", "is_canonical": true}, {"name": "tuxá", "bcp_47_code": "es", "locale_id": "lang:005944", "is_canonical": true}, {"name": "Lenga tuxá", "bcp_47_code": "pms", "locale_id": "lang:003480", "is_canonical": true}, {"name": "туша", "bcp_47_code": "ru", "locale_id": "lang:006745", "is_canonical": true}, {"name": "tuchaeg", "bcp_47_code": "br", "locale_id": "lang:003643", "is_canonical": true}, {"name": "tuxá", "bcp_47_code": "nb", "locale_id": "lang:000958", "is_canonical": true}, {"name": "idioma tuxá", "bcp_47_code": "ast", "locale_id": "lang:006965", "is_canonical": true}, {"name": "língua tuxá", "bcp_47_code": "pt", "locale_id": "lang:001977", "is_canonical": true}, {"name": "טושה", "bcp_47_code": "he", "locale_id": "lang:000780", "is_canonical": true}, {"name": "tuxá", "bcp_47_code": "ca", "locale_id": "lang:000334", "is_canonical": true}, {"name": "tushá", "bcp_47_code": "es", "locale_id": "lang:005944", "is_canonical": null}, {"name": "todela", "bcp_47_code": "es", "locale_id": "lang:005944", "is_canonical": null}, {"name": "rodela", "bcp_47_code": "es", "locale_id": "lang:005944", "is_canonical": null}, {"name": "carapató", "bcp_47_code": "es", "locale_id": "lang:005944", "is_canonical": null}, {"name": "payacú", "bcp_47_code": "es", "locale_id": "lang:005944", "is_canonical": null}, {"name": "idioma tuxá", "bcp_47_code": "es", "locale_id": "lang:005944", "is_canonical": null}, {"name": "tuxa", "bcp_47_code": "es", "locale_id": "lang:005944", "is_canonical": null}, {"name": "tusha", "bcp_47_code": "es", "locale_id": "lang:005944", "is_canonical": null}, {"name": "carapato", "bcp_47_code": "es", "locale_id": "lang:005944", "is_canonical": null}, {"name": "payacu", "bcp_47_code": "es", "locale_id": "lang:005944", "is_canonical": null}, {"name": "idioma tuxa", "bcp_47_code": "es", "locale_id": "lang:005944", "is_canonical": null}]