[{"name": "Koyukon", "bcp_47_code": "en", "locale_id": "lang:004172", "is_canonical": true}, {"name": "língua koyukon", "bcp_47_code": "pt", "locale_id": "lang:001977", "is_canonical": true}, {"name": "Lenga koyukon", "bcp_47_code": "pms", "locale_id": "lang:003480", "is_canonical": true}, {"name": "Коюкон йӹлмӹ", "bcp_47_code": "mrj", "locale_id": "lang:003155", "is_canonical": true}, {"name": "Коюкон чӀал", "bcp_47_code": "lez", "locale_id": "lang:006686", "is_canonical": true}, {"name": "koyukon", "bcp_47_code": "fr", "locale_id": "lang:002512", "is_canonical": true}, {"name": "koyukón", "bcp_47_code": "es", "locale_id": "lang:005944", "is_canonical": true}, {"name": "Koyukonca", "bcp_47_code": "tr", "locale_id": "lang:000917", "is_canonical": true}, {"name": "Koyukon spriak", "bcp_47_code": "frr", "locale_id": "lang:007274", "is_canonical": true}, {"name": "Koyukon", "bcp_47_code": "de", "locale_id": "lang:006636", "is_canonical": true}, {"name": "lingua koyukon", "bcp_47_code": "it", "locale_id": "lang:005147", "is_canonical": true}, {"name": "коюкон", "bcp_47_code": "ru", "locale_id": "lang:006745", "is_canonical": true}, {"name": "科育空語", "bcp_47_code": "cmn", "locale_id": "lang:004378", "is_canonical": true}, {"name": "kojukoni keel", "bcp_47_code": "et", "locale_id": "lang:007279", "is_canonical": true}, {"name": "Wikang Koyukon", "bcp_47_code": "tl", "locale_id": "lang:002540", "is_canonical": true}, {"name": "koyukon", "bcp_47_code": "nb", "locale_id": "lang:000958", "is_canonical": true}, {"name": "コユコン語", "bcp_47_code": "ja", "locale_id": "lang:005185", "is_canonical": true}, {"name": "koyukon", "bcp_47_code": "nn", "locale_id": "lang:005019", "is_canonical": true}, {"name": "koyukon", "bcp_47_code": "vec", "locale_id": "lang:004329", "is_canonical": true}, {"name": "Bahasa Koyukon", "bcp_47_code": "ms", "locale_id": "lang:001263", "is_canonical": true}, {"name": "język koyukon", "bcp_47_code": "pl", "locale_id": "lang:001433", "is_canonical": true}, {"name": "koyukon", "bcp_47_code": "sv", "locale_id": "lang:004782", "is_canonical": true}, {"name": "Koyukon", "bcp_47_code": "nl", "locale_id": "lang:006448", "is_canonical": true}, {"name": "idioma koyukon", "bcp_47_code": "es", "locale_id": "lang:005944", "is_canonical": null}, {"name": "idioma denaakk'e", "bcp_47_code": "es", "locale_id": "lang:005944", "is_canonical": null}, {"name": "koyukon", "bcp_47_code": "es", "locale_id": "lang:005944", "is_canonical": null}, {"name": "Denaakk’e", "bcp_47_code": "koy", "locale_id": "lang:000258", "is_canonical": true}]