[{"name": "Mingang Doso", "bcp_47_code": "en", "locale_id": "lang:004172", "is_canonical": true}, {"name": "Kimingang-Doso", "bcp_47_code": "sw", "locale_id": "lang:001597", "is_canonical": true}, {"name": "Lenga Mingang Doso", "bcp_47_code": "pms", "locale_id": "lang:003480", "is_canonical": true}, {"name": "mingang doso", "bcp_47_code": "fr", "locale_id": "lang:002512", "is_canonical": true}, {"name": "Mingang Doso", "bcp_47_code": "ig", "locale_id": "lang:002832", "is_canonical": true}, {"name": "Asụsụ mingang Doso", "bcp_47_code": "ig", "locale_id": "lang:002832", "is_canonical": null}]