[{"name": "Songomeno", "bcp_47_code": "en", "locale_id": "lang:004172", "is_canonical": true}, {"name": "Ohendo", "bcp_47_code": "en", "locale_id": "lang:004172", "is_canonical": true}, {"name": "Hendo", "bcp_47_code": "en", "locale_id": "lang:004172", "is_canonical": null}, {"name": "Lenga Songomeno", "bcp_47_code": "pms", "locale_id": "lang:003480", "is_canonical": true}, {"name": "Kisongomeno", "bcp_47_code": "sw", "locale_id": "lang:001597", "is_canonical": true}, {"name": "songomeno", "bcp_47_code": "fr", "locale_id": "lang:002512", "is_canonical": true}, {"name": "Hendo", "bcp_47_code": "ig", "locale_id": "lang:002832", "is_canonical": true}]