[{"name": "Toraja-Sa'Dan", "bcp_47_code": "en", "locale_id": "lang:004172", "is_canonical": true}, {"name": "Toraja-Sa'Dan", "bcp_47_code": "af", "locale_id": "lang:006849", "is_canonical": true}, {"name": "ቶራጃ-ሳዳንኛ", "bcp_47_code": "am", "locale_id": "lang:000379", "is_canonical": true}, {"name": "توراجا-سأدان", "bcp_47_code": "ar", "locale_id": "lang:000884", "is_canonical": true}, {"name": "টোৰাজা-চাডম", "bcp_47_code": "as", "locale_id": "lang:003208", "is_canonical": true}, {"name": "Toraja-Sa'dan", "bcp_47_code": "az", "locale_id": "lang:000492", "is_canonical": true}, {"name": "тараджа-садан", "bcp_47_code": "be", "locale_id": "lang:004942", "is_canonical": true}, {"name": "тораджа-садан", "bcp_47_code": "bg", "locale_id": "lang:003294", "is_canonical": true}, {"name": "টোরাজা-সাদান", "bcp_47_code": "bn", "locale_id": "lang:000178", "is_canonical": true}, {"name": "toraja-sa'dan", "bcp_47_code": "bs", "locale_id": "lang:005177", "is_canonical": true}, {"name": "toraja-sa'dan", "bcp_47_code": "ca", "locale_id": "lang:000334", "is_canonical": true}, {"name": "toraja-sa'dan", "bcp_47_code": "cs", "locale_id": "lang:007371", "is_canonical": true}, {"name": "toraja-sa'dan", "bcp_47_code": "da", "locale_id": "lang:006478", "is_canonical": true}, {"name": "Toraja-Sa’Dan", "bcp_47_code": "de", "locale_id": "lang:006636", "is_canonical": true}, {"name": "Toraja-Sa'dan", "bcp_47_code": "el", "locale_id": "lang:002331", "is_canonical": true}, {"name": "toraja-sa'dan", "bcp_47_code": "es", "locale_id": "lang:005944", "is_canonical": true}, {"name": "toradža-sadani", "bcp_47_code": "et", "locale_id": "lang:007279", "is_canonical": true}, {"name": "toraja-sa'dana", "bcp_47_code": "eu", "locale_id": "lang:004920", "is_canonical": true}, {"name": "توراجا-سادان", "bcp_47_code": "fa", "locale_id": "lang:005211", "is_canonical": true}, {"name": "toraja-sa'dan", "bcp_47_code": "fi", "locale_id": "lang:005250", "is_canonical": true}, {"name": "Toraja-Sa'dan", "bcp_47_code": "fil", "locale_id": "lang:004854", "is_canonical": true}, {"name": "sa'dan-toraja", "bcp_47_code": "fr", "locale_id": "lang:002512", "is_canonical": true}, {"name": "Toraja-Sa'dan", "bcp_47_code": "gl", "locale_id": "lang:006921", "is_canonical": true}, {"name": "Toraja-Sa’Dan", "bcp_47_code": "gsw", "locale_id": "lang:006414", "is_canonical": true}, {"name": "તોરાજા-સદન", "bcp_47_code": "gu", "locale_id": "lang:006797", "is_canonical": true}, {"name": "तोराया-सेडन", "bcp_47_code": "hi", "locale_id": "lang:005010", "is_canonical": true}, {"name": "toraja-sa'dan", "bcp_47_code": "hr", "locale_id": "lang:001280", "is_canonical": true}, {"name": "toraja-sa'dan", "bcp_47_code": "hu", "locale_id": "lang:004445", "is_canonical": true}, {"name": "տորայա-սադան", "bcp_47_code": "hy", "locale_id": "lang:006918", "is_canonical": true}, {"name": "Toraja-Sa'Dan", "bcp_47_code": "id", "locale_id": "lang:005344", "is_canonical": true}, {"name": "Toraja-Sa'dan", "bcp_47_code": "in", "locale_id": "lang:005344", "is_canonical": true}, {"name": "toraja-sa'dan", "bcp_47_code": "is", "locale_id": "lang:006417", "is_canonical": true}, {"name": "toraja-sa'dan", "bcp_47_code": "it", "locale_id": "lang:005147", "is_canonical": true}, {"name": "טורייה-סאדן", "bcp_47_code": "he", "locale_id": "lang:000780", "is_canonical": true}, {"name": "トラジャ＝サダン語", "bcp_47_code": "ja", "locale_id": "lang:005185", "is_canonical": true}, {"name": "ტორაჯა-სადანი", "bcp_47_code": "ka", "locale_id": "lang:005687", "is_canonical": true}, {"name": "Тораджа-садан", "bcp_47_code": "kk", "locale_id": "lang:001017", "is_canonical": true}, {"name": "តូរ៉ាចាសាដាន", "bcp_47_code": "km", "locale_id": "lang:000690", "is_canonical": true}, {"name": "Toraja-Sa'dan", "bcp_47_code": "kn", "locale_id": "lang:006289", "is_canonical": true}, {"name": "토라야 사단어", "bcp_47_code": "ko", "locale_id": "lang:000685", "is_canonical": true}, {"name": "Тоража-саданча", "bcp_47_code": "ky", "locale_id": "lang:003193", "is_canonical": true}, {"name": "Sa'dan-toraja", "bcp_47_code": "ln", "locale_id": "lang:005075", "is_canonical": true}, {"name": "ໂທຣາຈາ-ຊາແດນ", "bcp_47_code": "lo", "locale_id": "lang:002848", "is_canonical": true}, {"name": "toraja-sa'dan kalba", "bcp_47_code": "lt", "locale_id": "lang:000996", "is_canonical": true}, {"name": "toradža-sadans", "bcp_47_code": "lv", "locale_id": "lang:006606", "is_canonical": true}, {"name": "тораја-садан", "bcp_47_code": "mk", "locale_id": "lang:001683", "is_canonical": true}, {"name": "ടൊറാജ സാഡൻ", "bcp_47_code": "ml", "locale_id": "lang:001880", "is_canonical": true}, {"name": "Тоража-Садан", "bcp_47_code": "mn", "locale_id": "lang:005506", "is_canonical": true}, {"name": "Toraja-Sa'dan", "bcp_47_code": "mo", "locale_id": "lang:006592", "is_canonical": true}, {"name": "तोराजा-सदान", "bcp_47_code": "mr", "locale_id": "lang:003376", "is_canonical": true}, {"name": "Toraja-Sa'dan", "bcp_47_code": "ms", "locale_id": "lang:001263", "is_canonical": true}, {"name": "ထရိုဂျာ-ဆာဒန်", "bcp_47_code": "my", "locale_id": "lang:004196", "is_canonical": true}, {"name": "toraja-sa'dan", "bcp_47_code": "nb", "locale_id": "lang:000958", "is_canonical": true}, {"name": "तोराजा सदान", "bcp_47_code": "ne", "locale_id": "lang:004630", "is_canonical": true}, {"name": "Toraja-Sa'Dan", "bcp_47_code": "nl", "locale_id": "lang:006448", "is_canonical": true}, {"name": "toraja-sa'dan", "bcp_47_code": "no", "locale_id": "lang:002536", "is_canonical": true}, {"name": "ତୋରାଜା-ସଦନ", "bcp_47_code": "or", "locale_id": "lang:001930", "is_canonical": true}, {"name": "ਤੋਰਾਜਾ-ਸਾਅਦਾਨ", "bcp_47_code": "pa", "locale_id": "lang:003658", "is_canonical": true}, {"name": "toradża", "bcp_47_code": "pl", "locale_id": "lang:001433", "is_canonical": true}, {"name": "toraja-sa'dan", "bcp_47_code": "pt", "locale_id": "lang:001977", "is_canonical": true}, {"name": "toraja-sa'dan", "bcp_47_code": "ro", "locale_id": "lang:006592", "is_canonical": true}, {"name": "тораджа-садан", "bcp_47_code": "ru", "locale_id": "lang:006745", "is_canonical": true}, {"name": "තොරාජා-සඅදාන්", "bcp_47_code": "si", "locale_id": "lang:000326", "is_canonical": true}, {"name": "toraja-sa'dan", "bcp_47_code": "sk", "locale_id": "lang:005464", "is_canonical": true}, {"name": "toraja-sa'dan", "bcp_47_code": "sl", "locale_id": "lang:004352", "is_canonical": true}, {"name": "Torajishte e Sadanit", "bcp_47_code": "sq", "locale_id": "lang:006275", "is_canonical": true}, {"name": "тораџа-садан", "bcp_47_code": "sr", "locale_id": "lang:002701", "is_canonical": true}, {"name": "toraja-sa'dan", "bcp_47_code": "sv", "locale_id": "lang:004782", "is_canonical": true}, {"name": "Kitoraja-Sa'dani", "bcp_47_code": "sw", "locale_id": "lang:001597", "is_canonical": true}, {"name": "டொராஜா-சடன்", "bcp_47_code": "ta", "locale_id": "lang:002996", "is_canonical": true}, {"name": "టోరాజ-సాదన్", "bcp_47_code": "te", "locale_id": "lang:000508", "is_canonical": true}, {"name": "โทราจา-ซาดาน", "bcp_47_code": "th", "locale_id": "lang:000248", "is_canonical": true}, {"name": "Toraja-Sa'dan", "bcp_47_code": "tl", "locale_id": "lang:002540", "is_canonical": true}, {"name": "Toraja-Sa'Dan", "bcp_47_code": "tr", "locale_id": "lang:000917", "is_canonical": true}, {"name": "тораджа-садан", "bcp_47_code": "uk", "locale_id": "lang:001994", "is_canonical": true}, {"name": "ٹوراجا سائڈان", "bcp_47_code": "ur", "locale_id": "lang:001103", "is_canonical": true}, {"name": "toraja-saʼdan", "bcp_47_code": "uz", "locale_id": "lang:003386", "is_canonical": true}, {"name": "tiếng Toraja-Sa'Dan", "bcp_47_code": "vi", "locale_id": "lang:004523", "is_canonical": true}, {"name": "托拉查语", "bcp_47_code": "cmn", "locale_id": "lang:004378", "is_canonical": true}, {"name": "isi-Toraja-Sa'dan", "bcp_47_code": "zu", "locale_id": "lang:007247", "is_canonical": true}, {"name": "Lenga toraja-sa'dan", "bcp_47_code": "pms", "locale_id": "lang:003480", "is_canonical": true}, {"name": "bahasa Toraja-Sa'Dan", "bcp_47_code": "id", "locale_id": "lang:005344", "is_canonical": null}, {"name": "język toraja-sa’dan", "bcp_47_code": "pl", "locale_id": "lang:001433", "is_canonical": null}, {"name": "Toraja-Sa’Dan", "bcp_47_code": "en", "locale_id": "lang:004172", "is_canonical": null}, {"name": "língua toraja sa'dan", "bcp_47_code": "pt", "locale_id": "lang:001977", "is_canonical": null}, {"name": "toraja-sa’dan", "bcp_47_code": "fi", "locale_id": "lang:005250", "is_canonical": null}, {"name": "Kitoraja-Sa'dan", "bcp_47_code": "sw", "locale_id": "lang:001597", "is_canonical": null}, {"name": "Toraja-Sa’dan", "bcp_47_code": "ilo", "locale_id": "lang:007408", "is_canonical": true}, {"name": "Wikang Toraja-Sa’dan", "bcp_47_code": "tl", "locale_id": "lang:002540", "is_canonical": null}, {"name": "托拉查-薩達語", "bcp_47_code": "cmn", "locale_id": "lang:004378", "is_canonical": null}, {"name": "托拉查-萨达语", "bcp_47_code": "cmn", "locale_id": "lang:004378", "is_canonical": null}, {"name": "Tataramon na Toraja-Sa’dan", "bcp_47_code": "bcl", "locale_id": "lang:005135", "is_canonical": true}, {"name": "տորաջա-սադան", "bcp_47_code": "hy", "locale_id": "lang:006918", "is_canonical": null}, {"name": "Basa Toraja", "bcp_47_code": "su", "locale_id": "lang:000207", "is_canonical": true}, {"name": "bahasa Toraja", "bcp_47_code": "id", "locale_id": "lang:005344", "is_canonical": null}, {"name": "Sa'Dan", "bcp_47_code": "id", "locale_id": "lang:005344", "is_canonical": null}, {"name": "bahasa Sa'Dan", "bcp_47_code": "id", "locale_id": "lang:005344", "is_canonical": null}, {"name": "bahasa Sa'Dansche", "bcp_47_code": "id", "locale_id": "lang:005344", "is_canonical": null}, {"name": "bahasa Sadan", "bcp_47_code": "id", "locale_id": "lang:005344", "is_canonical": null}, {"name": "bahasa Sadang", "bcp_47_code": "id", "locale_id": "lang:005344", "is_canonical": null}, {"name": "bahasa South Toraja", "bcp_47_code": "id", "locale_id": "lang:005344", "is_canonical": null}, {"name": "bahasa Ta'E", "bcp_47_code": "id", "locale_id": "lang:005344", "is_canonical": null}, {"name": "bahasa Toradja", "bcp_47_code": "id", "locale_id": "lang:005344", "is_canonical": null}, {"name": "bahasa Toraja-Sa’Dan", "bcp_47_code": "id", "locale_id": "lang:005344", "is_canonical": null}, {"name": "sa’dan-toraja", "bcp_47_code": "fr", "locale_id": "lang:002512", "is_canonical": null}, {"name": "Sa'dan", "bcp_47_code": "sda", "locale_id": "lang:000117", "is_canonical": true}, {"name": "Toraja-Sa'dan", "bcp_47_code": "en", "locale_id": "lang:004172", "is_canonical": true}]