[{"name": "Ngarigu", "bcp_47_code": "en", "locale_id": "lang:004172", "is_canonical": true}, {"name": "Ngarigo", "bcp_47_code": "en", "locale_id": "lang:004172", "is_canonical": null}, {"name": "Kingarigu", "bcp_47_code": "sw", "locale_id": "lang:001597", "is_canonical": true}, {"name": "ngarigu", "bcp_47_code": "fr", "locale_id": "lang:002512", "is_canonical": true}, {"name": "idioma ngarigo", "bcp_47_code": "es", "locale_id": "lang:005944", "is_canonical": true}, {"name": "ngarigo", "bcp_47_code": "ca", "locale_id": "lang:000334", "is_canonical": true}]