[{"name": "Vitu", "bcp_47_code": "en", "locale_id": "lang:004172", "is_canonical": true}, {"name": "Muduapa", "bcp_47_code": "en", "locale_id": "lang:004172", "is_canonical": true}, {"name": "Lenga Muduapa", "bcp_47_code": "pms", "locale_id": "lang:003480", "is_canonical": true}, {"name": "vitu", "bcp_47_code": "fr", "locale_id": "lang:002512", "is_canonical": true}, {"name": "muduapa jezik", "bcp_47_code": "hr", "locale_id": "lang:001280", "is_canonical": true}, {"name": "muduapa", "bcp_47_code": "fi", "locale_id": "lang:005250", "is_canonical": true}, {"name": "Kivitu", "bcp_47_code": "sw", "locale_id": "lang:001597", "is_canonical": true}, {"name": "Vitu", "bcp_47_code": "ilo", "locale_id": "lang:007408", "is_canonical": true}, {"name": "витуански јазик", "bcp_47_code": "mk", "locale_id": "lang:001683", "is_canonical": true}, {"name": "vitu keel", "bcp_47_code": "et", "locale_id": "lang:007279", "is_canonical": true}, {"name": "Muduapa", "bcp_47_code": "nl", "locale_id": "lang:006448", "is_canonical": true}, {"name": "زبان ویتویی", "bcp_47_code": "fa", "locale_id": "lang:005211", "is_canonical": true}, {"name": "język vitu", "bcp_47_code": "pl", "locale_id": "lang:001433", "is_canonical": true}, {"name": "vitun kieli", "bcp_47_code": "fi", "locale_id": "lang:005250", "is_canonical": null}, {"name": "Vittu", "bcp_47_code": "en", "locale_id": "lang:004172", "is_canonical": null}]