[{"name": "Ghulfan", "bcp_47_code": "en", "locale_id": "lang:004172", "is_canonical": true}, {"name": "Uncunwee", "bcp_47_code": "en", "locale_id": "lang:004172", "is_canonical": true}, {"name": "Kighulfan", "bcp_47_code": "sw", "locale_id": "lang:001597", "is_canonical": true}, {"name": "Lenga Ghulfan", "bcp_47_code": "pms", "locale_id": "lang:003480", "is_canonical": true}, {"name": "ghulfan", "bcp_47_code": "fr", "locale_id": "lang:002512", "is_canonical": true}, {"name": "гхулфан", "bcp_47_code": "ru", "locale_id": "lang:006745", "is_canonical": true}]