[{"name": "Chagatai", "bcp_47_code": "en", "locale_id": "lang:004172", "is_canonical": true}, {"name": "ቻጋታይ", "bcp_47_code": "am", "locale_id": "lang:000379", "is_canonical": true}, {"name": "التشاجاتاي", "bcp_47_code": "ar", "locale_id": "lang:000884", "is_canonical": true}, {"name": "chagatai", "bcp_47_code": "ast", "locale_id": "lang:006965", "is_canonical": true}, {"name": "çağatay", "bcp_47_code": "az", "locale_id": "lang:000492", "is_canonical": true}, {"name": "чагатай", "bcp_47_code": "bg", "locale_id": "lang:003294", "is_canonical": true}, {"name": "চাগাতাই", "bcp_47_code": "bn", "locale_id": "lang:000178", "is_canonical": true}, {"name": "चगताई", "bcp_47_code": "brx", "locale_id": "lang:003716", "is_canonical": true}, {"name": "čagatai", "bcp_47_code": "bs", "locale_id": "lang:005177", "is_canonical": true}, {"name": "txagatai", "bcp_47_code": "ca", "locale_id": "lang:000334", "is_canonical": true}, {"name": "𑄌𑄉𑄖𑄳𑄆", "bcp_47_code": "ccp", "locale_id": "lang:004815", "is_canonical": true}, {"name": "čagatajština", "bcp_47_code": "cs", "locale_id": "lang:007371", "is_canonical": true}, {"name": "chagatai", "bcp_47_code": "da", "locale_id": "lang:006478", "is_canonical": true}, {"name": "Tschagataisch", "bcp_47_code": "de", "locale_id": "lang:006636", "is_canonical": true}, {"name": "Τσαγκατάι", "bcp_47_code": "el", "locale_id": "lang:002331", "is_canonical": true}, {"name": "chagatái", "bcp_47_code": "es", "locale_id": "lang:005944", "is_canonical": true}, {"name": "tšagatai", "bcp_47_code": "et", "locale_id": "lang:007279", "is_canonical": true}, {"name": "جغتایی", "bcp_47_code": "fa", "locale_id": "lang:005211", "is_canonical": true}, {"name": "tšagatai", "bcp_47_code": "fi", "locale_id": "lang:005250", "is_canonical": true}, {"name": "tchaghataï", "bcp_47_code": "fr", "locale_id": "lang:002512", "is_canonical": true}, {"name": "Chagatai", "bcp_47_code": "fy", "locale_id": "lang:000608", "is_canonical": true}, {"name": "Chagatai", "bcp_47_code": "gd", "locale_id": "lang:005113", "is_canonical": true}, {"name": "Tschagataisch", "bcp_47_code": "gsw", "locale_id": "lang:006414", "is_canonical": true}, {"name": "છગાતાઇ", "bcp_47_code": "gu", "locale_id": "lang:006797", "is_canonical": true}, {"name": "צ׳אגאטאי", "bcp_47_code": "he", "locale_id": "lang:000780", "is_canonical": true}, {"name": "छगाताई", "bcp_47_code": "hi", "locale_id": "lang:005010", "is_canonical": true}, {"name": "čagatajski", "bcp_47_code": "hr", "locale_id": "lang:001280", "is_canonical": true}, {"name": "csagatáj", "bcp_47_code": "hu", "locale_id": "lang:004445", "is_canonical": true}, {"name": "Chagatai", "bcp_47_code": "id", "locale_id": "lang:005344", "is_canonical": true}, {"name": "sjagataí", "bcp_47_code": "is", "locale_id": "lang:006417", "is_canonical": true}, {"name": "ciagataico", "bcp_47_code": "it", "locale_id": "lang:005147", "is_canonical": true}, {"name": "チャガタイ語", "bcp_47_code": "ja", "locale_id": "lang:005185", "is_canonical": true}, {"name": "sagataj", "bcp_47_code": "kgp", "locale_id": "lang:005254", "is_canonical": true}, {"name": "ಚಗಟಾಯ್", "bcp_47_code": "kn", "locale_id": "lang:006289", "is_canonical": true}, {"name": "차가타이어", "bcp_47_code": "ko", "locale_id": "lang:000685", "is_canonical": true}, {"name": "چھَگتاے", "bcp_47_code": "ks", "locale_id": "lang:004361", "is_canonical": true}, {"name": "Tschagataesch", "bcp_47_code": "lb", "locale_id": "lang:003324", "is_canonical": true}, {"name": "ຊາກາໄຕ", "bcp_47_code": "lo", "locale_id": "lang:002848", "is_canonical": true}, {"name": "čagatų", "bcp_47_code": "lt", "locale_id": "lang:000996", "is_canonical": true}, {"name": "džagatajs", "bcp_47_code": "lv", "locale_id": "lang:006606", "is_canonical": true}, {"name": "чагатајски", "bcp_47_code": "mk", "locale_id": "lang:001683", "is_canonical": true}, {"name": "ഷാഗതായ്", "bcp_47_code": "ml", "locale_id": "lang:001880", "is_canonical": true}, {"name": "छागाताइ", "bcp_47_code": "mr", "locale_id": "lang:003376", "is_canonical": true}, {"name": "Chagatai", "bcp_47_code": "mt", "locale_id": "lang:004371", "is_canonical": true}, {"name": "Tschagataisch", "bcp_47_code": "nds", "locale_id": "lang:001710", "is_canonical": true}, {"name": "चागाटाई", "bcp_47_code": "ne", "locale_id": "lang:004630", "is_canonical": true}, {"name": "Chagatai", "bcp_47_code": "nl", "locale_id": "lang:006448", "is_canonical": true}, {"name": "tsjagataisk", "bcp_47_code": "nn", "locale_id": "lang:005019", "is_canonical": true}, {"name": "tsjagatai", "bcp_47_code": "no", "locale_id": "lang:002536", "is_canonical": true}, {"name": "ଛଗତାଇ", "bcp_47_code": "or", "locale_id": "lang:001930", "is_canonical": true}, {"name": "czagatajski", "bcp_47_code": "pl", "locale_id": "lang:001433", "is_canonical": true}, {"name": "chagatai", "bcp_47_code": "pt", "locale_id": "lang:001977", "is_canonical": true}, {"name": "tschagataic", "bcp_47_code": "rm", "locale_id": "lang:004318", "is_canonical": true}, {"name": "chagatai", "bcp_47_code": "ro", "locale_id": "lang:006592", "is_canonical": true}, {"name": "чагатайский", "bcp_47_code": "ru", "locale_id": "lang:006745", "is_canonical": true}, {"name": "čagatajčina", "bcp_47_code": "sk", "locale_id": "lang:005464", "is_canonical": true}, {"name": "čagatajščina", "bcp_47_code": "sl", "locale_id": "lang:004352", "is_canonical": true}, {"name": "чагатај", "bcp_47_code": "sr", "locale_id": "lang:002701", "is_canonical": true}, {"name": "chagatai", "bcp_47_code": "sv", "locale_id": "lang:004782", "is_canonical": true}, {"name": "ஷகதை", "bcp_47_code": "ta", "locale_id": "lang:002996", "is_canonical": true}, {"name": "చాగటై", "bcp_47_code": "te", "locale_id": "lang:000508", "is_canonical": true}, {"name": "ชะกะไต", "bcp_47_code": "th", "locale_id": "lang:000248", "is_canonical": true}, {"name": "lea fakasakatāi", "bcp_47_code": "to", "locale_id": "lang:006037", "is_canonical": true}, {"name": "Çağatayca", "bcp_47_code": "tr", "locale_id": "lang:000917", "is_canonical": true}, {"name": "چاغاتايچە", "bcp_47_code": "ug", "locale_id": "lang:003330", "is_canonical": true}, {"name": "чагатайська", "bcp_47_code": "uk", "locale_id": "lang:001994", "is_canonical": true}, {"name": "tiếng Chagatai", "bcp_47_code": "vi", "locale_id": "lang:004523", "is_canonical": true}, {"name": "xagatai", "bcp_47_code": "yrl", "locale_id": "lang:006863", "is_canonical": true}, {"name": "查加文", "bcp_47_code": "yue", "locale_id": "lang:005108", "is_canonical": true}, {"name": "察合台语", "bcp_47_code": "cmn", "locale_id": "lang:004378", "is_canonical": true}, {"name": "察合台語", "bcp_47_code": "cmn", "locale_id": "lang:004378", "is_canonical": null}, {"name": "Lenga chagatai", "bcp_47_code": "pms", "locale_id": "lang:003480", "is_canonical": true}, {"name": "język czagatajski", "bcp_47_code": "pl", "locale_id": "lang:001433", "is_canonical": null}, {"name": "טורקית צ'אגאטאי", "bcp_47_code": "he", "locale_id": "lang:000780", "is_canonical": null}, {"name": "chigʻatoy tili", "bcp_47_code": "uz", "locale_id": "lang:003386", "is_canonical": true}, {"name": "چاغاتاي ئۇيغۇر يېزىقى", "bcp_47_code": "ug", "locale_id": "lang:003330", "is_canonical": null}, {"name": "bahasa Chagatai", "bcp_47_code": "id", "locale_id": "lang:005344", "is_canonical": null}, {"name": "ചഗതായ് തുർക്കി ഭാഷ", "bcp_47_code": "ml", "locale_id": "lang:001880", "is_canonical": null}, {"name": "চাগাতাই ভাষা", "bcp_47_code": "bn", "locale_id": "lang:000178", "is_canonical": null}, {"name": "tchagataieg", "bcp_47_code": "br", "locale_id": "lang:003643", "is_canonical": true}, {"name": "Çağatay tili", "bcp_47_code": "crh", "locale_id": "lang:002905", "is_canonical": true}, {"name": "tjagataiska", "bcp_47_code": "sv", "locale_id": "lang:004782", "is_canonical": null}, {"name": "الجغطائية", "bcp_47_code": "ar", "locale_id": "lang:000884", "is_canonical": null}, {"name": "चग़ताई भाषा", "bcp_47_code": "hi", "locale_id": "lang:005010", "is_canonical": null}, {"name": "чагатайский язык", "bcp_47_code": "ru", "locale_id": "lang:006745", "is_canonical": null}, {"name": "Çağatay tele", "bcp_47_code": "tt", "locale_id": "lang:003939", "is_canonical": true}, {"name": "Чагатай чĕлхи", "bcp_47_code": "cv", "locale_id": "lang:003469", "is_canonical": true}, {"name": "ภาษาชากาทาย", "bcp_47_code": "th", "locale_id": "lang:000248", "is_canonical": null}, {"name": "limba ciagatai", "bcp_47_code": "ro", "locale_id": "lang:006592", "is_canonical": null}, {"name": "чагатајски јазик", "bcp_47_code": "mk", "locale_id": "lang:001683", "is_canonical": null}, {"name": "llengua txagatai", "bcp_47_code": "ca", "locale_id": "lang:000334", "is_canonical": null}, {"name": "tšagatain kieli", "bcp_47_code": "fi", "locale_id": "lang:005250", "is_canonical": null}, {"name": "чагатайська мова", "bcp_47_code": "uk", "locale_id": "lang:001994", "is_canonical": null}, {"name": "чагатайски език", "bcp_47_code": "bg", "locale_id": "lang:003294", "is_canonical": null}, {"name": "زبان ترکی جغتایی", "bcp_47_code": "fa", "locale_id": "lang:005211", "is_canonical": null}, {"name": "čagatajski jezik", "bcp_47_code": "hr", "locale_id": "lang:001280", "is_canonical": null}, {"name": "Idioma chagatai", "bcp_47_code": "an", "locale_id": "lang:000439", "is_canonical": true}, {"name": "Шағатай тілі", "bcp_47_code": "kk", "locale_id": "lang:001017", "is_canonical": true}, {"name": "Чагатай тили", "bcp_47_code": "ky", "locale_id": "lang:003193", "is_canonical": true}, {"name": "lingua chagatai", "bcp_47_code": "it", "locale_id": "lang:005147", "is_canonical": null}, {"name": "chagatai", "bcp_47_code": "nb", "locale_id": "lang:000958", "is_canonical": true}, {"name": "chagatai", "bcp_47_code": "es", "locale_id": "lang:005944", "is_canonical": null}, {"name": "சகாடை", "bcp_47_code": "ta", "locale_id": "lang:002996", "is_canonical": null}, {"name": "ĉagataja lingvo", "bcp_47_code": "eo", "locale_id": "lang:001065", "is_canonical": true}, {"name": "Цагадайн хэл", "bcp_47_code": "mn", "locale_id": "lang:005506", "is_canonical": true}, {"name": "Czagatajskŏ gŏdka", "bcp_47_code": "szl", "locale_id": "lang:002207", "is_canonical": true}, {"name": "txagatai hizkuntza", "bcp_47_code": "eu", "locale_id": "lang:004920", "is_canonical": true}, {"name": "tšagatai keel", "bcp_47_code": "et", "locale_id": "lang:007279", "is_canonical": null}, {"name": "جاغاتای تورکجه‌سی", "bcp_47_code": "azb", "locale_id": "lang:003109", "is_canonical": true}, {"name": "língua chagatai", "bcp_47_code": "pt", "locale_id": "lang:001977", "is_canonical": null}, {"name": "чагатајски језик", "bcp_47_code": "sr", "locale_id": "lang:002701", "is_canonical": null}, {"name": "чағатоӣ", "bcp_47_code": "tg", "locale_id": "lang:002532", "is_canonical": true}, {"name": "idioma chagatai", "bcp_47_code": "ast", "locale_id": "lang:006965", "is_canonical": null}, {"name": "察合臺语", "bcp_47_code": "wuu", "locale_id": "lang:006830", "is_canonical": true}, {"name": "چغتائی", "bcp_47_code": "pnb", "locale_id": "lang:003334", "is_canonical": true}, {"name": "чагатайская мова", "bcp_47_code": "be", "locale_id": "lang:004942", "is_canonical": true}, {"name": "察合台文", "bcp_47_code": "yue", "locale_id": "lang:005108", "is_canonical": null}, {"name": "Bahasa Chagatai", "bcp_47_code": "ms", "locale_id": "lang:001263", "is_canonical": true}, {"name": "Tsiagataidd", "bcp_47_code": "cy", "locale_id": "lang:005257", "is_canonical": true}, {"name": "Cığatay dili", "bcp_47_code": "az", "locale_id": "lang:000492", "is_canonical": null}, {"name": "Сығатай теле", "bcp_47_code": "ba", "locale_id": "lang:003847", "is_canonical": true}, {"name": "Чаҕатай тыла", "bcp_47_code": "sah", "locale_id": "lang:000767", "is_canonical": true}, {"name": "չագատայ", "bcp_47_code": "hy", "locale_id": "lang:006918", "is_canonical": true}, {"name": "جغتایي ژبه", "bcp_47_code": "ps", "locale_id": "lang:006281", "is_canonical": true}, {"name": "чатагайская мова", "bcp_47_code": "be", "locale_id": "lang:004942", "is_canonical": null}, {"name": "ချာဂတိုင်ဘာသာစကား", "bcp_47_code": "my", "locale_id": "lang:004196", "is_canonical": true}, {"name": "Τσαγαταϊκή γλώσσα", "bcp_47_code": "el", "locale_id": "lang:002331", "is_canonical": null}, {"name": "چغتائی", "bcp_47_code": "ur", "locale_id": "lang:001103", "is_canonical": true}, {"name": "lingua Tschagataica", "bcp_47_code": "la", "locale_id": "lang:016110", "is_canonical": true}, {"name": "Turki", "bcp_47_code": "ig", "locale_id": "lang:002832", "is_canonical": true}, {"name": "ਚਗ਼ਤਾਈ", "bcp_47_code": "pa", "locale_id": "lang:003658", "is_canonical": true}, {"name": "查加台語", "bcp_47_code": "cmn", "locale_id": "lang:004378", "is_canonical": null}, {"name": "查加泰语", "bcp_47_code": "cmn", "locale_id": "lang:004378", "is_canonical": null}, {"name": "察哈台语", "bcp_47_code": "cmn", "locale_id": "lang:004378", "is_canonical": null}, {"name": "东南突厥语", "bcp_47_code": "cmn", "locale_id": "lang:004378", "is_canonical": null}, {"name": "查加泰語", "bcp_47_code": "cmn", "locale_id": "lang:004378", "is_canonical": null}, {"name": "langue tchaghataï", "bcp_47_code": "fr", "locale_id": "lang:002512", "is_canonical": null}, {"name": "langue tchaghatai", "bcp_47_code": "fr", "locale_id": "lang:002512", "is_canonical": null}, {"name": "chig'atoy tili", "bcp_47_code": "uz", "locale_id": "lang:003386", "is_canonical": null}, {"name": "chig‘atoy tili", "bcp_47_code": "uz", "locale_id": "lang:003386", "is_canonical": null}, {"name": "eski oʻzbek tili", "bcp_47_code": "uz", "locale_id": "lang:003386", "is_canonical": null}, {"name": "Chagatay", "bcp_47_code": "de", "locale_id": "lang:006636", "is_canonical": null}, {"name": "Tschagataiisch", "bcp_47_code": "de", "locale_id": "lang:006636", "is_canonical": null}, {"name": "Tschagatai-Türkisch", "bcp_47_code": "de", "locale_id": "lang:006636", "is_canonical": null}, {"name": "tschagatai-türkische Sprache", "bcp_47_code": "de", "locale_id": "lang:006636", "is_canonical": null}, {"name": "tschagataiische Sprache", "bcp_47_code": "de", "locale_id": "lang:006636", "is_canonical": null}, {"name": "tschagataische Sprache", "bcp_47_code": "de", "locale_id": "lang:006636", "is_canonical": null}, {"name": "チャガタイ・トルコ語", "bcp_47_code": "ja", "locale_id": "lang:005185", "is_canonical": null}, {"name": "古ウズベク語", "bcp_47_code": "ja", "locale_id": "lang:005185", "is_canonical": null}, {"name": "চাগাতাই তুর্কীয় ভাষা", "bcp_47_code": "bn", "locale_id": "lang:000178", "is_canonical": null}, {"name": "Cağatay tili", "bcp_47_code": "crh", "locale_id": "lang:002905", "is_canonical": null}, {"name": "djagataiska", "bcp_47_code": "sv", "locale_id": "lang:004782", "is_canonical": null}, {"name": "djaghataiturkiska", "bcp_47_code": "sv", "locale_id": "lang:004782", "is_canonical": null}, {"name": "djagataiturkiska", "bcp_47_code": "sv", "locale_id": "lang:004782", "is_canonical": null}, {"name": "djaghataiska", "bcp_47_code": "sv", "locale_id": "lang:004782", "is_canonical": null}, {"name": "djaghatiturkiska", "bcp_47_code": "sv", "locale_id": "lang:004782", "is_canonical": null}, {"name": "tjagataiturkiska", "bcp_47_code": "sv", "locale_id": "lang:004782", "is_canonical": null}, {"name": "tjagatai-turkiska", "bcp_47_code": "sv", "locale_id": "lang:004782", "is_canonical": null}, {"name": "لغة جغتائية", "bcp_47_code": "ar", "locale_id": "lang:000884", "is_canonical": null}, {"name": "اللغة الجغتائية", "bcp_47_code": "ar", "locale_id": "lang:000884", "is_canonical": null}, {"name": "لغة جغطائية", "bcp_47_code": "ar", "locale_id": "lang:000884", "is_canonical": null}, {"name": "чагатайский тюрки", "bcp_47_code": "ru", "locale_id": "lang:006745", "is_canonical": null}, {"name": "джагатайский язык", "bcp_47_code": "ru", "locale_id": "lang:006745", "is_canonical": null}, {"name": "староузбекский язык", "bcp_47_code": "ru", "locale_id": "lang:006745", "is_canonical": null}, {"name": "Çagatayca", "bcp_47_code": "tr", "locale_id": "lang:000917", "is_canonical": null}, {"name": "Çağatay Türkçesi", "bcp_47_code": "tr", "locale_id": "lang:000917", "is_canonical": null}, {"name": "karluc", "bcp_47_code": "ca", "locale_id": "lang:000334", "is_canonical": null}, {"name": "tshagatain kieli", "bcp_47_code": "fi", "locale_id": "lang:005250", "is_canonical": null}, {"name": "ترکی جغتایی", "bcp_47_code": "fa", "locale_id": "lang:005211", "is_canonical": null}, {"name": "جغتائی", "bcp_47_code": "fa", "locale_id": "lang:005211", "is_canonical": null}, {"name": "Turquico chagatai", "bcp_47_code": "an", "locale_id": "lang:000439", "is_canonical": null}, {"name": "Old Uzbek", "bcp_47_code": "en", "locale_id": "lang:004172", "is_canonical": null}, {"name": "Chaghatay", "bcp_47_code": "en", "locale_id": "lang:004172", "is_canonical": null}, {"name": "tjurka lingvo", "bcp_47_code": "eo", "locale_id": "lang:001065", "is_canonical": null}, {"name": "malnov-uzbeka lingvo", "bcp_47_code": "eo", "locale_id": "lang:001065", "is_canonical": null}, {"name": "malnova uzbeka lingvo", "bcp_47_code": "eo", "locale_id": "lang:001065", "is_canonical": null}, {"name": "Hen Wsbeceg", "bcp_47_code": "cy", "locale_id": "lang:005257", "is_canonical": null}, {"name": "senā uzbeku valoda", "bcp_47_code": "lv", "locale_id": "lang:006606", "is_canonical": null}, {"name": "csagatáj nyelv", "bcp_47_code": "hu", "locale_id": "lang:004445", "is_canonical": null}, {"name": "چغتائی اردو", "bcp_47_code": "ur", "locale_id": "lang:001103", "is_canonical": null}, {"name": "забони ҷағатоӣ", "bcp_47_code": "tg", "locale_id": "lang:002532", "is_canonical": null}, {"name": "čagatajski jezik", "bcp_47_code": "sl", "locale_id": "lang:004352", "is_canonical": null}, {"name": "djaghataï", "bcp_47_code": "fr", "locale_id": "lang:002512", "is_canonical": null}, {"name": "لغة جغتاي", "bcp_47_code": "ar", "locale_id": "lang:000884", "is_canonical": null}, {"name": "ภาษาชะกะไต", "bcp_47_code": "th", "locale_id": "lang:000248", "is_canonical": null}]