[{"name": "Basap", "bcp_47_code": "en", "locale_id": "lang:004172", "is_canonical": true}, {"name": "Lenga basap", "bcp_47_code": "pms", "locale_id": "lang:003480", "is_canonical": true}, {"name": "basap jezik", "bcp_47_code": "hr", "locale_id": "lang:001280", "is_canonical": true}, {"name": "Kibasap", "bcp_47_code": "sw", "locale_id": "lang:001597", "is_canonical": true}, {"name": "ภาษาบาซับ", "bcp_47_code": "th", "locale_id": "lang:000248", "is_canonical": true}, {"name": "Basap", "bcp_47_code": "ilo", "locale_id": "lang:007408", "is_canonical": true}, {"name": "Wikang Basap", "bcp_47_code": "tl", "locale_id": "lang:002540", "is_canonical": true}, {"name": "Tataramon na Basap", "bcp_47_code": "bcl", "locale_id": "lang:005135", "is_canonical": true}, {"name": "bahasa Basap", "bcp_47_code": "id", "locale_id": "lang:005344", "is_canonical": true}, {"name": "巴薩普語", "bcp_47_code": "cmn", "locale_id": "lang:004378", "is_canonical": true}, {"name": "język basap", "bcp_47_code": "pl", "locale_id": "lang:001433", "is_canonical": true}, {"name": "Bahasa Basap", "bcp_47_code": "ms", "locale_id": "lang:001263", "is_canonical": true}]