[{"name": "ǂHua", "bcp_47_code": "en", "locale_id": "lang:004172", "is_canonical": true}, {"name": "Amkoe", "bcp_47_code": "en", "locale_id": "lang:004172", "is_canonical": true}, {"name": "ǂʼAmkhoe", "bcp_47_code": "en", "locale_id": "lang:004172", "is_canonical": null}, {"name": "ǂHoan", "bcp_47_code": "en", "locale_id": "lang:004172", "is_canonical": null}, {"name": "чъхоан", "bcp_47_code": "ru", "locale_id": "lang:006745", "is_canonical": true}, {"name": "ǂ’Amkoe", "bcp_47_code": "en", "locale_id": "lang:004172", "is_canonical": null}, {"name": "ǂhua jezik", "bcp_47_code": "hr", "locale_id": "lang:001280", "is_canonical": true}, {"name": "lingua ǂhua", "bcp_47_code": "it", "locale_id": "lang:005147", "is_canonical": true}, {"name": "hoan-Sprache", "bcp_47_code": "de", "locale_id": "lang:006636", "is_canonical": true}, {"name": "Lenga Hua", "bcp_47_code": "pms", "locale_id": "lang:003480", "is_canonical": true}, {"name": "ǂhua", "bcp_47_code": "sv", "locale_id": "lang:004782", "is_canonical": true}, {"name": "idioma ǂhua", "bcp_47_code": "es", "locale_id": "lang:005944", "is_canonical": true}, {"name": "ǂ’Amkoe", "bcp_47_code": "nl", "locale_id": "lang:006448", "is_canonical": true}, {"name": "ホアン語", "bcp_47_code": "ja", "locale_id": "lang:005185", "is_canonical": true}, {"name": "Wikang ǂ’Amkoe", "bcp_47_code": "tl", "locale_id": "lang:002540", "is_canonical": true}, {"name": "hua keel", "bcp_47_code": "et", "locale_id": "lang:007279", "is_canonical": true}, {"name": "língua ǂ’amkoe", "bcp_47_code": "pt", "locale_id": "lang:001977", "is_canonical": true}, {"name": "ǂhoan", "bcp_47_code": "fr", "locale_id": "lang:002512", "is_canonical": true}, {"name": "ǂʼ암코이어", "bcp_47_code": "ko", "locale_id": "lang:000685", "is_canonical": true}, {"name": "ǂhua", "bcp_47_code": "cs", "locale_id": "lang:007371", "is_canonical": true}, {"name": "ǂ’amkoe", "bcp_47_code": "vec", "locale_id": "lang:004329", "is_canonical": true}, {"name": "lingua ǂhoan", "bcp_47_code": "it", "locale_id": "lang:005147", "is_canonical": null}, {"name": "‡hõã", "bcp_47_code": "it", "locale_id": "lang:005147", "is_canonical": null}, {"name": "ǂhoan", "bcp_47_code": "it", "locale_id": "lang:005147", "is_canonical": null}, {"name": "ǂHȍã", "bcp_47_code": "en", "locale_id": "lang:004172", "is_canonical": null}, {"name": "ǂHû", "bcp_47_code": "en", "locale_id": "lang:004172", "is_canonical": null}, {"name": "ǂHûân", "bcp_47_code": "en", "locale_id": "lang:004172", "is_canonical": null}, {"name": "ǂ’Amkoe語", "bcp_47_code": "ja", "locale_id": "lang:005185", "is_canonical": null}, {"name": "Hua", "bcp_47_code": "en", "locale_id": "lang:004172", "is_canonical": null}]