[{"name": "ǁGana", "bcp_47_code": "en", "locale_id": "lang:004172", "is_canonical": true}, {"name": "лъгана-цъгви", "bcp_47_code": "ru", "locale_id": "lang:006745", "is_canonical": true}, {"name": "GǁAna", "bcp_47_code": "en", "locale_id": "lang:004172", "is_canonical": null}, {"name": "ǁgana jezik", "bcp_47_code": "hr", "locale_id": "lang:001280", "is_canonical": true}, {"name": "lingua gǁana", "bcp_47_code": "it", "locale_id": "lang:005147", "is_canonical": true}, {"name": "ガーナ語", "bcp_47_code": "ja", "locale_id": "lang:005185", "is_canonical": true}, {"name": "Lenga Gana", "bcp_47_code": "pms", "locale_id": "lang:003480", "is_canonical": true}, {"name": "gana", "bcp_47_code": "fr", "locale_id": "lang:002512", "is_canonical": true}, {"name": "Wikang Gǁana", "bcp_47_code": "tl", "locale_id": "lang:002540", "is_canonical": true}, {"name": "||Gana", "bcp_47_code": "nl", "locale_id": "lang:006448", "is_canonical": true}, {"name": "gǁana", "bcp_47_code": "vec", "locale_id": "lang:004329", "is_canonical": true}, {"name": "язык лъгана-цъгви", "bcp_47_code": "ru", "locale_id": "lang:006745", "is_canonical": null}, {"name": "Gana", "bcp_47_code": "en", "locale_id": "lang:004172", "is_canonical": null}, {"name": "||Gana", "bcp_47_code": "en", "locale_id": "lang:004172", "is_canonical": null}, {"name": "Gxana", "bcp_47_code": "en", "locale_id": "lang:004172", "is_canonical": null}, {"name": "Dxana", "bcp_47_code": "en", "locale_id": "lang:004172", "is_canonical": null}, {"name": "Xgana", "bcp_47_code": "en", "locale_id": "lang:004172", "is_canonical": null}, {"name": "gǁana", "bcp_47_code": "fr", "locale_id": "lang:002512", "is_canonical": null}, {"name": "//Gana", "bcp_47_code": "en", "locale_id": "lang:004172", "is_canonical": true}]