[{"name": "Suruahá", "bcp_47_code": "en", "locale_id": "lang:004172", "is_canonical": true}, {"name": "Lenga suruahá", "bcp_47_code": "pms", "locale_id": "lang:003480", "is_canonical": true}, {"name": "suruwahá", "bcp_47_code": "fr", "locale_id": "lang:002512", "is_canonical": true}, {"name": "Zuruahá", "bcp_47_code": "en", "locale_id": "lang:004172", "is_canonical": null}, {"name": "suruahá jezik", "bcp_47_code": "hr", "locale_id": "lang:001280", "is_canonical": true}, {"name": "зуруахаски јазик", "bcp_47_code": "mk", "locale_id": "lang:001683", "is_canonical": true}, {"name": "sorowahá", "bcp_47_code": "es", "locale_id": "lang:005944", "is_canonical": true}, {"name": "суруаха", "bcp_47_code": "ru", "locale_id": "lang:006745", "is_canonical": true}, {"name": "zourouahaeg", "bcp_47_code": "br", "locale_id": "lang:003643", "is_canonical": true}, {"name": "祖魯阿哈語", "bcp_47_code": "cmn", "locale_id": "lang:004378", "is_canonical": true}, {"name": "Wikang Zuruahá", "bcp_47_code": "tl", "locale_id": "lang:002540", "is_canonical": true}, {"name": "zuruahá", "bcp_47_code": "ca", "locale_id": "lang:000334", "is_canonical": true}, {"name": "suruahá", "bcp_47_code": "es", "locale_id": "lang:005944", "is_canonical": null}, {"name": "zuruahá", "bcp_47_code": "es", "locale_id": "lang:005944", "is_canonical": null}, {"name": "suruwaha", "bcp_47_code": "es", "locale_id": "lang:005944", "is_canonical": null}, {"name": "zuruaha", "bcp_47_code": "es", "locale_id": "lang:005944", "is_canonical": null}, {"name": "sorowaha", "bcp_47_code": "es", "locale_id": "lang:005944", "is_canonical": null}, {"name": "suruaha", "bcp_47_code": "es", "locale_id": "lang:005944", "is_canonical": null}, {"name": "Zuruaha", "bcp_47_code": "en", "locale_id": "lang:004172", "is_canonical": null}, {"name": "Suruaha", "bcp_47_code": "en", "locale_id": "lang:004172", "is_canonical": null}, {"name": "índios do coxodoá", "bcp_47_code": "ca", "locale_id": "lang:000334", "is_canonical": null}, {"name": "suruuarrás", "bcp_47_code": "pt", "locale_id": "lang:001977", "is_canonical": true}, {"name": "Zuruahã", "bcp_47_code": "de", "locale_id": "lang:006636", "is_canonical": true}]