[{"name": "Bambalang", "bcp_47_code": "en", "locale_id": "lang:004172", "is_canonical": true}, {"name": "Kibambalang", "bcp_47_code": "sw", "locale_id": "lang:001597", "is_canonical": true}, {"name": "Lenga Bambalang", "bcp_47_code": "pms", "locale_id": "lang:003480", "is_canonical": true}, {"name": "Bambalang", "bcp_47_code": "de", "locale_id": "lang:006636", "is_canonical": true}, {"name": "bambalang jezik", "bcp_47_code": "hr", "locale_id": "lang:001280", "is_canonical": true}, {"name": "bambalang", "bcp_47_code": "ca", "locale_id": "lang:000334", "is_canonical": true}, {"name": "bambalang", "bcp_47_code": "oc", "locale_id": "lang:003832", "is_canonical": true}, {"name": "bambalang", "bcp_47_code": "fr", "locale_id": "lang:002512", "is_canonical": true}, {"name": "Wikang Bambalang", "bcp_47_code": "tl", "locale_id": "lang:002540", "is_canonical": true}, {"name": "bambalang", "bcp_47_code": "eu", "locale_id": "lang:004920", "is_canonical": true}, {"name": "Bambolang", "bcp_47_code": "de", "locale_id": "lang:006636", "is_canonical": null}, {"name": "Tschirambo", "bcp_47_code": "de", "locale_id": "lang:006636", "is_canonical": null}, {"name": "Mboyakum", "bcp_47_code": "de", "locale_id": "lang:006636", "is_canonical": null}, {"name": "bambolang", "bcp_47_code": "fr", "locale_id": "lang:002512", "is_canonical": null}, {"name": "chirambo", "bcp_47_code": "fr", "locale_id": "lang:002512", "is_canonical": null}, {"name": "chrambo", "bcp_47_code": "fr", "locale_id": "lang:002512", "is_canonical": null}, {"name": "mboyakum", "bcp_47_code": "fr", "locale_id": "lang:002512", "is_canonical": null}, {"name": "mbawyakum", "bcp_47_code": "fr", "locale_id": "lang:002512", "is_canonical": null}, {"name": "tshirambo", "bcp_47_code": "fr", "locale_id": "lang:002512", "is_canonical": null}]