[{"name": "Tanudan Kalinga", "bcp_47_code": "en", "locale_id": "lang:004172", "is_canonical": true}, {"name": "Upper Tanudan Kalinga", "bcp_47_code": "en", "locale_id": "lang:004172", "is_canonical": null}, {"name": "Kikalinga-Tanudan", "bcp_47_code": "sw", "locale_id": "lang:001597", "is_canonical": true}, {"name": "tanudan anferior Lenga kalinga", "bcp_47_code": "pms", "locale_id": "lang:003480", "is_canonical": true}, {"name": "kalinga tanudan", "bcp_47_code": "fr", "locale_id": "lang:002512", "is_canonical": true}, {"name": "Lower Tanudan Kalinga", "bcp_47_code": "en", "locale_id": "lang:004172", "is_canonical": null}]