[{"name": "Assiniboine", "bcp_47_code": "en", "locale_id": "lang:004172", "is_canonical": true}, {"name": "Lenga assiniboine", "bcp_47_code": "pms", "locale_id": "lang:003480", "is_canonical": true}, {"name": "język assiniboine", "bcp_47_code": "pl", "locale_id": "lang:001433", "is_canonical": true}, {"name": "asiniboineg", "bcp_47_code": "br", "locale_id": "lang:003643", "is_canonical": true}, {"name": "assiniboine", "bcp_47_code": "fr", "locale_id": "lang:002512", "is_canonical": true}, {"name": "ассинибойн", "bcp_47_code": "ru", "locale_id": "lang:006745", "is_canonical": true}, {"name": "assiniboine jezik", "bcp_47_code": "hr", "locale_id": "lang:001280", "is_canonical": true}, {"name": "Nakotaca", "bcp_47_code": "tr", "locale_id": "lang:000917", "is_canonical": true}, {"name": "lingua assiniboine", "bcp_47_code": "it", "locale_id": "lang:005147", "is_canonical": true}, {"name": "Assiniboin", "bcp_47_code": "fy", "locale_id": "lang:000608", "is_canonical": true}, {"name": "assiniboin", "bcp_47_code": "ca", "locale_id": "lang:000334", "is_canonical": true}, {"name": "ասինիբոյն", "bcp_47_code": "hy", "locale_id": "lang:006918", "is_canonical": true}, {"name": "língua assiniboine", "bcp_47_code": "pt", "locale_id": "lang:001977", "is_canonical": true}, {"name": "Assiniboine", "bcp_47_code": "nl", "locale_id": "lang:006448", "is_canonical": true}, {"name": "assiniboini keel", "bcp_47_code": "et", "locale_id": "lang:007279", "is_canonical": true}, {"name": "bahasa Assiniboine", "bcp_47_code": "id", "locale_id": "lang:005344", "is_canonical": true}, {"name": "асинибойн", "bcp_47_code": "bg", "locale_id": "lang:003294", "is_canonical": true}, {"name": "阿西尼博因语", "bcp_47_code": "cmn", "locale_id": "lang:004378", "is_canonical": true}, {"name": "assiniboine", "bcp_47_code": "vec", "locale_id": "lang:004329", "is_canonical": true}, {"name": "język nakoda", "bcp_47_code": "pl", "locale_id": "lang:001433", "is_canonical": null}, {"name": "langue assiniboine", "bcp_47_code": "fr", "locale_id": "lang:002512", "is_canonical": null}, {"name": "阿西尼博因語", "bcp_47_code": "cmn", "locale_id": "lang:004378", "is_canonical": null}, {"name": "assiniboine", "bcp_47_code": "ca", "locale_id": "lang:000334", "is_canonical": null}, {"name": "hohe", "bcp_47_code": "ca", "locale_id": "lang:000334", "is_canonical": null}, {"name": "nakoda", "bcp_47_code": "ca", "locale_id": "lang:000334", "is_canonical": null}, {"name": "nakota", "bcp_47_code": "ca", "locale_id": "lang:000334", "is_canonical": null}]