[{"name": "Kenati", "bcp_47_code": "en", "locale_id": "lang:004172", "is_canonical": true}, {"name": "кенати", "bcp_47_code": "ru", "locale_id": "lang:006745", "is_canonical": true}, {"name": "język kenati", "bcp_47_code": "pl", "locale_id": "lang:001433", "is_canonical": true}, {"name": "idioma kenati", "bcp_47_code": "es", "locale_id": "lang:005944", "is_canonical": true}, {"name": "Lenga Kenati", "bcp_47_code": "pms", "locale_id": "lang:003480", "is_canonical": true}, {"name": "Kikenati", "bcp_47_code": "sw", "locale_id": "lang:001597", "is_canonical": true}, {"name": "Kenati", "bcp_47_code": "ilo", "locale_id": "lang:007408", "is_canonical": true}, {"name": "Γλώσσα Κενάτι", "bcp_47_code": "el", "locale_id": "lang:002331", "is_canonical": true}, {"name": "idioma kenati", "bcp_47_code": "ast", "locale_id": "lang:006965", "is_canonical": true}]