[{"name": "Whitesands", "bcp_47_code": "en", "locale_id": "lang:004172", "is_canonical": true}, {"name": "Lenga Whitesands", "bcp_47_code": "pms", "locale_id": "lang:003480", "is_canonical": true}, {"name": "whitesands", "bcp_47_code": "fr", "locale_id": "lang:002512", "is_canonical": true}, {"name": "whitesands jezik", "bcp_47_code": "hr", "locale_id": "lang:001280", "is_canonical": true}, {"name": "Whitesands", "bcp_47_code": "ilo", "locale_id": "lang:007408", "is_canonical": true}, {"name": "napuanmeni keel", "bcp_47_code": "et", "locale_id": "lang:007279", "is_canonical": true}, {"name": "Whitesands", "bcp_47_code": "lfn", "locale_id": null, "is_canonical": true}, {"name": "język whitesands", "bcp_47_code": "pl", "locale_id": "lang:001433", "is_canonical": true}, {"name": "whitesandsi keel", "bcp_47_code": "et", "locale_id": "lang:007279", "is_canonical": null}]