[{"name": "Aruop", "bcp_47_code": "en", "locale_id": "lang:004172", "is_canonical": true}, {"name": "Srenge", "bcp_47_code": "en", "locale_id": "lang:004172", "is_canonical": true}, {"name": "Lenga aruop", "bcp_47_code": "pms", "locale_id": "lang:003480", "is_canonical": true}, {"name": "aruop jezik", "bcp_47_code": "hr", "locale_id": "lang:001280", "is_canonical": true}, {"name": "Kiaruop", "bcp_47_code": "sw", "locale_id": "lang:001597", "is_canonical": true}, {"name": "język aruop", "bcp_47_code": "pl", "locale_id": "lang:001433", "is_canonical": true}, {"name": "Aruop", "bcp_47_code": "ilo", "locale_id": "lang:007408", "is_canonical": true}]