[{"name": "Kwangali", "bcp_47_code": "en", "locale_id": "lang:004172", "is_canonical": true}, {"name": "Kikwangali", "bcp_47_code": "sw", "locale_id": "lang:001597", "is_canonical": true}, {"name": "kwangali", "bcp_47_code": "pt", "locale_id": "lang:001977", "is_canonical": true}, {"name": "Rukwangali", "bcp_47_code": "de", "locale_id": "lang:006636", "is_canonical": true}, {"name": "Lenga Kwangwali", "bcp_47_code": "pms", "locale_id": "lang:003480", "is_canonical": true}, {"name": "idioma rukwangali", "bcp_47_code": "es", "locale_id": "lang:005944", "is_canonical": true}, {"name": "kwangali", "bcp_47_code": "ca", "locale_id": "lang:000334", "is_canonical": true}, {"name": "Kwangali", "bcp_47_code": "nl", "locale_id": "lang:006448", "is_canonical": true}, {"name": "kwangali", "bcp_47_code": "fr", "locale_id": "lang:002512", "is_canonical": true}, {"name": "クワンガリ語", "bcp_47_code": "ja", "locale_id": "lang:005185", "is_canonical": true}, {"name": "Wikang Kwangali", "bcp_47_code": "tl", "locale_id": "lang:002540", "is_canonical": true}, {"name": "卡納利語", "bcp_47_code": "cmn", "locale_id": "lang:004378", "is_canonical": true}, {"name": "Kwangali", "bcp_47_code": "af", "locale_id": "lang:006849", "is_canonical": true}, {"name": "Rukwangali", "bcp_47_code": "gl", "locale_id": "lang:006921", "is_canonical": true}, {"name": "РуКвангали теле", "bcp_47_code": "tt", "locale_id": "lang:003939", "is_canonical": true}, {"name": "língua rukwangali", "bcp_47_code": "pt", "locale_id": "lang:001977", "is_canonical": null}, {"name": "língua kwangali", "bcp_47_code": "pt", "locale_id": "lang:001977", "is_canonical": null}, {"name": "Diriku", "bcp_47_code": "de", "locale_id": "lang:006636", "is_canonical": null}, {"name": "rukwangali", "bcp_47_code": "es", "locale_id": "lang:005944", "is_canonical": null}, {"name": "Kwangari", "bcp_47_code": "en", "locale_id": "lang:004172", "is_canonical": null}, {"name": "RuKwangali", "bcp_47_code": "gl", "locale_id": "lang:006921", "is_canonical": null}, {"name": "SiKwangali", "bcp_47_code": "gl", "locale_id": "lang:006921", "is_canonical": null}, {"name": "rukwángali", "bcp_47_code": "fr", "locale_id": "lang:002512", "is_canonical": null}, {"name": "Rukwangali", "bcp_47_code": "kwn", "locale_id": "lang:000292", "is_canonical": true}]