[{"name": "Tatuyo", "bcp_47_code": "en", "locale_id": "lang:004172", "is_canonical": true}, {"name": "Lenga tatuyo", "bcp_47_code": "pms", "locale_id": "lang:003480", "is_canonical": true}, {"name": "tatuyo", "bcp_47_code": "fr", "locale_id": "lang:002512", "is_canonical": true}, {"name": "tatuyo", "bcp_47_code": "es", "locale_id": "lang:005944", "is_canonical": true}, {"name": "tatuyo", "bcp_47_code": "hr", "locale_id": "lang:001280", "is_canonical": true}, {"name": "tatuyo", "bcp_47_code": "it", "locale_id": "lang:005147", "is_canonical": true}, {"name": "татуйо", "bcp_47_code": "ru", "locale_id": "lang:006745", "is_canonical": true}, {"name": "pamöá", "bcp_47_code": "sh", "locale_id": "lang:003245", "is_canonical": true}, {"name": "Wikang Tatuyo", "bcp_47_code": "tl", "locale_id": "lang:002540", "is_canonical": true}, {"name": "Lingua tatuyo", "bcp_47_code": "gl", "locale_id": "lang:006921", "is_canonical": true}, {"name": "tatuyo", "bcp_47_code": "ca", "locale_id": "lang:000334", "is_canonical": true}, {"name": "tatuyo", "bcp_47_code": "vec", "locale_id": "lang:004329", "is_canonical": true}, {"name": "pamöá", "bcp_47_code": "hr", "locale_id": "lang:001280", "is_canonical": null}]