[{"name": "Guro", "bcp_47_code": "en", "locale_id": "lang:004172", "is_canonical": true}, {"name": "Kiguro", "bcp_47_code": "sw", "locale_id": "lang:001597", "is_canonical": true}, {"name": "Guro", "bcp_47_code": "de", "locale_id": "lang:006636", "is_canonical": true}, {"name": "Lenga Guro", "bcp_47_code": "pms", "locale_id": "lang:003480", "is_canonical": true}, {"name": "gouro", "bcp_47_code": "fr", "locale_id": "lang:002512", "is_canonical": true}, {"name": "グロ語", "bcp_47_code": "ja", "locale_id": "lang:005185", "is_canonical": true}, {"name": "idioma guro", "bcp_47_code": "es", "locale_id": "lang:005944", "is_canonical": true}, {"name": "ґуро", "bcp_47_code": "uk", "locale_id": "lang:001994", "is_canonical": true}, {"name": "Γλώσσα Γκούρο", "bcp_47_code": "el", "locale_id": "lang:002331", "is_canonical": true}, {"name": "idioma guro", "bcp_47_code": "ast", "locale_id": "lang:006965", "is_canonical": true}, {"name": "guron kieli", "bcp_47_code": "fi", "locale_id": "lang:005250", "is_canonical": true}, {"name": "গুরো ভাষা", "bcp_47_code": "bn", "locale_id": "lang:000178", "is_canonical": true}, {"name": "古罗语", "bcp_47_code": "cmn", "locale_id": "lang:004378", "is_canonical": true}, {"name": "гуро", "bcp_47_code": "ru", "locale_id": "lang:006745", "is_canonical": true}, {"name": "ဂူရဝ်", "bcp_47_code": "mnw", "locale_id": "lang:003433", "is_canonical": true}, {"name": "Guro", "bcp_47_code": "ig", "locale_id": "lang:002832", "is_canonical": true}, {"name": "Kwéndré", "bcp_47_code": "en", "locale_id": "lang:004172", "is_canonical": null}, {"name": "Kweni", "bcp_47_code": "en", "locale_id": "lang:004172", "is_canonical": null}, {"name": "Lo", "bcp_47_code": "en", "locale_id": "lang:004172", "is_canonical": null}, {"name": "Kwendre", "bcp_47_code": "en", "locale_id": "lang:004172", "is_canonical": null}, {"name": "ဘာသာဂူရဝ်", "bcp_47_code": "mnw", "locale_id": "lang:003433", "is_canonical": null}, {"name": "Gouro", "bcp_47_code": "goa", "locale_id": "lang:000167", "is_canonical": true}, {"name": "Kwéndré", "bcp_47_code": "goa", "locale_id": "lang:000167", "is_canonical": null}]