[{"name": "Korowai", "bcp_47_code": "en", "locale_id": "lang:004172", "is_canonical": true}, {"name": "Lenga Korowai", "bcp_47_code": "pms", "locale_id": "lang:003480", "is_canonical": true}, {"name": "Kikorowai", "bcp_47_code": "sw", "locale_id": "lang:001597", "is_canonical": true}, {"name": "língua korowai", "bcp_47_code": "pt", "locale_id": "lang:001977", "is_canonical": true}, {"name": "Karufo Auf", "bcp_47_code": "id", "locale_id": "lang:005344", "is_canonical": true}, {"name": "Korowai", "bcp_47_code": "ilo", "locale_id": "lang:007408", "is_canonical": true}, {"name": "korowai", "bcp_47_code": "fr", "locale_id": "lang:002512", "is_canonical": true}, {"name": "korovai keel", "bcp_47_code": "et", "locale_id": "lang:007279", "is_canonical": true}, {"name": "короваї", "bcp_47_code": "uk", "locale_id": "lang:001994", "is_canonical": true}, {"name": "Lingua korowai", "bcp_47_code": "gl", "locale_id": "lang:006921", "is_canonical": true}, {"name": "короваи", "bcp_47_code": "ru", "locale_id": "lang:006745", "is_canonical": true}, {"name": "język korowai", "bcp_47_code": "pl", "locale_id": "lang:001433", "is_canonical": true}, {"name": "Karufo Auf", "bcp_47_code": "en", "locale_id": "lang:004172", "is_canonical": null}, {"name": "Kolufaup", "bcp_47_code": "en", "locale_id": "lang:004172", "is_canonical": null}, {"name": "bahasa Korowai", "bcp_47_code": "id", "locale_id": "lang:005344", "is_canonical": null}, {"name": "bahasa Kolufaup", "bcp_47_code": "id", "locale_id": "lang:005344", "is_canonical": null}]