[{"name": "Savi", "bcp_47_code": "en", "locale_id": "lang:004172", "is_canonical": true}, {"name": "sawi", "bcp_47_code": "fi", "locale_id": "lang:005250", "is_canonical": true}, {"name": "sawi", "bcp_47_code": "fr", "locale_id": "lang:002512", "is_canonical": true}, {"name": "Sawigiella", "bcp_47_code": "se", "locale_id": "lang:000771", "is_canonical": true}, {"name": "Lenga savi", "bcp_47_code": "pms", "locale_id": "lang:003480", "is_canonical": true}, {"name": "サウ語", "bcp_47_code": "ja", "locale_id": "lang:005185", "is_canonical": true}, {"name": "savi", "bcp_47_code": "oc", "locale_id": "lang:003832", "is_canonical": true}, {"name": "ساوی زبان", "bcp_47_code": "ur", "locale_id": "lang:001103", "is_canonical": true}, {"name": "língua sawi", "bcp_47_code": "pt", "locale_id": "lang:001977", "is_canonical": true}, {"name": "Сави теле", "bcp_47_code": "tt", "locale_id": "lang:003939", "is_canonical": true}, {"name": "سوجی", "bcp_47_code": "pnb", "locale_id": "lang:003334", "is_canonical": true}, {"name": "ਸੌਜੀ", "bcp_47_code": "pa", "locale_id": "lang:003658", "is_canonical": true}, {"name": "زبان ساوی", "bcp_47_code": "fa", "locale_id": "lang:005211", "is_canonical": true}, {"name": "ছাৱী ভাষা", "bcp_47_code": "as", "locale_id": "lang:003208", "is_canonical": true}, {"name": "Sauji", "bcp_47_code": "en", "locale_id": "lang:004172", "is_canonical": true}]