[{"name": "Temacine Tamazight", "bcp_47_code": "en", "locale_id": "lang:004172", "is_canonical": true}, {"name": "Oued Righ", "bcp_47_code": "en", "locale_id": "lang:004172", "is_canonical": true}, {"name": "temacine tamazight jezik", "bcp_47_code": "sh", "locale_id": "lang:003245", "is_canonical": true}, {"name": "Tugurt", "bcp_47_code": "en", "locale_id": "lang:004172", "is_canonical": null}, {"name": "temacine tamazight jezik", "bcp_47_code": "hr", "locale_id": "lang:001280", "is_canonical": true}, {"name": "ригх", "bcp_47_code": "ru", "locale_id": "lang:006745", "is_canonical": true}, {"name": "temasineg", "bcp_47_code": "br", "locale_id": "lang:003643", "is_canonical": true}, {"name": "Lenga Tamazight Temacine", "bcp_47_code": "pms", "locale_id": "lang:003480", "is_canonical": true}, {"name": "トゥーグラ語", "bcp_47_code": "ja", "locale_id": "lang:005185", "is_canonical": true}, {"name": "tugurt", "bcp_47_code": "ca", "locale_id": "lang:000334", "is_canonical": true}, {"name": "Wikang Tugurt", "bcp_47_code": "tl", "locale_id": "lang:002540", "is_canonical": true}, {"name": "لغة تقرت", "bcp_47_code": "ar", "locale_id": "lang:000884", "is_canonical": true}, {"name": "tamazight temacine", "bcp_47_code": "fr", "locale_id": "lang:002512", "is_canonical": true}, {"name": "莱赫干谷柏柏尔语", "bcp_47_code": "cmn", "locale_id": "lang:004378", "is_canonical": true}, {"name": "توݣورت", "bcp_47_code": "ary", "locale_id": "lang:001493", "is_canonical": true}, {"name": "idioma tugurt", "bcp_47_code": "es", "locale_id": "lang:005944", "is_canonical": true}, {"name": "тугуртски јазик", "bcp_47_code": "mk", "locale_id": "lang:001683", "is_canonical": true}, {"name": "Oued-Righ Berber", "bcp_47_code": "en", "locale_id": "lang:004172", "is_canonical": null}]