[{"name": "Bonjo", "bcp_47_code": "en", "locale_id": "lang:004172", "is_canonical": true}, {"name": "Impfondo", "bcp_47_code": "en", "locale_id": "lang:004172", "is_canonical": true}, {"name": "Kibonjo", "bcp_47_code": "sw", "locale_id": "lang:001597", "is_canonical": true}, {"name": "Bonjo", "bcp_47_code": "de", "locale_id": "lang:006636", "is_canonical": true}, {"name": "Lenga Bonjo", "bcp_47_code": "pms", "locale_id": "lang:003480", "is_canonical": true}, {"name": "bonjo jezik", "bcp_47_code": "hr", "locale_id": "lang:001280", "is_canonical": true}, {"name": "bonjo", "bcp_47_code": "ca", "locale_id": "lang:000334", "is_canonical": true}, {"name": "bonjo", "bcp_47_code": "oc", "locale_id": "lang:003832", "is_canonical": true}, {"name": "ボンジョ語", "bcp_47_code": "ja", "locale_id": "lang:005185", "is_canonical": true}, {"name": "bonjo", "bcp_47_code": "fr", "locale_id": "lang:002512", "is_canonical": true}, {"name": "Bonjo", "bcp_47_code": "bar", "locale_id": "lang:002296", "is_canonical": true}, {"name": "Bonjo語", "bcp_47_code": "ja", "locale_id": "lang:005185", "is_canonical": null}]