[{"name": "North Awyu", "bcp_47_code": "en", "locale_id": "lang:004172", "is_canonical": true}, {"name": "sjeverni awyu jezik", "bcp_47_code": "hr", "locale_id": "lang:001280", "is_canonical": true}, {"name": "Kiawyu-Kaskazini", "bcp_47_code": "sw", "locale_id": "lang:001597", "is_canonical": true}, {"name": "Lenga Awyo setentrional", "bcp_47_code": "pms", "locale_id": "lang:003480", "is_canonical": true}, {"name": "aghu du nord", "bcp_47_code": "fr", "locale_id": "lang:002512", "is_canonical": true}, {"name": "Awyu Utara", "bcp_47_code": "id", "locale_id": "lang:005344", "is_canonical": true}, {"name": "awyu du nord", "bcp_47_code": "fr", "locale_id": "lang:002512", "is_canonical": null}, {"name": "bahasa Awyu Utara", "bcp_47_code": "id", "locale_id": "lang:005344", "is_canonical": null}, {"name": "bahasa Djair", "bcp_47_code": "id", "locale_id": "lang:005344", "is_canonical": null}, {"name": "bahasa Dyair", "bcp_47_code": "id", "locale_id": "lang:005344", "is_canonical": null}, {"name": "bahasa Jair", "bcp_47_code": "id", "locale_id": "lang:005344", "is_canonical": null}]