[{"name": "Kwesten", "bcp_47_code": "en", "locale_id": "lang:004172", "is_canonical": true}, {"name": "Lenga Kwesten", "bcp_47_code": "pms", "locale_id": "lang:003480", "is_canonical": true}, {"name": "Kikwesten", "bcp_47_code": "sw", "locale_id": "lang:001597", "is_canonical": true}, {"name": "język kwesten", "bcp_47_code": "pl", "locale_id": "lang:001433", "is_canonical": true}, {"name": "Kwesten", "bcp_47_code": "id", "locale_id": "lang:005344", "is_canonical": true}, {"name": "Kwesten", "bcp_47_code": "ilo", "locale_id": "lang:007408", "is_canonical": true}, {"name": "kwesten", "bcp_47_code": "fr", "locale_id": "lang:002512", "is_canonical": true}, {"name": "bahasa Kwesten", "bcp_47_code": "id", "locale_id": "lang:005344", "is_canonical": null}]