[{"name": "Maba", "bcp_47_code": "en", "locale_id": "lang:004172", "is_canonical": true}, {"name": "maba", "bcp_47_code": "fr", "locale_id": "lang:002512", "is_canonical": true}, {"name": "maba", "bcp_47_code": "hr", "locale_id": "lang:001280", "is_canonical": true}, {"name": "Kimaba", "bcp_47_code": "sw", "locale_id": "lang:001597", "is_canonical": true}, {"name": "Lenga Maba", "bcp_47_code": "pms", "locale_id": "lang:003480", "is_canonical": true}, {"name": "マバ語", "bcp_47_code": "ja", "locale_id": "lang:005185", "is_canonical": true}, {"name": "Maba", "bcp_47_code": "ilo", "locale_id": "lang:007408", "is_canonical": true}, {"name": "język maba", "bcp_47_code": "pl", "locale_id": "lang:001433", "is_canonical": true}, {"name": "Maba (Indonesia)", "bcp_47_code": "en", "locale_id": "lang:004172", "is_canonical": true}]