[{"name": "Tagdal", "bcp_47_code": "en", "locale_id": "lang:004172", "is_canonical": true}, {"name": "Tihishit", "bcp_47_code": "de", "locale_id": "lang:006636", "is_canonical": true}, {"name": "Lenga tagdal", "bcp_47_code": "pms", "locale_id": "lang:003480", "is_canonical": true}, {"name": "tihichiteg", "bcp_47_code": "br", "locale_id": "lang:003643", "is_canonical": true}, {"name": "Gadal", "bcp_47_code": "en", "locale_id": "lang:004172", "is_canonical": null}, {"name": "tagdalin kieli", "bcp_47_code": "fi", "locale_id": "lang:005250", "is_canonical": true}, {"name": "tagdal", "bcp_47_code": "fr", "locale_id": "lang:002512", "is_canonical": true}, {"name": "Tagdal", "bcp_47_code": "ha", "locale_id": "lang:006769", "is_canonical": true}, {"name": "тагдал", "bcp_47_code": "ru", "locale_id": "lang:006745", "is_canonical": true}, {"name": "tabarogin kieli", "bcp_47_code": "fi", "locale_id": "lang:005250", "is_canonical": null}]