[{"name": "Pemon", "bcp_47_code": "en", "locale_id": "lang:004172", "is_canonical": true}, {"name": "pemon", "bcp_47_code": "it", "locale_id": "lang:005147", "is_canonical": true}, {"name": "Pemón", "bcp_47_code": "de", "locale_id": "lang:006636", "is_canonical": true}, {"name": "idioma pemón", "bcp_47_code": "es", "locale_id": "lang:005944", "is_canonical": true}, {"name": "pemon", "bcp_47_code": "fr", "locale_id": "lang:002512", "is_canonical": true}, {"name": "pemon jezik", "bcp_47_code": "hr", "locale_id": "lang:001280", "is_canonical": true}, {"name": "lingua Pemon", "bcp_47_code": "la", "locale_id": "lang:016110", "is_canonical": true}, {"name": "Pemón", "bcp_47_code": "nl", "locale_id": "lang:006448", "is_canonical": true}, {"name": "Lenga pemon", "bcp_47_code": "pms", "locale_id": "lang:003480", "is_canonical": true}, {"name": "língua taurepangue", "bcp_47_code": "pt", "locale_id": "lang:001977", "is_canonical": true}, {"name": "пемонский язык", "bcp_47_code": "ru", "locale_id": "lang:006745", "is_canonical": true}, {"name": "pemona lingvo", "bcp_47_code": "eo", "locale_id": "lang:001065", "is_canonical": true}, {"name": "pemón", "bcp_47_code": "nn", "locale_id": "lang:005019", "is_canonical": true}, {"name": "pemón", "bcp_47_code": "nb", "locale_id": "lang:000958", "is_canonical": true}, {"name": "ペモン語", "bcp_47_code": "ja", "locale_id": "lang:005185", "is_canonical": true}, {"name": "Пемон тілі", "bcp_47_code": "kk", "locale_id": "lang:001017", "is_canonical": true}, {"name": "idioma pemón", "bcp_47_code": "ast", "locale_id": "lang:006965", "is_canonical": true}, {"name": "Wikang Pemon", "bcp_47_code": "tl", "locale_id": "lang:002540", "is_canonical": true}, {"name": "arekuna", "bcp_47_code": "ca", "locale_id": "lang:000334", "is_canonical": true}, {"name": "pemon", "bcp_47_code": "vec", "locale_id": "lang:004329", "is_canonical": true}, {"name": "佩蒙語", "bcp_47_code": "cmn", "locale_id": "lang:004378", "is_canonical": true}, {"name": "pemón", "bcp_47_code": "is", "locale_id": "lang:006417", "is_canonical": true}, {"name": "pemon", "bcp_47_code": "sv", "locale_id": "lang:004782", "is_canonical": true}, {"name": "lingua pemon", "bcp_47_code": "it", "locale_id": "lang:005147", "is_canonical": null}, {"name": "arekuna", "bcp_47_code": "fr", "locale_id": "lang:002512", "is_canonical": null}, {"name": "aricuna", "bcp_47_code": "fr", "locale_id": "lang:002512", "is_canonical": null}, {"name": "idioma pemon", "bcp_47_code": "es", "locale_id": "lang:005944", "is_canonical": null}, {"name": "arekuna", "bcp_47_code": "sv", "locale_id": "lang:004782", "is_canonical": null}, {"name": "Pemon simi", "bcp_47_code": "qu", "locale_id": "lang:000991", "is_canonical": true}, {"name": "pemoneg", "bcp_47_code": "br", "locale_id": "lang:003643", "is_canonical": true}]