[{"name": "Lowland Oaxaca Chontal", "bcp_47_code": "en", "locale_id": "lang:004172", "is_canonical": true}, {"name": "chontal des basses terres", "bcp_47_code": "fr", "locale_id": "lang:002512", "is_canonical": true}, {"name": "Huamelula", "bcp_47_code": "en", "locale_id": "lang:004172", "is_canonical": null}, {"name": "huamelulteca", "bcp_47_code": "ca", "locale_id": "lang:000334", "is_canonical": true}, {"name": "Huamelula leid", "bcp_47_code": "sco", "locale_id": "lang:003876", "is_canonical": true}, {"name": "lowland oaxaca Lenga chontal", "bcp_47_code": "pms", "locale_id": "lang:003480", "is_canonical": true}, {"name": "huamelulteco jezik", "bcp_47_code": "hr", "locale_id": "lang:001280", "is_canonical": true}, {"name": "madal-oaxaca tšontali keel", "bcp_47_code": "et", "locale_id": "lang:007279", "is_canonical": true}, {"name": "Huamelultec", "bcp_47_code": "en", "locale_id": "lang:004172", "is_canonical": null}, {"name": "huamelulteegi keel", "bcp_47_code": "et", "locale_id": "lang:007279", "is_canonical": null}]