[{"name": "Matengo", "bcp_47_code": "en", "locale_id": "lang:004172", "is_canonical": true}, {"name": "Kimatengo", "bcp_47_code": "sw", "locale_id": "lang:001597", "is_canonical": true}, {"name": "Lenga Matengo", "bcp_47_code": "pms", "locale_id": "lang:003480", "is_canonical": true}, {"name": "Wikang Matengo", "bcp_47_code": "tl", "locale_id": "lang:002540", "is_canonical": true}, {"name": "matengo", "bcp_47_code": "fr", "locale_id": "lang:002512", "is_canonical": true}, {"name": "マテンゴ語", "bcp_47_code": "ja", "locale_id": "lang:005185", "is_canonical": true}, {"name": "matengo", "bcp_47_code": "oc", "locale_id": "lang:003832", "is_canonical": true}, {"name": "Matengo", "bcp_47_code": "ig", "locale_id": "lang:002832", "is_canonical": true}, {"name": "Chimatengo", "bcp_47_code": "mgv", "locale_id": "lang:000479", "is_canonical": true}]