[{"name": "Gumatj", "bcp_47_code": "en", "locale_id": "lang:004172", "is_canonical": true}, {"name": "gumatj", "bcp_47_code": "sv", "locale_id": "lang:004782", "is_canonical": true}, {"name": "Lenga gumatj", "bcp_47_code": "pms", "locale_id": "lang:003480", "is_canonical": true}, {"name": "gumatj", "bcp_47_code": "fr", "locale_id": "lang:002512", "is_canonical": true}, {"name": "Kigumatj", "bcp_47_code": "sw", "locale_id": "lang:001597", "is_canonical": true}, {"name": "кумать", "bcp_47_code": "ru", "locale_id": "lang:006745", "is_canonical": true}]