[{"name": "Dimasa", "bcp_47_code": "en", "locale_id": "lang:004172", "is_canonical": true}, {"name": "lingua Dimasa", "bcp_47_code": "la", "locale_id": "lang:016110", "is_canonical": true}, {"name": "दिमासा भाषा", "bcp_47_code": "hi", "locale_id": "lang:005010", "is_canonical": true}, {"name": "Lenga Dimasa", "bcp_47_code": "pms", "locale_id": "lang:003480", "is_canonical": true}, {"name": "ডিমাসা ভাষা", "bcp_47_code": "bn", "locale_id": "lang:000178", "is_canonical": true}, {"name": "dimaseg", "bcp_47_code": "br", "locale_id": "lang:003643", "is_canonical": true}, {"name": "димаса", "bcp_47_code": "ru", "locale_id": "lang:006745", "is_canonical": true}, {"name": "ଡିମସ ଭାଷା", "bcp_47_code": "or", "locale_id": "lang:001930", "is_canonical": true}, {"name": "dimasa", "bcp_47_code": "fr", "locale_id": "lang:002512", "is_canonical": true}, {"name": "Kidimasa", "bcp_47_code": "sw", "locale_id": "lang:001597", "is_canonical": true}, {"name": "ディマサ語", "bcp_47_code": "ja", "locale_id": "lang:005185", "is_canonical": true}, {"name": "Wikang Dimasa", "bcp_47_code": "tl", "locale_id": "lang:002540", "is_canonical": true}, {"name": "ਦਿਮਾਸਾ", "bcp_47_code": "pa", "locale_id": "lang:003658", "is_canonical": true}, {"name": "ডিমাছা ভাষা", "bcp_47_code": "as", "locale_id": "lang:003208", "is_canonical": true}, {"name": "迪马萨语", "bcp_47_code": "cmn", "locale_id": "lang:004378", "is_canonical": true}, {"name": "ਦਿਮਾਸਾ ਭਾਸ਼ਾ", "bcp_47_code": "pa", "locale_id": "lang:003658", "is_canonical": null}]