[{"name": "Megam", "bcp_47_code": "en", "locale_id": "lang:004172", "is_canonical": true}, {"name": "Bangladesh Lyngam", "bcp_47_code": "en", "locale_id": "lang:004172", "is_canonical": true}, {"name": "Lenga Megam", "bcp_47_code": "pms", "locale_id": "lang:003480", "is_canonical": true}, {"name": "megameg", "bcp_47_code": "br", "locale_id": "lang:003643", "is_canonical": true}, {"name": "মেগাম ভাষা", "bcp_47_code": "bn", "locale_id": "lang:000178", "is_canonical": true}, {"name": "Wikang Megam", "bcp_47_code": "tl", "locale_id": "lang:002540", "is_canonical": true}, {"name": "Γλώσσα Μεγκάμ", "bcp_47_code": "el", "locale_id": "lang:002331", "is_canonical": true}, {"name": "Μεγκάμ", "bcp_47_code": "el", "locale_id": "lang:002331", "is_canonical": null}]