[{"name": "Caquinte", "bcp_47_code": "en", "locale_id": "lang:004172", "is_canonical": true}, {"name": "Lenga caquinte", "bcp_47_code": "pms", "locale_id": "lang:003480", "is_canonical": true}, {"name": "caquinte", "bcp_47_code": "es", "locale_id": "lang:005944", "is_canonical": true}, {"name": "какинте", "bcp_47_code": "ru", "locale_id": "lang:006745", "is_canonical": true}, {"name": "caquinte", "bcp_47_code": "pt", "locale_id": "lang:001977", "is_canonical": true}, {"name": "カキンテ語", "bcp_47_code": "ja", "locale_id": "lang:005185", "is_canonical": true}, {"name": "caquinte", "bcp_47_code": "fr", "locale_id": "lang:002512", "is_canonical": true}, {"name": "Wikang Caquinte", "bcp_47_code": "tl", "locale_id": "lang:002540", "is_canonical": true}, {"name": "caquinte", "bcp_47_code": "ca", "locale_id": "lang:000334", "is_canonical": true}, {"name": "Caquinta Campa", "bcp_47_code": "en", "locale_id": "lang:004172", "is_canonical": null}, {"name": "Poyenisati", "bcp_47_code": "en", "locale_id": "lang:004172", "is_canonical": null}, {"name": "campa caquinte", "bcp_47_code": "es", "locale_id": "lang:005944", "is_canonical": null}, {"name": "idioma caquinte", "bcp_47_code": "es", "locale_id": "lang:005944", "is_canonical": null}, {"name": "poyenisati", "bcp_47_code": "es", "locale_id": "lang:005944", "is_canonical": null}, {"name": "língua caquinte", "bcp_47_code": "pt", "locale_id": "lang:001977", "is_canonical": null}, {"name": "caquinte campa", "bcp_47_code": "ca", "locale_id": "lang:000334", "is_canonical": null}, {"name": "poyenisati", "bcp_47_code": "ca", "locale_id": "lang:000334", "is_canonical": null}]