[{"name": "Sambal", "bcp_47_code": "en", "locale_id": "lang:004172", "is_canonical": true}, {"name": "Tinà Sambal", "bcp_47_code": "en", "locale_id": "lang:004172", "is_canonical": true}, {"name": "Sambali", "bcp_47_code": "en", "locale_id": "lang:004172", "is_canonical": null}, {"name": "Lenga sambal", "bcp_47_code": "pms", "locale_id": "lang:003480", "is_canonical": true}, {"name": "тина", "bcp_47_code": "ru", "locale_id": "lang:006745", "is_canonical": true}, {"name": "tinà sambal jezik", "bcp_47_code": "hr", "locale_id": "lang:001280", "is_canonical": true}, {"name": "ภาษาซัมบัล", "bcp_47_code": "th", "locale_id": "lang:000248", "is_canonical": true}, {"name": "Kisambal", "bcp_47_code": "sw", "locale_id": "lang:001597", "is_canonical": true}, {"name": "삼발어", "bcp_47_code": "ko", "locale_id": "lang:000685", "is_canonical": true}, {"name": "Sambal", "bcp_47_code": "ilo", "locale_id": "lang:007408", "is_canonical": true}, {"name": "wikang Sambal", "bcp_47_code": "tl", "locale_id": "lang:002540", "is_canonical": true}, {"name": "三描語", "bcp_47_code": "cmn", "locale_id": "lang:004378", "is_canonical": true}, {"name": "Tataramon na Sambal", "bcp_47_code": "bcl", "locale_id": "lang:005135", "is_canonical": true}, {"name": "língua sambal", "bcp_47_code": "pt", "locale_id": "lang:001977", "is_canonical": true}, {"name": "idioma zambal", "bcp_47_code": "es", "locale_id": "lang:005944", "is_canonical": true}, {"name": "bahasa Sambal", "bcp_47_code": "id", "locale_id": "lang:005344", "is_canonical": true}, {"name": "Sinambal", "bcp_47_code": "ceb", "locale_id": "lang:006077", "is_canonical": true}, {"name": "Sinambal", "bcp_47_code": "krj", "locale_id": "lang:004106", "is_canonical": true}, {"name": "zanbale", "bcp_47_code": "vec", "locale_id": "lang:004329", "is_canonical": true}, {"name": "bahasa Sambal", "bcp_47_code": "ms", "locale_id": "lang:001263", "is_canonical": true}, {"name": "Zambalice", "bcp_47_code": "la", "locale_id": "lang:016110", "is_canonical": true}, {"name": "Sambal-ngṳ̄", "bcp_47_code": "cdo", "locale_id": "lang:006481", "is_canonical": true}, {"name": "język sambal", "bcp_47_code": "pl", "locale_id": "lang:001433", "is_canonical": true}, {"name": "sambala lingvo", "bcp_47_code": "eo", "locale_id": "lang:001065", "is_canonical": true}, {"name": "Zambal", "bcp_47_code": "en", "locale_id": "lang:004172", "is_canonical": null}, {"name": "삼발", "bcp_47_code": "ko", "locale_id": "lang:000685", "is_canonical": null}, {"name": "idioma zambaleño", "bcp_47_code": "es", "locale_id": "lang:005944", "is_canonical": null}, {"name": "pinulongang Sambal", "bcp_47_code": "ceb", "locale_id": "lang:006077", "is_canonical": null}, {"name": "參巴語", "bcp_47_code": "cmn", "locale_id": "lang:004378", "is_canonical": null}, {"name": "léngua zanbalena", "bcp_47_code": "vec", "locale_id": "lang:004329", "is_canonical": null}, {"name": "léngua zanbale", "bcp_47_code": "vec", "locale_id": "lang:004329", "is_canonical": null}, {"name": "zanbaleno", "bcp_47_code": "vec", "locale_id": "lang:004329", "is_canonical": null}, {"name": "zanbalen", "bcp_47_code": "vec", "locale_id": "lang:004329", "is_canonical": null}, {"name": "lingua Zambalensis", "bcp_47_code": "la", "locale_id": "lang:016110", "is_canonical": null}, {"name": "lingua Zambalica", "bcp_47_code": "la", "locale_id": "lang:016110", "is_canonical": null}, {"name": "ภาษาตีนา", "bcp_47_code": "th", "locale_id": "lang:000248", "is_canonical": null}]