[{"name": "Dogri", "bcp_47_code": "en", "locale_id": "lang:004172", "is_canonical": true}, {"name": "Hindi Dogri", "bcp_47_code": "en", "locale_id": "lang:004172", "is_canonical": null}, {"name": "Doqri dili", "bcp_47_code": "az", "locale_id": "lang:000492", "is_canonical": true}, {"name": "ডোগরি ভাষা", "bcp_47_code": "bn", "locale_id": "lang:000178", "is_canonical": true}, {"name": "dogreg", "bcp_47_code": "br", "locale_id": "lang:003643", "is_canonical": true}, {"name": "dógrí", "bcp_47_code": "cs", "locale_id": "lang:007371", "is_canonical": true}, {"name": "Догри", "bcp_47_code": "cv", "locale_id": "lang:003469", "is_canonical": true}, {"name": "Dogri", "bcp_47_code": "de", "locale_id": "lang:006636", "is_canonical": true}, {"name": "dogra lingvo", "bcp_47_code": "eo", "locale_id": "lang:001065", "is_canonical": true}, {"name": "dogri", "bcp_47_code": "es", "locale_id": "lang:005944", "is_canonical": true}, {"name": "دوگری", "bcp_47_code": "fa", "locale_id": "lang:005211", "is_canonical": true}, {"name": "dogri", "bcp_47_code": "fr", "locale_id": "lang:002512", "is_canonical": true}, {"name": "ડોગરી ભાષા", "bcp_47_code": "gu", "locale_id": "lang:006797", "is_canonical": true}, {"name": "डोगरी", "bcp_47_code": "hi", "locale_id": "lang:005010", "is_canonical": true}, {"name": "ドーグリー語", "bcp_47_code": "ja", "locale_id": "lang:005185", "is_canonical": true}, {"name": "ಡೋಗ್ರಿ", "bcp_47_code": "kn", "locale_id": "lang:006289", "is_canonical": true}, {"name": "도그리어", "bcp_47_code": "ko", "locale_id": "lang:000685", "is_canonical": true}, {"name": "Догри", "bcp_47_code": "kv", "locale_id": "lang:000812", "is_canonical": true}, {"name": "lingua Dogurica", "bcp_47_code": "la", "locale_id": "lang:016110", "is_canonical": true}, {"name": "ദോഗ്രി", "bcp_47_code": "ml", "locale_id": "lang:001880", "is_canonical": true}, {"name": "डोग्री भाषा", "bcp_47_code": "mr", "locale_id": "lang:003376", "is_canonical": true}, {"name": "डोगरी", "bcp_47_code": "ne", "locale_id": "lang:004630", "is_canonical": true}, {"name": "Dogri", "bcp_47_code": "nl", "locale_id": "lang:006448", "is_canonical": true}, {"name": "ਡੋਗਰੀ", "bcp_47_code": "pa", "locale_id": "lang:003658", "is_canonical": true}, {"name": "język dogri", "bcp_47_code": "pl", "locale_id": "lang:001433", "is_canonical": true}, {"name": "Lenga dogri", "bcp_47_code": "pms", "locale_id": "lang:003480", "is_canonical": true}, {"name": "ڈوگری", "bcp_47_code": "pnb", "locale_id": "lang:003334", "is_canonical": true}, {"name": "língua dogri", "bcp_47_code": "pt", "locale_id": "lang:001977", "is_canonical": true}, {"name": "догри", "bcp_47_code": "ru", "locale_id": "lang:006745", "is_canonical": true}, {"name": "dogri jezik", "bcp_47_code": "sh", "locale_id": "lang:003245", "is_canonical": true}, {"name": "догри језик", "bcp_47_code": "sr", "locale_id": "lang:002701", "is_canonical": true}, {"name": "தோக்ரி மொழி", "bcp_47_code": "ta", "locale_id": "lang:002996", "is_canonical": true}, {"name": "ภาษาโดกรี", "bcp_47_code": "th", "locale_id": "lang:000248", "is_canonical": true}, {"name": "tiếng Dogri", "bcp_47_code": "vi", "locale_id": "lang:004523", "is_canonical": true}, {"name": "dogri", "bcp_47_code": "nb", "locale_id": "lang:000958", "is_canonical": true}, {"name": "ଡୋଗରୀ ଭାଷା", "bcp_47_code": "or", "locale_id": "lang:001930", "is_canonical": true}, {"name": "dogri", "bcp_47_code": "it", "locale_id": "lang:005147", "is_canonical": true}, {"name": "dogri", "bcp_47_code": "fi", "locale_id": "lang:005250", "is_canonical": true}, {"name": "Dogri", "bcp_47_code": "hif", "locale_id": "lang:004553", "is_canonical": true}, {"name": "догри", "bcp_47_code": "bg", "locale_id": "lang:003294", "is_canonical": true}, {"name": "დოგრი", "bcp_47_code": "xmf", "locale_id": "lang:002772", "is_canonical": true}, {"name": "Kidogri", "bcp_47_code": "sw", "locale_id": "lang:001597", "is_canonical": true}, {"name": "догрі", "bcp_47_code": "uk", "locale_id": "lang:001994", "is_canonical": true}, {"name": "dogri jezik", "bcp_47_code": "hr", "locale_id": "lang:001280", "is_canonical": true}, {"name": "dogri", "bcp_47_code": "nn", "locale_id": "lang:005019", "is_canonical": true}, {"name": "多格拉語", "bcp_47_code": "cmn", "locale_id": "lang:004378", "is_canonical": true}, {"name": "bahasa Dogri", "bcp_47_code": "id", "locale_id": "lang:005344", "is_canonical": true}, {"name": "Ντόγκρι", "bcp_47_code": "el", "locale_id": "lang:002331", "is_canonical": true}, {"name": "Wikang Dogri", "bcp_47_code": "tl", "locale_id": "lang:002540", "is_canonical": true}, {"name": "多格拉语", "bcp_47_code": "cmn", "locale_id": "lang:004378", "is_canonical": null}, {"name": "डोगरी भाषा", "bcp_47_code": "bho", "locale_id": "lang:005201", "is_canonical": true}, {"name": "idioma dogri", "bcp_47_code": "ast", "locale_id": "lang:006965", "is_canonical": true}, {"name": "دوقری دیلی", "bcp_47_code": "azb", "locale_id": "lang:003109", "is_canonical": true}, {"name": "ডোগ্ৰী ভাষা", "bcp_47_code": "as", "locale_id": "lang:003208", "is_canonical": true}, {"name": "dogri", "bcp_47_code": "ca", "locale_id": "lang:000334", "is_canonical": true}, {"name": "Dogri", "bcp_47_code": "af", "locale_id": "lang:006849", "is_canonical": true}, {"name": "ڈوگری", "bcp_47_code": "ur", "locale_id": "lang:001103", "is_canonical": true}, {"name": "dogri", "bcp_47_code": "eu", "locale_id": "lang:004920", "is_canonical": true}, {"name": "డోగ్రీ భాష", "bcp_47_code": "te", "locale_id": "lang:000508", "is_canonical": true}, {"name": "догрански јазик", "bcp_47_code": "mk", "locale_id": "lang:001683", "is_canonical": true}, {"name": "Dogri", "bcp_47_code": "sl", "locale_id": "lang:004352", "is_canonical": true}, {"name": "الدوغرية", "bcp_47_code": "ar", "locale_id": "lang:000884", "is_canonical": true}, {"name": "ᱰᱳᱜᱨᱤ ᱯᱟᱹᱨᱥᱤ", "bcp_47_code": "sat", "locale_id": "lang:006025", "is_canonical": true}, {"name": "多格拉语", "bcp_47_code": "wuu", "locale_id": "lang:006830", "is_canonical": true}, {"name": "ڊوگري", "bcp_47_code": "sd", "locale_id": "lang:002987", "is_canonical": true}, {"name": "Догри теле", "bcp_47_code": "tt", "locale_id": "lang:003939", "is_canonical": true}, {"name": "زمانی دۆگری", "bcp_47_code": "ckb", "locale_id": "lang:002255", "is_canonical": true}, {"name": "דוגרי", "bcp_47_code": "he", "locale_id": "lang:000780", "is_canonical": true}, {"name": "dogri", "bcp_47_code": "vec", "locale_id": "lang:004329", "is_canonical": true}, {"name": "डोगरी", "bcp_47_code": "sa", "locale_id": "lang:012325", "is_canonical": true}, {"name": "ڈوگری زَبان", "bcp_47_code": "ks", "locale_id": "lang:004361", "is_canonical": true}, {"name": "Dogri dili", "bcp_47_code": "tr", "locale_id": "lang:000917", "is_canonical": true}, {"name": "डोगरी भाषा", "bcp_47_code": "anp", "locale_id": "lang:007347", "is_canonical": true}, {"name": "Pahari", "bcp_47_code": "en", "locale_id": "lang:004172", "is_canonical": null}, {"name": "Dugari", "bcp_47_code": "en", "locale_id": "lang:004172", "is_canonical": null}, {"name": "Dogari", "bcp_47_code": "en", "locale_id": "lang:004172", "is_canonical": null}, {"name": "Duggari", "bcp_47_code": "en", "locale_id": "lang:004172", "is_canonical": null}, {"name": "lingua dogri", "bcp_47_code": "it", "locale_id": "lang:005147", "is_canonical": null}, {"name": "догри", "bcp_47_code": "mk", "locale_id": "lang:001683", "is_canonical": null}, {"name": "ਡੋਗਰੀ ਭਾਸ਼ਾ", "bcp_47_code": "pa", "locale_id": "lang:003658", "is_canonical": null}, {"name": "ਪਹਾੜੀ ਭਾਸ਼ਾ", "bcp_47_code": "pa", "locale_id": "lang:003658", "is_canonical": null}, {"name": "اللغة الدوغرية", "bcp_47_code": "ar", "locale_id": "lang:000884", "is_canonical": null}, {"name": "لغة دوغرية", "bcp_47_code": "ar", "locale_id": "lang:000884", "is_canonical": null}, {"name": "ڊوگري ٻولي", "bcp_47_code": "sd", "locale_id": "lang:002987", "is_canonical": null}, {"name": "ڈوگری زبان", "bcp_47_code": "ur", "locale_id": "lang:001103", "is_canonical": null}, {"name": "डोगरी भाषा", "bcp_47_code": "hi", "locale_id": "lang:005010", "is_canonical": null}, {"name": "زبان دوگری", "bcp_47_code": "fa", "locale_id": "lang:005211", "is_canonical": null}, {"name": "ڈوگری بھاشا", "bcp_47_code": "pnb", "locale_id": "lang:003334", "is_canonical": null}, {"name": "डोगरी भाषा", "bcp_47_code": "sa", "locale_id": "lang:012325", "is_canonical": null}, {"name": "Dogri (individual language)", "bcp_47_code": "en", "locale_id": "lang:004172", "is_canonical": true}]