[{"name": "Bushi", "bcp_47_code": "en", "locale_id": "lang:004172", "is_canonical": true}, {"name": "Kibosy Kiantalaotsy-Majunga", "bcp_47_code": "en", "locale_id": "lang:004172", "is_canonical": true}, {"name": "shibushi", "bcp_47_code": "fr", "locale_id": "lang:002512", "is_canonical": true}, {"name": "idioma bushi", "bcp_47_code": "es", "locale_id": "lang:005944", "is_canonical": true}, {"name": "Bushi", "bcp_47_code": "nl", "locale_id": "lang:006448", "is_canonical": true}, {"name": "bushi jezik", "bcp_47_code": "hr", "locale_id": "lang:001280", "is_canonical": true}, {"name": "Lenga Bushi", "bcp_47_code": "pms", "locale_id": "lang:003480", "is_canonical": true}, {"name": "língua bushi", "bcp_47_code": "pt", "locale_id": "lang:001977", "is_canonical": true}, {"name": "Kibushi", "bcp_47_code": "sw", "locale_id": "lang:001597", "is_canonical": true}, {"name": "kibushi", "bcp_47_code": "oc", "locale_id": "lang:003832", "is_canonical": true}, {"name": "ブシ語", "bcp_47_code": "ja", "locale_id": "lang:005185", "is_canonical": true}, {"name": "Baushi", "bcp_47_code": "de", "locale_id": "lang:006636", "is_canonical": true}, {"name": "Bushi", "bcp_47_code": "ilo", "locale_id": "lang:007408", "is_canonical": true}, {"name": "буши", "bcp_47_code": "ru", "locale_id": "lang:006745", "is_canonical": true}, {"name": "Tataramon na Bushi", "bcp_47_code": "bcl", "locale_id": "lang:005135", "is_canonical": true}, {"name": "Fiteny kibosy", "bcp_47_code": "mg", "locale_id": "lang:001318", "is_canonical": true}, {"name": "bushi", "bcp_47_code": "ca", "locale_id": "lang:000334", "is_canonical": true}, {"name": "dialekt bushi", "bcp_47_code": "pl", "locale_id": "lang:001433", "is_canonical": true}, {"name": "bahasa Bushi", "bcp_47_code": "id", "locale_id": "lang:005344", "is_canonical": true}, {"name": "bushi", "bcp_47_code": "fr", "locale_id": "lang:002512", "is_canonical": null}, {"name": "kibushi", "bcp_47_code": "fr", "locale_id": "lang:002512", "is_canonical": null}, {"name": "malgache de mayotte", "bcp_47_code": "fr", "locale_id": "lang:002512", "is_canonical": null}, {"name": "Kibushi", "bcp_47_code": "nl", "locale_id": "lang:006448", "is_canonical": null}, {"name": "Kibuki", "bcp_47_code": "nl", "locale_id": "lang:006448", "is_canonical": null}, {"name": "Antalaotra", "bcp_47_code": "nl", "locale_id": "lang:006448", "is_canonical": null}, {"name": "Shibushi Shimaore", "bcp_47_code": "nl", "locale_id": "lang:006448", "is_canonical": null}, {"name": "Sakalava", "bcp_47_code": "nl", "locale_id": "lang:006448", "is_canonical": null}, {"name": "Fiteny Antalaotra", "bcp_47_code": "mg", "locale_id": "lang:001318", "is_canonical": null}]