[{"name": "Santa María Quiegolani Zapotec", "bcp_47_code": "en", "locale_id": "lang:004172", "is_canonical": true}, {"name": "Quiegolani Zapotec", "bcp_47_code": "en", "locale_id": "lang:004172", "is_canonical": null}, {"name": "санта-мария-кьеголанийский сапотекский язык", "bcp_47_code": "ru", "locale_id": "lang:006745", "is_canonical": true}, {"name": "zapotekeg santa maría quiegolani", "bcp_47_code": "br", "locale_id": "lang:003643", "is_canonical": true}, {"name": "Santa Maria Quiegolani Lenga zapotec", "bcp_47_code": "pms", "locale_id": "lang:003480", "is_canonical": true}, {"name": "Quiegolani Zapotec", "bcp_47_code": "sco", "locale_id": "lang:003876", "is_canonical": true}, {"name": "zapotèque de santa maría quiegolani", "bcp_47_code": "fr", "locale_id": "lang:002512", "is_canonical": true}, {"name": "キエゴラニ・サポテク語", "bcp_47_code": "ja", "locale_id": "lang:005185", "is_canonical": true}, {"name": "Santa Maria Quiegolani Zapotec", "bcp_47_code": "en", "locale_id": "lang:004172", "is_canonical": null}, {"name": "zapotèque de quiegolani", "bcp_47_code": "fr", "locale_id": "lang:002512", "is_canonical": null}, {"name": "zapotèque de yautepec de l'ouest", "bcp_47_code": "fr", "locale_id": "lang:002512", "is_canonical": null}]