[{"name": "Buli", "bcp_47_code": "en", "locale_id": "lang:004172", "is_canonical": true}, {"name": "buli", "bcp_47_code": "fr", "locale_id": "lang:002512", "is_canonical": true}, {"name": "buli", "bcp_47_code": "hr", "locale_id": "lang:001280", "is_canonical": true}, {"name": "Maluku Lenga Buli", "bcp_47_code": "pms", "locale_id": "lang:003480", "is_canonical": true}, {"name": "Buli", "bcp_47_code": "id", "locale_id": "lang:005344", "is_canonical": true}, {"name": "Kibuli", "bcp_47_code": "sw", "locale_id": "lang:001597", "is_canonical": true}, {"name": "ブリ語", "bcp_47_code": "ja", "locale_id": "lang:005185", "is_canonical": true}, {"name": "Buli", "bcp_47_code": "ilo", "locale_id": "lang:007408", "is_canonical": true}, {"name": "Buli", "bcp_47_code": "nl", "locale_id": "lang:006448", "is_canonical": true}, {"name": "język buli", "bcp_47_code": "pl", "locale_id": "lang:001433", "is_canonical": true}, {"name": "bahasa Buli", "bcp_47_code": "id", "locale_id": "lang:005344", "is_canonical": null}, {"name": "język wayamli", "bcp_47_code": "pl", "locale_id": "lang:001433", "is_canonical": null}, {"name": "Buli (Indonesia)", "bcp_47_code": "en", "locale_id": "lang:004172", "is_canonical": true}]