[{"name": "Enrekang", "bcp_47_code": "en", "locale_id": "lang:004172", "is_canonical": true}, {"name": "Lenga enrekang", "bcp_47_code": "pms", "locale_id": "lang:003480", "is_canonical": true}, {"name": "энреканг", "bcp_47_code": "ru", "locale_id": "lang:006745", "is_canonical": true}, {"name": "Enrekang", "bcp_47_code": "de", "locale_id": "lang:006636", "is_canonical": true}, {"name": "bahasa Enrekang", "bcp_47_code": "id", "locale_id": "lang:005344", "is_canonical": true}, {"name": "Kienrekang", "bcp_47_code": "sw", "locale_id": "lang:001597", "is_canonical": true}, {"name": "Enrekang", "bcp_47_code": "ilo", "locale_id": "lang:007408", "is_canonical": true}, {"name": "Wikang Enrekang", "bcp_47_code": "tl", "locale_id": "lang:002540", "is_canonical": true}, {"name": "język enrekang", "bcp_47_code": "pl", "locale_id": "lang:001433", "is_canonical": true}, {"name": "ภาษาเอ็นเรกัง", "bcp_47_code": "th", "locale_id": "lang:000248", "is_canonical": true}, {"name": "język endekan", "bcp_47_code": "pl", "locale_id": "lang:001433", "is_canonical": null}]