[{"name": "Emberá-Chamí", "bcp_47_code": "en", "locale_id": "lang:004172", "is_canonical": true}, {"name": "emberá chamí", "bcp_47_code": "fr", "locale_id": "lang:002512", "is_canonical": true}, {"name": "Chami", "bcp_47_code": "en", "locale_id": "lang:004172", "is_canonical": null}, {"name": "Lenga emberá-chamí", "bcp_47_code": "pms", "locale_id": "lang:003480", "is_canonical": true}, {"name": "чами", "bcp_47_code": "ru", "locale_id": "lang:006745", "is_canonical": true}, {"name": "Γλώσσα Τσάμι", "bcp_47_code": "el", "locale_id": "lang:002331", "is_canonical": true}, {"name": "Wikang Chami", "bcp_47_code": "tl", "locale_id": "lang:002540", "is_canonical": true}, {"name": "língua chami", "bcp_47_code": "pt", "locale_id": "lang:001977", "is_canonical": true}, {"name": "Lingua chamí", "bcp_47_code": "gl", "locale_id": "lang:006921", "is_canonical": true}, {"name": "chamí", "bcp_47_code": "ca", "locale_id": "lang:000334", "is_canonical": true}, {"name": "Chamí Emberá", "bcp_47_code": "en", "locale_id": "lang:004172", "is_canonical": null}, {"name": "Lingua emberá chamí", "bcp_47_code": "gl", "locale_id": "lang:006921", "is_canonical": null}]