[{"name": "Sardinian", "bcp_47_code": "en", "locale_id": "lang:004172", "is_canonical": true}, {"name": "асардин", "bcp_47_code": "ab", "locale_id": "lang:006291", "is_canonical": true}, {"name": "Sardinies", "bcp_47_code": "af", "locale_id": "lang:006849", "is_canonical": true}, {"name": "ሳርዲንያንኛ", "bcp_47_code": "am", "locale_id": "lang:000379", "is_canonical": true}, {"name": "السردينية", "bcp_47_code": "ar", "locale_id": "lang:000884", "is_canonical": true}, {"name": "ছাৰ্ডিনিয়ান", "bcp_47_code": "as", "locale_id": "lang:003208", "is_canonical": true}, {"name": "sardu", "bcp_47_code": "ast", "locale_id": "lang:006965", "is_canonical": true}, {"name": "sardin", "bcp_47_code": "az", "locale_id": "lang:000492", "is_canonical": true}, {"name": "сардзінская", "bcp_47_code": "be", "locale_id": "lang:004942", "is_canonical": true}, {"name": "сардински", "bcp_47_code": "bg", "locale_id": "lang:003294", "is_canonical": true}, {"name": "ساردینی", "bcp_47_code": "bgn", "locale_id": "lang:004443", "is_canonical": true}, {"name": "সার্ডিনিয়ান", "bcp_47_code": "bn", "locale_id": "lang:000178", "is_canonical": true}, {"name": "sardeg", "bcp_47_code": "br", "locale_id": "lang:003643", "is_canonical": true}, {"name": "सार्दीनीयान", "bcp_47_code": "brx", "locale_id": "lang:003716", "is_canonical": true}, {"name": "sardinijski", "bcp_47_code": "bs", "locale_id": "lang:005177", "is_canonical": true}, {"name": "sard", "bcp_47_code": "ca", "locale_id": "lang:000334", "is_canonical": true}, {"name": "𑄥𑄢𑄴𑄓𑄨𑄚𑄨𑄠𑄚𑄴", "bcp_47_code": "ccp", "locale_id": "lang:004815", "is_canonical": true}, {"name": "сардинийн", "bcp_47_code": "ce", "locale_id": "lang:000120", "is_canonical": true}, {"name": "ᏌᏗᏂᎠᏂ", "bcp_47_code": "chr", "locale_id": "lang:004490", "is_canonical": true}, {"name": "ساردینی", "bcp_47_code": "ckb", "locale_id": "lang:002255", "is_canonical": true}, {"name": "sardština", "bcp_47_code": "cs", "locale_id": "lang:007371", "is_canonical": true}, {"name": "Sardeg", "bcp_47_code": "cy", "locale_id": "lang:005257", "is_canonical": true}, {"name": "sardinsk", "bcp_47_code": "da", "locale_id": "lang:006478", "is_canonical": true}, {"name": "Sardisch", "bcp_47_code": "de", "locale_id": "lang:006636", "is_canonical": true}, {"name": "sardinšćina", "bcp_47_code": "dsb", "locale_id": "lang:007093", "is_canonical": true}, {"name": "Σαρδηνιακά", "bcp_47_code": "el", "locale_id": "lang:002331", "is_canonical": true}, {"name": "sarda", "bcp_47_code": "eo", "locale_id": "lang:001065", "is_canonical": true}, {"name": "sardo", "bcp_47_code": "es", "locale_id": "lang:005944", "is_canonical": true}, {"name": "sardi", "bcp_47_code": "et", "locale_id": "lang:007279", "is_canonical": true}, {"name": "sardiniera", "bcp_47_code": "eu", "locale_id": "lang:004920", "is_canonical": true}, {"name": "ساردینیایی", "bcp_47_code": "fa", "locale_id": "lang:005211", "is_canonical": true}, {"name": "sardi", "bcp_47_code": "fi", "locale_id": "lang:005250", "is_canonical": true}, {"name": "Sardinian", "bcp_47_code": "fil", "locale_id": "lang:004854", "is_canonical": true}, {"name": "sardiskt", "bcp_47_code": "fo", "locale_id": "lang:005789", "is_canonical": true}, {"name": "sarde", "bcp_47_code": "fr", "locale_id": "lang:002512", "is_canonical": true}, {"name": "sardegnûl", "bcp_47_code": "fur", "locale_id": "lang:004668", "is_canonical": true}, {"name": "Sardinysk", "bcp_47_code": "fy", "locale_id": "lang:000608", "is_canonical": true}, {"name": "Sairdínis", "bcp_47_code": "ga", "locale_id": "lang:005513", "is_canonical": true}, {"name": "Sàrdais", "bcp_47_code": "gd", "locale_id": "lang:005113", "is_canonical": true}, {"name": "sardo", "bcp_47_code": "gl", "locale_id": "lang:006921", "is_canonical": true}, {"name": "Sardisch", "bcp_47_code": "gsw", "locale_id": "lang:006414", "is_canonical": true}, {"name": "સાર્દિનિયન", "bcp_47_code": "gu", "locale_id": "lang:006797", "is_canonical": true}, {"name": "Sardiniyanci", "bcp_47_code": "ha", "locale_id": "lang:006769", "is_canonical": true}, {"name": "סרדינית", "bcp_47_code": "he", "locale_id": "lang:000780", "is_canonical": true}, {"name": "सार्दिनियन", "bcp_47_code": "hi", "locale_id": "lang:005010", "is_canonical": true}, {"name": "sardski", "bcp_47_code": "hr", "locale_id": "lang:001280", "is_canonical": true}, {"name": "sardinšćina", "bcp_47_code": "hsb", "locale_id": "lang:002868", "is_canonical": true}, {"name": "szardíniai", "bcp_47_code": "hu", "locale_id": "lang:004445", "is_canonical": true}, {"name": "սարդիներեն", "bcp_47_code": "hy", "locale_id": "lang:006918", "is_canonical": true}, {"name": "sardo", "bcp_47_code": "ia", "locale_id": "lang:008680", "is_canonical": true}, {"name": "Sardinia", "bcp_47_code": "id", "locale_id": "lang:005344", "is_canonical": true}, {"name": "Sardinian", "bcp_47_code": "ig", "locale_id": "lang:002832", "is_canonical": true}, {"name": "sardínska", "bcp_47_code": "is", "locale_id": "lang:006417", "is_canonical": true}, {"name": "sardo", "bcp_47_code": "it", "locale_id": "lang:005147", "is_canonical": true}, {"name": "サルデーニャ語", "bcp_47_code": "ja", "locale_id": "lang:005185", "is_canonical": true}, {"name": "Sardinian", "bcp_47_code": "jv", "locale_id": "lang:006418", "is_canonical": true}, {"name": "სარდინიული", "bcp_47_code": "ka", "locale_id": "lang:005687", "is_canonical": true}, {"name": "Tasardinit", "bcp_47_code": "kab", "locale_id": "lang:002124", "is_canonical": true}, {"name": "sarno", "bcp_47_code": "kgp", "locale_id": "lang:005254", "is_canonical": true}, {"name": "сардин тілі", "bcp_47_code": "kk", "locale_id": "lang:001017", "is_canonical": true}, {"name": "សាឌីនា", "bcp_47_code": "km", "locale_id": "lang:000690", "is_canonical": true}, {"name": "ಸರ್ಡೀನಿಯನ್", "bcp_47_code": "kn", "locale_id": "lang:006289", "is_canonical": true}, {"name": "사르디니아어", "bcp_47_code": "ko", "locale_id": "lang:000685", "is_canonical": true}, {"name": "सार्डिनियान", "bcp_47_code": "kok", "locale_id": "lang:001978", "is_canonical": true}, {"name": "سراڈیٖنی", "bcp_47_code": "ks", "locale_id": "lang:004361", "is_canonical": true}, {"name": "sardînî", "bcp_47_code": "ku", "locale_id": "lang:003565", "is_canonical": true}, {"name": "сардинче", "bcp_47_code": "ky", "locale_id": "lang:003193", "is_canonical": true}, {"name": "Sarda", "bcp_47_code": "la", "locale_id": "lang:016110", "is_canonical": true}, {"name": "Sardesch", "bcp_47_code": "lb", "locale_id": "lang:003324", "is_canonical": true}, {"name": "sardo", "bcp_47_code": "lij", "locale_id": "lang:004453", "is_canonical": true}, {"name": "ສາດີນຽນ", "bcp_47_code": "lo", "locale_id": "lang:002848", "is_canonical": true}, {"name": "sardiniečių", "bcp_47_code": "lt", "locale_id": "lang:000996", "is_canonical": true}, {"name": "sardīniešu", "bcp_47_code": "lv", "locale_id": "lang:006606", "is_canonical": true}, {"name": "सार्डिनियाई", "bcp_47_code": "mai", "locale_id": "lang:005797", "is_canonical": true}, {"name": "Hātīriana", "bcp_47_code": "mi", "locale_id": "lang:005897", "is_canonical": true}, {"name": "сардински", "bcp_47_code": "mk", "locale_id": "lang:001683", "is_canonical": true}, {"name": "സർഡിനിയാൻ", "bcp_47_code": "ml", "locale_id": "lang:001880", "is_canonical": true}, {"name": "сардин", "bcp_47_code": "mn", "locale_id": "lang:005506", "is_canonical": true}, {"name": "सर्दिनियन", "bcp_47_code": "mr", "locale_id": "lang:003376", "is_canonical": true}, {"name": "Sardinia", "bcp_47_code": "ms", "locale_id": "lang:001263", "is_canonical": true}, {"name": "Sardinjan", "bcp_47_code": "mt", "locale_id": "lang:004371", "is_canonical": true}, {"name": "ဆာဒီနီးယား", "bcp_47_code": "my", "locale_id": "lang:004196", "is_canonical": true}, {"name": "Sardsch", "bcp_47_code": "nds", "locale_id": "lang:001710", "is_canonical": true}, {"name": "सार्डिनियाली", "bcp_47_code": "ne", "locale_id": "lang:004630", "is_canonical": true}, {"name": "Sardijns", "bcp_47_code": "nl", "locale_id": "lang:006448", "is_canonical": true}, {"name": "sardinsk", "bcp_47_code": "nn", "locale_id": "lang:005019", "is_canonical": true}, {"name": "sardisk", "bcp_47_code": "no", "locale_id": "lang:002536", "is_canonical": true}, {"name": "sard", "bcp_47_code": "oc", "locale_id": "lang:003832", "is_canonical": true}, {"name": "ସର୍ଦିନିଆନ୍", "bcp_47_code": "or", "locale_id": "lang:001930", "is_canonical": true}, {"name": "ਸਾਰਡੀਨੀਆਈ", "bcp_47_code": "pa", "locale_id": "lang:003658", "is_canonical": true}, {"name": "Sadínián Lángwej", "bcp_47_code": "pcm", "locale_id": "lang:002108", "is_canonical": true}, {"name": "sardyński", "bcp_47_code": "pl", "locale_id": "lang:001433", "is_canonical": true}, {"name": "سارڊيني", "bcp_47_code": "ps", "locale_id": "lang:006281", "is_canonical": true}, {"name": "sardo", "bcp_47_code": "pt", "locale_id": "lang:001977", "is_canonical": true}, {"name": "Sardinian Simi", "bcp_47_code": "qu", "locale_id": "lang:000991", "is_canonical": true}, {"name": "sard", "bcp_47_code": "rm", "locale_id": "lang:004318", "is_canonical": true}, {"name": "sardiniană", "bcp_47_code": "ro", "locale_id": "lang:006592", "is_canonical": true}, {"name": "сардинский", "bcp_47_code": "ru", "locale_id": "lang:006745", "is_canonical": true}, {"name": "ᱥᱟᱨᱰᱤᱱᱤᱭᱟᱭ", "bcp_47_code": "sat", "locale_id": "lang:006025", "is_canonical": true}, {"name": "sardu", "bcp_47_code": "sc", "locale_id": "lang:000376", "is_canonical": null}, {"name": "سارڊيني", "bcp_47_code": "sd", "locale_id": "lang:002987", "is_canonical": true}, {"name": "sardigiella", "bcp_47_code": "se", "locale_id": "lang:000771", "is_canonical": true}, {"name": "සාර්ඩිනිඅන්", "bcp_47_code": "si", "locale_id": "lang:000326", "is_canonical": true}, {"name": "sardínčina", "bcp_47_code": "sk", "locale_id": "lang:005464", "is_canonical": true}, {"name": "sardinščina", "bcp_47_code": "sl", "locale_id": "lang:004352", "is_canonical": true}, {"name": "sardiniakielâ", "bcp_47_code": "smn", "locale_id": "lang:000203", "is_canonical": true}, {"name": "Sardinian", "bcp_47_code": "so", "locale_id": "lang:000435", "is_canonical": true}, {"name": "sardenjisht", "bcp_47_code": "sq", "locale_id": "lang:006275", "is_canonical": true}, {"name": "сардински", "bcp_47_code": "sr", "locale_id": "lang:002701", "is_canonical": true}, {"name": "sardinska", "bcp_47_code": "sv", "locale_id": "lang:004782", "is_canonical": true}, {"name": "Kisardinia", "bcp_47_code": "sw", "locale_id": "lang:001597", "is_canonical": true}, {"name": "சார்தீனியன்", "bcp_47_code": "ta", "locale_id": "lang:002996", "is_canonical": true}, {"name": "సార్డీనియన్", "bcp_47_code": "te", "locale_id": "lang:000508", "is_canonical": true}, {"name": "ซาร์เดญา", "bcp_47_code": "th", "locale_id": "lang:000248", "is_canonical": true}, {"name": "ሳርዲንኛ", "bcp_47_code": "ti", "locale_id": "lang:002196", "is_canonical": true}, {"name": "sardin dili", "bcp_47_code": "tk", "locale_id": "lang:002001", "is_canonical": true}, {"name": "lea fakasaletīnia", "bcp_47_code": "to", "locale_id": "lang:006037", "is_canonical": true}, {"name": "Sardunya dili", "bcp_47_code": "tr", "locale_id": "lang:000917", "is_canonical": true}, {"name": "ساردىنىيەچە", "bcp_47_code": "ug", "locale_id": "lang:003330", "is_canonical": true}, {"name": "сардинська", "bcp_47_code": "uk", "locale_id": "lang:001994", "is_canonical": true}, {"name": "سردینین", "bcp_47_code": "ur", "locale_id": "lang:001103", "is_canonical": true}, {"name": "sardin", "bcp_47_code": "uz", "locale_id": "lang:003386", "is_canonical": true}, {"name": "tiếng Sardinia", "bcp_47_code": "vi", "locale_id": "lang:004523", "is_canonical": true}, {"name": "סאַרדיש", "bcp_47_code": "yi", "locale_id": "lang:002081", "is_canonical": true}, {"name": "Èdè Sadini", "bcp_47_code": "yo", "locale_id": "lang:003132", "is_canonical": true}, {"name": "saridú", "bcp_47_code": "yrl", "locale_id": "lang:006863", "is_canonical": true}, {"name": "撒丁文", "bcp_47_code": "yue", "locale_id": "lang:005108", "is_canonical": true}, {"name": "萨丁语", "bcp_47_code": "cmn", "locale_id": "lang:004378", "is_canonical": true}, {"name": "isi-Sardinian", "bcp_47_code": "zu", "locale_id": "lang:007247", "is_canonical": true}, {"name": "Sardies", "bcp_47_code": "af", "locale_id": "lang:006849", "is_canonical": null}, {"name": "ሳርዲኒያኛ", "bcp_47_code": "am", "locale_id": "lang:000379", "is_canonical": null}, {"name": "السردانية", "bcp_47_code": "ar", "locale_id": "lang:000884", "is_canonical": null}, {"name": "চাৰ্ডিনিয়ান", "bcp_47_code": "as", "locale_id": "lang:003208", "is_canonical": null}, {"name": "Sardiniya dili", "bcp_47_code": "az", "locale_id": "lang:000492", "is_canonical": null}, {"name": "সার্ডিনিয়ান", "bcp_47_code": "bn", "locale_id": "lang:000178", "is_canonical": null}, {"name": "sardinština", "bcp_47_code": "cs", "locale_id": "lang:007371", "is_canonical": null}, {"name": "sardisk", "bcp_47_code": "da", "locale_id": "lang:006478", "is_canonical": null}, {"name": "Σαρδινικά", "bcp_47_code": "el", "locale_id": "lang:002331", "is_canonical": null}, {"name": "ساردنیایی", "bcp_47_code": "fa", "locale_id": "lang:005211", "is_canonical": null}, {"name": "Sardo", "bcp_47_code": "gl", "locale_id": "lang:006921", "is_canonical": null}, {"name": "સાર્ડિનિયન", "bcp_47_code": "gu", "locale_id": "lang:006797", "is_canonical": null}, {"name": "सार्डिनियन", "bcp_47_code": "hi", "locale_id": "lang:005010", "is_canonical": null}, {"name": "sardinijski", "bcp_47_code": "hr", "locale_id": "lang:001280", "is_canonical": null}, {"name": "szárd", "bcp_47_code": "hu", "locale_id": "lang:004445", "is_canonical": null}, {"name": "Sardinia", "bcp_47_code": "in", "locale_id": "lang:005344", "is_canonical": true}, {"name": "sardiníska", "bcp_47_code": "is", "locale_id": "lang:006417", "is_canonical": null}, {"name": "サルデーニャ語（イタリア）", "bcp_47_code": "ja", "locale_id": "lang:005185", "is_canonical": null}, {"name": "Сардиния", "bcp_47_code": "kk", "locale_id": "lang:001017", "is_canonical": null}, {"name": "សាឌីនៀន", "bcp_47_code": "km", "locale_id": "lang:000690", "is_canonical": null}, {"name": "ಸಾರ್ಡಿನಿಯನ್", "bcp_47_code": "kn", "locale_id": "lang:006289", "is_canonical": null}, {"name": "사르데냐어", "bcp_47_code": "ko", "locale_id": "lang:000685", "is_canonical": null}, {"name": "Сардинче", "bcp_47_code": "ky", "locale_id": "lang:003193", "is_canonical": null}, {"name": "Sarde", "bcp_47_code": "ln", "locale_id": "lang:005075", "is_canonical": true}, {"name": "ຊາດິນຽນ", "bcp_47_code": "lo", "locale_id": "lang:002848", "is_canonical": null}, {"name": "sardiniečių kalba", "bcp_47_code": "lt", "locale_id": "lang:000996", "is_canonical": null}, {"name": "സാർഡിനൻ", "bcp_47_code": "ml", "locale_id": "lang:001880", "is_canonical": null}, {"name": "Сардини", "bcp_47_code": "mn", "locale_id": "lang:005506", "is_canonical": null}, {"name": "Sardă", "bcp_47_code": "mo", "locale_id": "lang:006592", "is_canonical": true}, {"name": "सार्डेनिअन", "bcp_47_code": "mr", "locale_id": "lang:003376", "is_canonical": null}, {"name": "ဆာဒီနီယန်", "bcp_47_code": "my", "locale_id": "lang:004196", "is_canonical": null}, {"name": "sardinsk", "bcp_47_code": "nb", "locale_id": "lang:000958", "is_canonical": true}, {"name": "sardinsk", "bcp_47_code": "no", "locale_id": "lang:002536", "is_canonical": null}, {"name": "ସାର୍ଦିନିଆନ୍", "bcp_47_code": "or", "locale_id": "lang:001930", "is_canonical": null}, {"name": "ਸਾਰਡੀਨਿਅਨ", "bcp_47_code": "pa", "locale_id": "lang:003658", "is_canonical": null}, {"name": "sardă", "bcp_47_code": "ro", "locale_id": "lang:006592", "is_canonical": null}, {"name": "සාර්ඩිනියන්", "bcp_47_code": "si", "locale_id": "lang:000326", "is_canonical": null}, {"name": "Sardínske písmo", "bcp_47_code": "sk", "locale_id": "lang:005464", "is_canonical": null}, {"name": "Sarde", "bcp_47_code": "sq", "locale_id": "lang:006275", "is_canonical": null}, {"name": "сардинска", "bcp_47_code": "sr", "locale_id": "lang:002701", "is_canonical": null}, {"name": "sardiska", "bcp_47_code": "sv", "locale_id": "lang:004782", "is_canonical": null}, {"name": "Kisardini", "bcp_47_code": "sw", "locale_id": "lang:001597", "is_canonical": null}, {"name": "சார்டினியன்", "bcp_47_code": "ta", "locale_id": "lang:002996", "is_canonical": null}, {"name": "సర్డీనియన్", "bcp_47_code": "te", "locale_id": "lang:000508", "is_canonical": null}, {"name": "ซาร์ดิเนียน", "bcp_47_code": "th", "locale_id": "lang:000248", "is_canonical": null}, {"name": "Sardinian", "bcp_47_code": "tl", "locale_id": "lang:002540", "is_canonical": true}, {"name": "Sarduca", "bcp_47_code": "tr", "locale_id": "lang:000917", "is_canonical": null}, {"name": "سارڈینیئن", "bcp_47_code": "ur", "locale_id": "lang:001103", "is_canonical": null}, {"name": "撒丁语（意大利）", "bcp_47_code": "cmn", "locale_id": "lang:004378", "is_canonical": null}, {"name": "i-Sardinian", "bcp_47_code": "zu", "locale_id": "lang:007247", "is_canonical": null}, {"name": "Sardu", "bcp_47_code": "sc", "locale_id": "lang:000376", "is_canonical": true}]