[{"name": "Danaru", "bcp_47_code": "en", "locale_id": "lang:004172", "is_canonical": true}, {"name": "Lenga Danaru", "bcp_47_code": "pms", "locale_id": "lang:003480", "is_canonical": true}, {"name": "Kidanaru", "bcp_47_code": "sw", "locale_id": "lang:001597", "is_canonical": true}, {"name": "język danaru", "bcp_47_code": "pl", "locale_id": "lang:001433", "is_canonical": true}, {"name": "danaru jezik", "bcp_47_code": "hr", "locale_id": "lang:001280", "is_canonical": true}, {"name": "Danaru", "bcp_47_code": "ilo", "locale_id": "lang:007408", "is_canonical": true}]