[{"name": "Kofa", "bcp_47_code": "en", "locale_id": "lang:004172", "is_canonical": true}, {"name": "Kikofa", "bcp_47_code": "sw", "locale_id": "lang:001597", "is_canonical": true}, {"name": "Lenga Kofa", "bcp_47_code": "pms", "locale_id": "lang:003480", "is_canonical": true}, {"name": "kofaeg", "bcp_47_code": "br", "locale_id": "lang:003643", "is_canonical": true}, {"name": "kofa jezik", "bcp_47_code": "hr", "locale_id": "lang:001280", "is_canonical": true}, {"name": "kofa", "bcp_47_code": "fr", "locale_id": "lang:002512", "is_canonical": true}]