[{"name": "Lesing-Gelimi", "bcp_47_code": "en", "locale_id": "lang:004172", "is_canonical": true}, {"name": "Amio-Gelimi", "bcp_47_code": "en", "locale_id": "lang:004172", "is_canonical": null}, {"name": "lesing-gelimi jezik", "bcp_47_code": "hr", "locale_id": "lang:001280", "is_canonical": true}, {"name": "Lenga Lesing-Gelimi", "bcp_47_code": "pms", "locale_id": "lang:003480", "is_canonical": true}, {"name": "Kiamio-Gelimi", "bcp_47_code": "sw", "locale_id": "lang:001597", "is_canonical": true}, {"name": "Lesing-Gelimi", "bcp_47_code": "ilo", "locale_id": "lang:007408", "is_canonical": true}, {"name": "amio-gelimi", "bcp_47_code": "fr", "locale_id": "lang:002512", "is_canonical": true}, {"name": "Lesing-Gelimiki", "bcp_47_code": "diq", "locale_id": "lang:003839", "is_canonical": true}, {"name": "Lesing-Atui", "bcp_47_code": "en", "locale_id": "lang:004172", "is_canonical": null}]