[{"name": "Ghotuo", "bcp_47_code": "en", "locale_id": "lang:004172", "is_canonical": true}, {"name": "Kighotuo", "bcp_47_code": "sw", "locale_id": "lang:001597", "is_canonical": true}, {"name": "Ghotuo", "bcp_47_code": "de", "locale_id": "lang:006636", "is_canonical": true}, {"name": "Lenga Ghotuo", "bcp_47_code": "pms", "locale_id": "lang:003480", "is_canonical": true}, {"name": "ghotuo jezik", "bcp_47_code": "hr", "locale_id": "lang:001280", "is_canonical": true}, {"name": "ghotuo", "bcp_47_code": "fi", "locale_id": "lang:005250", "is_canonical": true}, {"name": "Ghotuo", "bcp_47_code": "nl", "locale_id": "lang:006448", "is_canonical": true}, {"name": "ghotou", "bcp_47_code": "es", "locale_id": "lang:005944", "is_canonical": true}, {"name": "ghotuo", "bcp_47_code": "fr", "locale_id": "lang:002512", "is_canonical": true}, {"name": "lingua ghotuo", "bcp_47_code": "it", "locale_id": "lang:005147", "is_canonical": true}, {"name": "ghotuo", "bcp_47_code": "eu", "locale_id": "lang:004920", "is_canonical": true}, {"name": "Ghotuo", "bcp_47_code": "li", "locale_id": "lang:000599", "is_canonical": true}, {"name": "고투오어", "bcp_47_code": "ko", "locale_id": "lang:000685", "is_canonical": true}, {"name": "لغة جوتشيو", "bcp_47_code": "ar", "locale_id": "lang:000884", "is_canonical": true}, {"name": "język ghotuo", "bcp_47_code": "pl", "locale_id": "lang:001433", "is_canonical": true}, {"name": "Γκοτούο", "bcp_47_code": "el", "locale_id": "lang:002331", "is_canonical": true}, {"name": "Ghotuo", "bcp_47_code": "bar", "locale_id": "lang:002296", "is_canonical": true}, {"name": "ghotuo", "bcp_47_code": "oc", "locale_id": "lang:003832", "is_canonical": true}, {"name": "ghotuo", "bcp_47_code": "vec", "locale_id": "lang:004329", "is_canonical": true}, {"name": "Qotuo dili", "bcp_47_code": "az", "locale_id": "lang:000492", "is_canonical": true}, {"name": "Otwa", "bcp_47_code": "en", "locale_id": "lang:004172", "is_canonical": null}, {"name": "Otuo", "bcp_47_code": "en", "locale_id": "lang:004172", "is_canonical": null}, {"name": "ghotuo hizkuntza", "bcp_47_code": "eu", "locale_id": "lang:004920", "is_canonical": null}, {"name": "otwa", "bcp_47_code": "eu", "locale_id": "lang:004920", "is_canonical": null}, {"name": "otuo", "bcp_47_code": "eu", "locale_id": "lang:004920", "is_canonical": null}]