[{"name": "Tai Laing", "bcp_47_code": "en", "locale_id": "lang:004172", "is_canonical": true}, {"name": "Wikang Tai Laing", "bcp_47_code": "tl", "locale_id": "lang:002540", "is_canonical": true}, {"name": "တိုင်းလိုင်ဘာသာစကား", "bcp_47_code": "my", "locale_id": "lang:004196", "is_canonical": true}, {"name": "傣来语", "bcp_47_code": "cmn", "locale_id": "lang:004378", "is_canonical": true}, {"name": "tai laing", "bcp_47_code": "fr", "locale_id": "lang:002512", "is_canonical": true}, {"name": "língua tai lai", "bcp_47_code": "pt", "locale_id": "lang:001977", "is_canonical": true}, {"name": "Tai Leng", "bcp_47_code": "en", "locale_id": "lang:004172", "is_canonical": null}, {"name": "Tai Lai", "bcp_47_code": "en", "locale_id": "lang:004172", "is_canonical": null}, {"name": "Tai Nai", "bcp_47_code": "en", "locale_id": "lang:004172", "is_canonical": null}, {"name": "Shanni", "bcp_47_code": "en", "locale_id": "lang:004172", "is_canonical": null}, {"name": "Shan-Ni", "bcp_47_code": "en", "locale_id": "lang:004172", "is_canonical": null}, {"name": "Red Tai", "bcp_47_code": "en", "locale_id": "lang:004172", "is_canonical": null}, {"name": "Red Shan", "bcp_47_code": "en", "locale_id": "lang:004172", "is_canonical": null}, {"name": "Shan Bamar", "bcp_47_code": "en", "locale_id": "lang:004172", "is_canonical": null}, {"name": "Shan Kalee", "bcp_47_code": "en", "locale_id": "lang:004172", "is_canonical": null}]