[{"name": "Nguôn", "bcp_47_code": "en", "locale_id": "lang:004172", "is_canonical": true}, {"name": "Lenga nguôn", "bcp_47_code": "pms", "locale_id": "lang:003480", "is_canonical": true}, {"name": "tiếng Nguồn", "bcp_47_code": "vi", "locale_id": "lang:004523", "is_canonical": true}, {"name": "Nguồn", "bcp_47_code": "en", "locale_id": "lang:004172", "is_canonical": null}, {"name": "нгуонский язык", "bcp_47_code": "ru", "locale_id": "lang:006745", "is_canonical": true}, {"name": "Kinguon", "bcp_47_code": "sw", "locale_id": "lang:001597", "is_canonical": true}, {"name": "Wikang Nguồn", "bcp_47_code": "tl", "locale_id": "lang:002540", "is_canonical": true}, {"name": "nguon", "bcp_47_code": "fr", "locale_id": "lang:002512", "is_canonical": true}, {"name": "Nguồn", "bcp_47_code": "ilo", "locale_id": "lang:007408", "is_canonical": true}, {"name": "源语", "bcp_47_code": "cmn", "locale_id": "lang:004378", "is_canonical": true}, {"name": "ภาษางวน", "bcp_47_code": "th", "locale_id": "lang:000248", "is_canonical": true}, {"name": "нгуон", "bcp_47_code": "ru", "locale_id": "lang:006745", "is_canonical": null}]