[{"name": "Ura", "bcp_47_code": "en", "locale_id": "lang:004172", "is_canonical": true}, {"name": "ура", "bcp_47_code": "ru", "locale_id": "lang:006745", "is_canonical": true}, {"name": "Kiura", "bcp_47_code": "sw", "locale_id": "lang:001597", "is_canonical": true}, {"name": "ウラ語", "bcp_47_code": "ja", "locale_id": "lang:005185", "is_canonical": true}, {"name": "Ura", "bcp_47_code": "ilo", "locale_id": "lang:007408", "is_canonical": true}, {"name": "ura", "bcp_47_code": "hr", "locale_id": "lang:001280", "is_canonical": true}, {"name": "ura", "bcp_47_code": "fr", "locale_id": "lang:002512", "is_canonical": true}, {"name": "ura keel", "bcp_47_code": "et", "locale_id": "lang:007279", "is_canonical": true}, {"name": "烏拉語", "bcp_47_code": "cmn", "locale_id": "lang:004378", "is_canonical": true}, {"name": "Ura (Vanuatu)", "bcp_47_code": "en", "locale_id": "lang:004172", "is_canonical": true}]