[{"name": "Algerian Arabic", "bcp_47_code": "en", "locale_id": "lang:004172", "is_canonical": true}, {"name": "የአልጄሪያ ዓረብኛ", "bcp_47_code": "am", "locale_id": "lang:000379", "is_canonical": true}, {"name": "árabe d’arxelia", "bcp_47_code": "ast", "locale_id": "lang:006965", "is_canonical": true}, {"name": "arabeg aljeria", "bcp_47_code": "br", "locale_id": "lang:003643", "is_canonical": true}, {"name": "arabština", "bcp_47_code": "cs", "locale_id": "lang:007371", "is_canonical": true}, {"name": "Arabeg Algeria", "bcp_47_code": "cy", "locale_id": "lang:005257", "is_canonical": true}, {"name": "Algerisches Arabisch", "bcp_47_code": "de", "locale_id": "lang:006636", "is_canonical": true}, {"name": "alžeeria araabia", "bcp_47_code": "et", "locale_id": "lang:007279", "is_canonical": true}, {"name": "عربی الجزایری", "bcp_47_code": "fa", "locale_id": "lang:005211", "is_canonical": true}, {"name": "algerianarabia", "bcp_47_code": "fi", "locale_id": "lang:005250", "is_canonical": true}, {"name": "arabe algérien", "bcp_47_code": "fr", "locale_id": "lang:002512", "is_canonical": true}, {"name": "Arabais Aildireach", "bcp_47_code": "gd", "locale_id": "lang:005113", "is_canonical": true}, {"name": "આલ્જેરિયન અરબી", "bcp_47_code": "gu", "locale_id": "lang:006797", "is_canonical": true}, {"name": "ալժիրական արաբերեն", "bcp_47_code": "hy", "locale_id": "lang:006918", "is_canonical": true}, {"name": "Arab Aljazair", "bcp_47_code": "id", "locale_id": "lang:005344", "is_canonical": true}, {"name": "arabo algerino", "bcp_47_code": "it", "locale_id": "lang:005147", "is_canonical": true}, {"name": "アルジェリア・アラビア語", "bcp_47_code": "ja", "locale_id": "lang:005185", "is_canonical": true}, {"name": "알제리 아랍어", "bcp_47_code": "ko", "locale_id": "lang:000685", "is_canonical": true}, {"name": "Aljehresch Arahbesch", "bcp_47_code": "ksh", "locale_id": "lang:000776", "is_canonical": true}, {"name": "Algerescht Arabesch", "bcp_47_code": "lb", "locale_id": "lang:003324", "is_canonical": true}, {"name": "alžyro arabų", "bcp_47_code": "lt", "locale_id": "lang:000996", "is_canonical": true}, {"name": "алжирски арапски", "bcp_47_code": "mk", "locale_id": "lang:001683", "is_canonical": true}, {"name": "Arab Algeria", "bcp_47_code": "ms", "locale_id": "lang:001263", "is_canonical": true}, {"name": "अल्जेरियाली अरबी", "bcp_47_code": "ne", "locale_id": "lang:004630", "is_canonical": true}, {"name": "Algerijns Arabisch", "bcp_47_code": "nl", "locale_id": "lang:006448", "is_canonical": true}, {"name": "algerisk arabisk", "bcp_47_code": "no", "locale_id": "lang:002536", "is_canonical": true}, {"name": "algierski arabski", "bcp_47_code": "pl", "locale_id": "lang:001433", "is_canonical": true}, {"name": "algerisk arabiska", "bcp_47_code": "sv", "locale_id": "lang:004782", "is_canonical": true}, {"name": "Kiarabu cha Algeria", "bcp_47_code": "sw", "locale_id": "lang:001597", "is_canonical": true}, {"name": "อาหรับแอลจีเรีย", "bcp_47_code": "th", "locale_id": "lang:000248", "is_canonical": true}, {"name": "lea fakaʻalepea-ʻaisilia", "bcp_47_code": "to", "locale_id": "lang:006037", "is_canonical": true}, {"name": "Cezayir Arapçası", "bcp_47_code": "tr", "locale_id": "lang:000917", "is_canonical": true}, {"name": "алжирська арабська", "bcp_47_code": "uk", "locale_id": "lang:001994", "is_canonical": true}, {"name": "tiếng Ả Rập Algeria", "bcp_47_code": "vi", "locale_id": "lang:004523", "is_canonical": true}, {"name": "阿爾及利亞阿拉伯文", "bcp_47_code": "yue", "locale_id": "lang:005108", "is_canonical": true}, {"name": "árabe argelino", "bcp_47_code": "pt", "locale_id": "lang:001977", "is_canonical": true}, {"name": "Lenga aràbica dl'Algeria", "bcp_47_code": "pms", "locale_id": "lang:003480", "is_canonical": true}, {"name": "алжирский диалект арабского языка", "bcp_47_code": "ru", "locale_id": "lang:006745", "is_canonical": true}, {"name": "árabe argelino", "bcp_47_code": "es", "locale_id": "lang:005944", "is_canonical": true}, {"name": "алжирски арапски јазик", "bcp_47_code": "mk", "locale_id": "lang:001683", "is_canonical": null}, {"name": "algériai arab", "bcp_47_code": "hu", "locale_id": "lang:004445", "is_canonical": true}, {"name": "Algerisch-Arabisch", "bcp_47_code": "de", "locale_id": "lang:006636", "is_canonical": null}, {"name": "alžirski arapski", "bcp_47_code": "hr", "locale_id": "lang:001280", "is_canonical": true}, {"name": "اللهجة الجزائرية", "bcp_47_code": "ar", "locale_id": "lang:000884", "is_canonical": true}, {"name": "アラビア語アルジェリア方言", "bcp_47_code": "ja", "locale_id": "lang:005185", "is_canonical": null}, {"name": "阿爾及利亞阿拉伯語", "bcp_47_code": "cmn", "locale_id": "lang:004378", "is_canonical": true}, {"name": "алжирски арабски език", "bcp_47_code": "bg", "locale_id": "lang:003294", "is_canonical": true}, {"name": "алжирська арабська мова", "bcp_47_code": "uk", "locale_id": "lang:001994", "is_canonical": null}, {"name": "Taɛrabt tazzayrit", "bcp_47_code": "kab", "locale_id": "lang:002124", "is_canonical": true}, {"name": "արաբերենի ալժիրի բարբառ", "bcp_47_code": "hy", "locale_id": "lang:006918", "is_canonical": null}, {"name": "دزيري", "bcp_47_code": "aeb", "locale_id": "lang:006749", "is_canonical": true}, {"name": "الدارجه الجزائريه", "bcp_47_code": "arz", "locale_id": "lang:004060", "is_canonical": true}, {"name": "alĝeria araba lingvo", "bcp_47_code": "eo", "locale_id": "lang:001065", "is_canonical": true}, {"name": "árabe arxelín", "bcp_47_code": "ast", "locale_id": "lang:006965", "is_canonical": null}, {"name": "Algerijns-Arabisch", "bcp_47_code": "nl", "locale_id": "lang:006448", "is_canonical": null}, {"name": "الجزائری عربی", "bcp_47_code": "ur", "locale_id": "lang:001103", "is_canonical": true}, {"name": "algerisk arabisk", "bcp_47_code": "da", "locale_id": "lang:006478", "is_canonical": true}, {"name": "àrab algerià", "bcp_47_code": "ca", "locale_id": "lang:000334", "is_canonical": true}, {"name": "tiếng Ả Rập Algérie", "bcp_47_code": "vi", "locale_id": "lang:004523", "is_canonical": null}, {"name": "bahasa Arab Aljazair", "bcp_47_code": "id", "locale_id": "lang:005344", "is_canonical": null}, {"name": "αλγερινά αραβικά", "bcp_47_code": "el", "locale_id": "lang:002331", "is_canonical": true}, {"name": "алжирски арапски", "bcp_47_code": "sr", "locale_id": "lang:002701", "is_canonical": true}, {"name": "àrabo alzerin", "bcp_47_code": "vec", "locale_id": "lang:004329", "is_canonical": true}, {"name": "algerisk-arabisk", "bcp_47_code": "nb", "locale_id": "lang:000958", "is_canonical": true}, {"name": "Arabish Algearagh", "bcp_47_code": "gv", "locale_id": "lang:002789", "is_canonical": true}, {"name": "Arabic ndị Algeria", "bcp_47_code": "ig", "locale_id": "lang:002832", "is_canonical": true}, {"name": "الدارجة الجزائرية", "bcp_47_code": "arq", "locale_id": "lang:000395", "is_canonical": true}, {"name": "toki Alapi pi ma Sasali", "bcp_47_code": "tok", "locale_id": null, "is_canonical": true}, {"name": "àrabu algerinu", "bcp_47_code": "co", "locale_id": "lang:006406", "is_canonical": true}, {"name": "الدارجة د لجزائر", "bcp_47_code": "ary", "locale_id": "lang:001493", "is_canonical": true}, {"name": "Árabe alxeriano", "bcp_47_code": "gl", "locale_id": "lang:006921", "is_canonical": true}, {"name": "aljeriar arabiera", "bcp_47_code": "eu", "locale_id": "lang:004920", "is_canonical": true}, {"name": "Ərəb dilinin Əlcəzair dialekti", "bcp_47_code": "az", "locale_id": "lang:000492", "is_canonical": true}, {"name": "alžirska arabščina", "bcp_47_code": "sl", "locale_id": "lang:004352", "is_canonical": true}, {"name": "alžirski arapski", "bcp_47_code": "bs", "locale_id": "lang:005177", "is_canonical": true}, {"name": "algerien moderne", "bcp_47_code": "fr", "locale_id": "lang:002512", "is_canonical": null}, {"name": "algériophone", "bcp_47_code": "fr", "locale_id": "lang:002512", "is_canonical": null}, {"name": "arabe algerien", "bcp_47_code": "fr", "locale_id": "lang:002512", "is_canonical": null}, {"name": "darija algérienne", "bcp_47_code": "fr", "locale_id": "lang:002512", "is_canonical": null}, {"name": "djazairia", "bcp_47_code": "fr", "locale_id": "lang:002512", "is_canonical": null}, {"name": "grammaire algérienne", "bcp_47_code": "fr", "locale_id": "lang:002512", "is_canonical": null}, {"name": "jazayriya", "bcp_47_code": "fr", "locale_id": "lang:002512", "is_canonical": null}, {"name": "algérien", "bcp_47_code": "fr", "locale_id": "lang:002512", "is_canonical": null}, {"name": "jazairia", "bcp_47_code": "fr", "locale_id": "lang:002512", "is_canonical": null}, {"name": "algérien moderne", "bcp_47_code": "fr", "locale_id": "lang:002512", "is_canonical": null}, {"name": "dzairiya", "bcp_47_code": "fr", "locale_id": "lang:002512", "is_canonical": null}, {"name": "لهجة جزائرية", "bcp_47_code": "ar", "locale_id": "lang:000884", "is_canonical": null}, {"name": "لهجه جزائريه", "bcp_47_code": "ar", "locale_id": "lang:000884", "is_canonical": null}, {"name": "دارجة الجزائر", "bcp_47_code": "ar", "locale_id": "lang:000884", "is_canonical": null}, {"name": "الدارجة الجزائرية", "bcp_47_code": "ar", "locale_id": "lang:000884", "is_canonical": null}, {"name": "لهيجة جزائرية", "bcp_47_code": "ar", "locale_id": "lang:000884", "is_canonical": null}, {"name": "Magherbi Arabic", "bcp_47_code": "en", "locale_id": "lang:004172", "is_canonical": null}, {"name": "阿爾及利亞口語", "bcp_47_code": "cmn", "locale_id": "lang:004378", "is_canonical": null}, {"name": "دارجة دزيرية", "bcp_47_code": "aeb", "locale_id": "lang:006749", "is_canonical": null}, {"name": "دارجة جزايرية", "bcp_47_code": "aeb", "locale_id": "lang:006749", "is_canonical": null}, {"name": "جزايري", "bcp_47_code": "aeb", "locale_id": "lang:006749", "is_canonical": null}, {"name": "الدارجة الجزائرية", "bcp_47_code": "arz", "locale_id": "lang:004060", "is_canonical": null}, {"name": "اللهجة الجزائرية", "bcp_47_code": "arz", "locale_id": "lang:004060", "is_canonical": null}, {"name": "دارجة الجزائر", "bcp_47_code": "arz", "locale_id": "lang:004060", "is_canonical": null}, {"name": "لهجة الجزائر", "bcp_47_code": "arz", "locale_id": "lang:004060", "is_canonical": null}, {"name": "達里賈", "bcp_47_code": "cmn", "locale_id": "lang:004378", "is_canonical": null}, {"name": "algériai arab nyelv", "bcp_47_code": "hu", "locale_id": "lang:004445", "is_canonical": null}, {"name": "àrabu alghjerinu", "bcp_47_code": "co", "locale_id": "lang:006406", "is_canonical": null}, {"name": "aljeriako arabiera", "bcp_47_code": "eu", "locale_id": "lang:004920", "is_canonical": null}, {"name": "aljeriar darija", "bcp_47_code": "eu", "locale_id": "lang:004920", "is_canonical": null}]