[{"name": "Bainouk-Samik", "bcp_47_code": "en", "locale_id": "lang:004172", "is_canonical": true}, {"name": "Kibainouk-Samik", "bcp_47_code": "sw", "locale_id": "lang:001597", "is_canonical": true}, {"name": "Lenga Bainouk-Samik", "bcp_47_code": "pms", "locale_id": "lang:003480", "is_canonical": true}, {"name": "Samik", "bcp_47_code": "de", "locale_id": "lang:006636", "is_canonical": true}, {"name": "samikeg", "bcp_47_code": "br", "locale_id": "lang:003643", "is_canonical": true}, {"name": "바이누크사미크어", "bcp_47_code": "ko", "locale_id": "lang:000685", "is_canonical": true}, {"name": "bainouk-samik", "bcp_47_code": "hr", "locale_id": "lang:001280", "is_canonical": true}, {"name": "bainouk-samik", "bcp_47_code": "fr", "locale_id": "lang:002512", "is_canonical": true}, {"name": "bainuko-samik", "bcp_47_code": "es", "locale_id": "lang:005944", "is_canonical": true}]