[{"name": "Mehináku", "bcp_47_code": "en", "locale_id": "lang:004172", "is_canonical": true}, {"name": "Lenga mehinaku", "bcp_47_code": "pms", "locale_id": "lang:003480", "is_canonical": true}, {"name": "mehináku jezik", "bcp_47_code": "hr", "locale_id": "lang:001280", "is_canonical": true}, {"name": "мехинаку", "bcp_47_code": "ru", "locale_id": "lang:006745", "is_canonical": true}, {"name": "mehináku", "bcp_47_code": "es", "locale_id": "lang:005944", "is_canonical": true}, {"name": "メイナク語", "bcp_47_code": "ja", "locale_id": "lang:005185", "is_canonical": true}, {"name": "mehinaku", "bcp_47_code": "fr", "locale_id": "lang:002512", "is_canonical": true}, {"name": "mehinaku keel", "bcp_47_code": "et", "locale_id": "lang:007279", "is_canonical": true}, {"name": "idioma mehinaku", "bcp_47_code": "ast", "locale_id": "lang:006965", "is_canonical": true}, {"name": "língua mehinaku", "bcp_47_code": "pt", "locale_id": "lang:001977", "is_canonical": true}, {"name": "Wikang Mehinaku", "bcp_47_code": "tl", "locale_id": "lang:002540", "is_canonical": true}, {"name": "mehinaku", "bcp_47_code": "ca", "locale_id": "lang:000334", "is_canonical": true}, {"name": "Meinaku", "bcp_47_code": "en", "locale_id": "lang:004172", "is_canonical": null}, {"name": "idioma mehinaku", "bcp_47_code": "es", "locale_id": "lang:005944", "is_canonical": null}, {"name": "meinaku", "bcp_47_code": "es", "locale_id": "lang:005944", "is_canonical": null}]