[{"name": "Pagu", "bcp_47_code": "en", "locale_id": "lang:004172", "is_canonical": true}, {"name": "bahasa Pagu", "bcp_47_code": "id", "locale_id": "lang:005344", "is_canonical": true}, {"name": "パグ語", "bcp_47_code": "ja", "locale_id": "lang:005185", "is_canonical": true}, {"name": "Lenga Pagu", "bcp_47_code": "pms", "locale_id": "lang:003480", "is_canonical": true}, {"name": "pagu", "bcp_47_code": "fr", "locale_id": "lang:002512", "is_canonical": true}, {"name": "pagoueg", "bcp_47_code": "br", "locale_id": "lang:003643", "is_canonical": true}, {"name": "Kipagu", "bcp_47_code": "sw", "locale_id": "lang:001597", "is_canonical": true}, {"name": "język pagu", "bcp_47_code": "pl", "locale_id": "lang:001433", "is_canonical": true}, {"name": "Pagu", "bcp_47_code": "ilo", "locale_id": "lang:007408", "is_canonical": true}]