[{"name": "Southern Hindko", "bcp_47_code": "en", "locale_id": "lang:004172", "is_canonical": true}, {"name": "Suid-Hindko", "bcp_47_code": "af", "locale_id": "lang:006849", "is_canonical": true}, {"name": "ደቡባዊ ሂንድኮ", "bcp_47_code": "am", "locale_id": "lang:000379", "is_canonical": true}, {"name": "هندكو الجنوبية", "bcp_47_code": "ar", "locale_id": "lang:000884", "is_canonical": true}, {"name": "দক্ষিণ হিণ্ডকো", "bcp_47_code": "as", "locale_id": "lang:003208", "is_canonical": true}, {"name": "Cənubi Hindko", "bcp_47_code": "az", "locale_id": "lang:000492", "is_canonical": true}, {"name": "паўднёвая хіндко", "bcp_47_code": "be", "locale_id": "lang:004942", "is_canonical": true}, {"name": "южен хиндко", "bcp_47_code": "bg", "locale_id": "lang:003294", "is_canonical": true}, {"name": "দক্ষিণ হিন্দকো", "bcp_47_code": "bn", "locale_id": "lang:000178", "is_canonical": true}, {"name": "južni hindko", "bcp_47_code": "bs", "locale_id": "lang:005177", "is_canonical": true}, {"name": "hindko meridional", "bcp_47_code": "ca", "locale_id": "lang:000334", "is_canonical": true}, {"name": "jižní hindko", "bcp_47_code": "cs", "locale_id": "lang:007371", "is_canonical": true}, {"name": "sydhindko", "bcp_47_code": "da", "locale_id": "lang:006478", "is_canonical": true}, {"name": "Südliches Hindko", "bcp_47_code": "de", "locale_id": "lang:006636", "is_canonical": true}, {"name": "Νότια Χίντκο", "bcp_47_code": "el", "locale_id": "lang:002331", "is_canonical": true}, {"name": "hindko meridional", "bcp_47_code": "es", "locale_id": "lang:005944", "is_canonical": true}, {"name": "lõunahindko", "bcp_47_code": "et", "locale_id": "lang:007279", "is_canonical": true}, {"name": "hegoaldeko hindkoarra", "bcp_47_code": "eu", "locale_id": "lang:004920", "is_canonical": true}, {"name": "هندکو جنوبی", "bcp_47_code": "fa", "locale_id": "lang:005211", "is_canonical": true}, {"name": "etelähindko", "bcp_47_code": "fi", "locale_id": "lang:005250", "is_canonical": true}, {"name": "Southern Hindko", "bcp_47_code": "fil", "locale_id": "lang:004854", "is_canonical": true}, {"name": "hindko du sud", "bcp_47_code": "fr", "locale_id": "lang:002512", "is_canonical": true}, {"name": "Hindko meridional", "bcp_47_code": "gl", "locale_id": "lang:006921", "is_canonical": true}, {"name": "Südliches Hindko", "bcp_47_code": "gsw", "locale_id": "lang:006414", "is_canonical": true}, {"name": "દક્ષિણી હિન્ડકો", "bcp_47_code": "gu", "locale_id": "lang:006797", "is_canonical": true}, {"name": "दक्षिणी हिंदको", "bcp_47_code": "hi", "locale_id": "lang:005010", "is_canonical": true}, {"name": "južni hindko", "bcp_47_code": "hr", "locale_id": "lang:001280", "is_canonical": true}, {"name": "déli-hindko", "bcp_47_code": "hu", "locale_id": "lang:004445", "is_canonical": true}, {"name": "հարավային հինդկո", "bcp_47_code": "hy", "locale_id": "lang:006918", "is_canonical": true}, {"name": "Hindko Selatan", "bcp_47_code": "id", "locale_id": "lang:005344", "is_canonical": true}, {"name": "Hindko Selatan", "bcp_47_code": "in", "locale_id": "lang:005344", "is_canonical": true}, {"name": "suður-hindko", "bcp_47_code": "is", "locale_id": "lang:006417", "is_canonical": true}, {"name": "hindko meridionale", "bcp_47_code": "it", "locale_id": "lang:005147", "is_canonical": true}, {"name": "הינדקו דרומית", "bcp_47_code": "he", "locale_id": "lang:000780", "is_canonical": true}, {"name": "南部ヒンドコ語", "bcp_47_code": "ja", "locale_id": "lang:005185", "is_canonical": true}, {"name": "სამხრეთის ჰინდკო", "bcp_47_code": "ka", "locale_id": "lang:005687", "is_canonical": true}, {"name": "Оңтүстік хиндко", "bcp_47_code": "kk", "locale_id": "lang:001017", "is_canonical": true}, {"name": "ហ៊ីនកូខាងត្បូង", "bcp_47_code": "km", "locale_id": "lang:000690", "is_canonical": true}, {"name": "ದಕ್ಷಿಣ ಹಿಂದು", "bcp_47_code": "kn", "locale_id": "lang:006289", "is_canonical": true}, {"name": "남부 힌드코어", "bcp_47_code": "ko", "locale_id": "lang:000685", "is_canonical": true}, {"name": "Түштүк хиндкочо", "bcp_47_code": "ky", "locale_id": "lang:003193", "is_canonical": true}, {"name": "Hindko du Sud", "bcp_47_code": "ln", "locale_id": "lang:005075", "is_canonical": true}, {"name": "ເຊົາເທິນ ຮິນໂກ", "bcp_47_code": "lo", "locale_id": "lang:002848", "is_canonical": true}, {"name": "pietų hindko kalba", "bcp_47_code": "lt", "locale_id": "lang:000996", "is_canonical": true}, {"name": "dienvidhindko", "bcp_47_code": "lv", "locale_id": "lang:006606", "is_canonical": true}, {"name": "јужен хиндко", "bcp_47_code": "mk", "locale_id": "lang:001683", "is_canonical": true}, {"name": "തെക്കൻ ഹിൻഡ്കോ", "bcp_47_code": "ml", "locale_id": "lang:001880", "is_canonical": true}, {"name": "Өмнөд Хиндко", "bcp_47_code": "mn", "locale_id": "lang:005506", "is_canonical": true}, {"name": "Hindko din sud", "bcp_47_code": "mo", "locale_id": "lang:006592", "is_canonical": true}, {"name": "दक्षिण हिंदको", "bcp_47_code": "mr", "locale_id": "lang:003376", "is_canonical": true}, {"name": "Hindko Selatan", "bcp_47_code": "ms", "locale_id": "lang:001263", "is_canonical": true}, {"name": "တောင်ပိုင်းဟင်းဒ်ကို", "bcp_47_code": "my", "locale_id": "lang:004196", "is_canonical": true}, {"name": "sør-hindko", "bcp_47_code": "nb", "locale_id": "lang:000958", "is_canonical": true}, {"name": "दक्षिणी हिन्ड्को", "bcp_47_code": "ne", "locale_id": "lang:004630", "is_canonical": true}, {"name": "Zuid-Hindko", "bcp_47_code": "nl", "locale_id": "lang:006448", "is_canonical": true}, {"name": "sør-hindko", "bcp_47_code": "no", "locale_id": "lang:002536", "is_canonical": true}, {"name": "ଦକ୍ଷିଣୀହିଣ୍ଡକୋ", "bcp_47_code": "or", "locale_id": "lang:001930", "is_canonical": true}, {"name": "ਦੱਖਣੀ ਹਿੰਡਕੋ", "bcp_47_code": "pa", "locale_id": "lang:003658", "is_canonical": true}, {"name": "południowy hindko", "bcp_47_code": "pl", "locale_id": "lang:001433", "is_canonical": true}, {"name": "hindko meridional", "bcp_47_code": "pt", "locale_id": "lang:001977", "is_canonical": true}, {"name": "hindko din sud", "bcp_47_code": "ro", "locale_id": "lang:006592", "is_canonical": true}, {"name": "южный хиндко", "bcp_47_code": "ru", "locale_id": "lang:006745", "is_canonical": true}, {"name": "දකුණුහිණ්ඩ්කෝ", "bcp_47_code": "si", "locale_id": "lang:000326", "is_canonical": true}, {"name": "Južné hindko", "bcp_47_code": "sk", "locale_id": "lang:005464", "is_canonical": true}, {"name": "južni hindko", "bcp_47_code": "sl", "locale_id": "lang:004352", "is_canonical": true}, {"name": "Hindkoishte jugore", "bcp_47_code": "sq", "locale_id": "lang:006275", "is_canonical": true}, {"name": "јужнохиндко", "bcp_47_code": "sr", "locale_id": "lang:002701", "is_canonical": true}, {"name": "sydhindko", "bcp_47_code": "sv", "locale_id": "lang:004782", "is_canonical": true}, {"name": "Kihindko cha Kusini", "bcp_47_code": "sw", "locale_id": "lang:001597", "is_canonical": true}, {"name": "தெற்கு ஹிந்த்கோ", "bcp_47_code": "ta", "locale_id": "lang:002996", "is_canonical": true}, {"name": "దక్షిణ హిండ్కో", "bcp_47_code": "te", "locale_id": "lang:000508", "is_canonical": true}, {"name": "ฮินด์โคใต้", "bcp_47_code": "th", "locale_id": "lang:000248", "is_canonical": true}, {"name": "Southern Hindko", "bcp_47_code": "tl", "locale_id": "lang:002540", "is_canonical": true}, {"name": "Güney Hindko", "bcp_47_code": "tr", "locale_id": "lang:000917", "is_canonical": true}, {"name": "південна гіндко", "bcp_47_code": "uk", "locale_id": "lang:001994", "is_canonical": true}, {"name": "جنوبی ہندکو", "bcp_47_code": "ur", "locale_id": "lang:001103", "is_canonical": true}, {"name": "janubiy hindko", "bcp_47_code": "uz", "locale_id": "lang:003386", "is_canonical": true}, {"name": "tiếng Nam Hindko", "bcp_47_code": "vi", "locale_id": "lang:004523", "is_canonical": true}, {"name": "南欣德科语", "bcp_47_code": "cmn", "locale_id": "lang:004378", "is_canonical": true}, {"name": "isi-Southern Hindko", "bcp_47_code": "zu", "locale_id": "lang:007247", "is_canonical": true}, {"name": "हिन्दको भाषा", "bcp_47_code": "hi", "locale_id": "lang:005010", "is_canonical": null}, {"name": "хиндко", "bcp_47_code": "ru", "locale_id": "lang:006745", "is_canonical": null}, {"name": "Hindko", "bcp_47_code": "en", "locale_id": "lang:004172", "is_canonical": null}, {"name": "hindko", "bcp_47_code": "ca", "locale_id": "lang:000334", "is_canonical": null}, {"name": "Bahasa Hindko", "bcp_47_code": "ms", "locale_id": "lang:001263", "is_canonical": null}, {"name": "lingua Hindko", "bcp_47_code": "la", "locale_id": "lang:016110", "is_canonical": true}, {"name": "Hindko bhasa", "bcp_47_code": "hif", "locale_id": "lang:004553", "is_canonical": true}, {"name": "Hindko", "bcp_47_code": "de", "locale_id": "lang:006636", "is_canonical": null}, {"name": "ヒンドコ語", "bcp_47_code": "ja", "locale_id": "lang:005185", "is_canonical": null}, {"name": "زبان هندکو", "bcp_47_code": "fa", "locale_id": "lang:005211", "is_canonical": null}, {"name": "ہندکو", "bcp_47_code": "ur", "locale_id": "lang:001103", "is_canonical": null}, {"name": "ہندکو", "bcp_47_code": "pnb", "locale_id": "lang:003334", "is_canonical": true}, {"name": "hindko", "bcp_47_code": "sv", "locale_id": "lang:004782", "is_canonical": null}, {"name": "hindko", "bcp_47_code": "da", "locale_id": "lang:006478", "is_canonical": null}, {"name": "hindko", "bcp_47_code": "nb", "locale_id": "lang:000958", "is_canonical": null}, {"name": "ਹਿੰਦਕੋ", "bcp_47_code": "pa", "locale_id": "lang:003658", "is_canonical": null}, {"name": "hindko", "bcp_47_code": "fi", "locale_id": "lang:005250", "is_canonical": null}, {"name": "hindko", "bcp_47_code": "nn", "locale_id": "lang:005019", "is_canonical": true}, {"name": "hindko", "bcp_47_code": "fr", "locale_id": "lang:002512", "is_canonical": null}, {"name": "гіндко", "bcp_47_code": "uk", "locale_id": "lang:001994", "is_canonical": null}, {"name": "هیندکو دیلی", "bcp_47_code": "azb", "locale_id": "lang:003109", "is_canonical": true}, {"name": "bahasa Hindko", "bcp_47_code": "id", "locale_id": "lang:005344", "is_canonical": null}, {"name": "Γλώσσα Χίντκο", "bcp_47_code": "el", "locale_id": "lang:002331", "is_canonical": null}, {"name": "tiếng Hindko", "bcp_47_code": "vi", "locale_id": "lang:004523", "is_canonical": null}, {"name": "印德科語", "bcp_47_code": "cmn", "locale_id": "lang:004378", "is_canonical": null}, {"name": "印德科语", "bcp_47_code": "cmn", "locale_id": "lang:004378", "is_canonical": null}, {"name": "hindko", "bcp_47_code": "it", "locale_id": "lang:005147", "is_canonical": null}, {"name": "ہندکو زبان", "bcp_47_code": "skr", "locale_id": "lang:006697", "is_canonical": true}, {"name": "হিন্দকো ভাষা", "bcp_47_code": "bn", "locale_id": "lang:000178", "is_canonical": null}, {"name": "hindko", "bcp_47_code": "vec", "locale_id": "lang:004329", "is_canonical": true}, {"name": "Hindko", "bcp_47_code": "pcd", "locale_id": "lang:004673", "is_canonical": true}, {"name": "هندکو يا انکو ژبه", "bcp_47_code": "ps", "locale_id": "lang:006281", "is_canonical": true}, {"name": "இந்த்கோ மொழி", "bcp_47_code": "ta", "locale_id": "lang:002996", "is_canonical": null}, {"name": "ہندکو", "bcp_47_code": "hno", "locale_id": "lang:006477", "is_canonical": true}, {"name": "língua hindko", "bcp_47_code": "pt", "locale_id": "lang:001977", "is_canonical": null}, {"name": "هندکو", "bcp_47_code": "mzn", "locale_id": "lang:005912", "is_canonical": true}, {"name": "Hindko", "bcp_47_code": "nl", "locale_id": "lang:006448", "is_canonical": null}, {"name": "हिन्दको", "bcp_47_code": "hi", "locale_id": "lang:005010", "is_canonical": null}, {"name": "हिंद्को भाषा", "bcp_47_code": "hi", "locale_id": "lang:005010", "is_canonical": null}, {"name": "हिंद्को", "bcp_47_code": "hi", "locale_id": "lang:005010", "is_canonical": null}, {"name": "हिंदको भाषा", "bcp_47_code": "hi", "locale_id": "lang:005010", "is_canonical": null}, {"name": "हिंदको", "bcp_47_code": "hi", "locale_id": "lang:005010", "is_canonical": null}, {"name": "lingua Peshawari", "bcp_47_code": "la", "locale_id": "lang:016110", "is_canonical": null}, {"name": "Hindko", "bcp_47_code": "hif", "locale_id": "lang:004553", "is_canonical": null}, {"name": "Hindkowan", "bcp_47_code": "de", "locale_id": "lang:006636", "is_canonical": null}, {"name": "peshawari", "bcp_47_code": "nb", "locale_id": "lang:000958", "is_canonical": null}, {"name": "hindku", "bcp_47_code": "nb", "locale_id": "lang:000958", "is_canonical": null}, {"name": "兴都科语", "bcp_47_code": "cmn", "locale_id": "lang:004378", "is_canonical": null}, {"name": "欣德科語", "bcp_47_code": "cmn", "locale_id": "lang:004378", "is_canonical": null}, {"name": "хиндку", "bcp_47_code": "ru", "locale_id": "lang:006745", "is_canonical": null}, {"name": "хинко", "bcp_47_code": "ru", "locale_id": "lang:006745", "is_canonical": null}, {"name": "ہندکو", "bcp_47_code": "hnd", "locale_id": "lang:000061", "is_canonical": true}, {"name": "Hindko", "bcp_47_code": "hnd", "locale_id": "lang:000061", "is_canonical": null}]