[{"name": "Achuar-Shiwiar", "bcp_47_code": "en", "locale_id": "lang:004172", "is_canonical": true}, {"name": "Achuar", "bcp_47_code": "en", "locale_id": "lang:004172", "is_canonical": null}, {"name": "achuar-shiwiar", "bcp_47_code": "hr", "locale_id": "lang:001280", "is_canonical": true}, {"name": "achuar", "bcp_47_code": "fr", "locale_id": "lang:002512", "is_canonical": true}, {"name": "achuar", "bcp_47_code": "pt", "locale_id": "lang:001977", "is_canonical": true}, {"name": "Lenga achuar-shiwiar", "bcp_47_code": "pms", "locale_id": "lang:003480", "is_canonical": true}, {"name": "achuar", "bcp_47_code": "es", "locale_id": "lang:005944", "is_canonical": true}, {"name": "ачуар-шивиар", "bcp_47_code": "ru", "locale_id": "lang:006745", "is_canonical": true}, {"name": "Lingua achuar", "bcp_47_code": "gl", "locale_id": "lang:006921", "is_canonical": true}, {"name": "Achuar-Shiwiar", "bcp_47_code": "li", "locale_id": "lang:000599", "is_canonical": true}, {"name": "język achuale", "bcp_47_code": "pl", "locale_id": "lang:001433", "is_canonical": true}, {"name": "Achuar-Shiwiar", "bcp_47_code": "hif", "locale_id": "lang:004553", "is_canonical": true}, {"name": "Γλώσσα Ατσουάρ-Σιουιβιάρ", "bcp_47_code": "el", "locale_id": "lang:002331", "is_canonical": true}, {"name": "Shiwiar", "bcp_47_code": "en", "locale_id": "lang:004172", "is_canonical": null}, {"name": "língua achuar", "bcp_47_code": "pt", "locale_id": "lang:001977", "is_canonical": null}, {"name": "Wikang Shiwiar", "bcp_47_code": "tl", "locale_id": "lang:002540", "is_canonical": true}, {"name": "шывіяр", "bcp_47_code": "be", "locale_id": "lang:004942", "is_canonical": true}, {"name": "achuar", "bcp_47_code": "ca", "locale_id": "lang:000334", "is_canonical": true}, {"name": "achuar-shiwiar", "bcp_47_code": "es", "locale_id": "lang:005944", "is_canonical": null}, {"name": "jívaro", "bcp_47_code": "es", "locale_id": "lang:005944", "is_canonical": null}, {"name": "maina", "bcp_47_code": "es", "locale_id": "lang:005944", "is_canonical": null}, {"name": "jivar", "bcp_47_code": "es", "locale_id": "lang:005944", "is_canonical": null}, {"name": "shiwiar", "bcp_47_code": "es", "locale_id": "lang:005944", "is_canonical": null}, {"name": "Maina", "bcp_47_code": "en", "locale_id": "lang:004172", "is_canonical": null}, {"name": "Jivaro", "bcp_47_code": "en", "locale_id": "lang:004172", "is_canonical": null}, {"name": "achual", "bcp_47_code": "fr", "locale_id": "lang:002512", "is_canonical": null}, {"name": "шывіярская мова", "bcp_47_code": "be", "locale_id": "lang:004942", "is_canonical": null}, {"name": "ачуар", "bcp_47_code": "be", "locale_id": "lang:004942", "is_canonical": null}]