[{"name": "Piamatsina", "bcp_47_code": "en", "locale_id": "lang:004172", "is_canonical": true}, {"name": "Lenga Piamatsina", "bcp_47_code": "pms", "locale_id": "lang:003480", "is_canonical": true}, {"name": "piamatsina", "bcp_47_code": "fi", "locale_id": "lang:005250", "is_canonical": true}, {"name": "Kipiamatsina", "bcp_47_code": "sw", "locale_id": "lang:001597", "is_canonical": true}, {"name": "Piamatsina", "bcp_47_code": "ilo", "locale_id": "lang:007408", "is_canonical": true}, {"name": "piamatsina", "bcp_47_code": "fr", "locale_id": "lang:002512", "is_canonical": true}]