[{"name": "Dameli", "bcp_47_code": "en", "locale_id": "lang:004172", "is_canonical": true}, {"name": "dameleg", "bcp_47_code": "br", "locale_id": "lang:003643", "is_canonical": true}, {"name": "damelin kieli", "bcp_47_code": "fi", "locale_id": "lang:005250", "is_canonical": true}, {"name": "dameli", "bcp_47_code": "fr", "locale_id": "lang:002512", "is_canonical": true}, {"name": "دامیڑی", "bcp_47_code": "pnb", "locale_id": "lang:003334", "is_canonical": true}, {"name": "дамели", "bcp_47_code": "ru", "locale_id": "lang:006745", "is_canonical": true}, {"name": "தாமேலி மொழி", "bcp_47_code": "ta", "locale_id": "lang:002996", "is_canonical": true}, {"name": "ภาษาดาเมลี", "bcp_47_code": "th", "locale_id": "lang:000248", "is_canonical": true}, {"name": "דאמעלי", "bcp_47_code": "yi", "locale_id": "lang:002081", "is_canonical": true}, {"name": "زبان داملی", "bcp_47_code": "fa", "locale_id": "lang:005211", "is_canonical": true}, {"name": "दामेली भाषा", "bcp_47_code": "hi", "locale_id": "lang:005010", "is_canonical": true}, {"name": "dameli", "bcp_47_code": "es", "locale_id": "lang:005944", "is_canonical": true}, {"name": "lingua dameli", "bcp_47_code": "it", "locale_id": "lang:005147", "is_canonical": true}, {"name": "dameli", "bcp_47_code": "sv", "locale_id": "lang:004782", "is_canonical": true}, {"name": "Lenga dameli", "bcp_47_code": "pms", "locale_id": "lang:003480", "is_canonical": true}, {"name": "Dameli", "bcp_47_code": "de", "locale_id": "lang:006636", "is_canonical": true}, {"name": "Kidameli", "bcp_47_code": "sw", "locale_id": "lang:001597", "is_canonical": true}, {"name": "ダメーリー語", "bcp_47_code": "ja", "locale_id": "lang:005185", "is_canonical": true}, {"name": "داملی دیلی", "bcp_47_code": "azb", "locale_id": "lang:003109", "is_canonical": true}, {"name": "داميلي ٻولي", "bcp_47_code": "sd", "locale_id": "lang:002987", "is_canonical": true}, {"name": "دمیلی زبان", "bcp_47_code": "ur", "locale_id": "lang:001103", "is_canonical": true}, {"name": "达梅利语", "bcp_47_code": "cmn", "locale_id": "lang:004378", "is_canonical": true}, {"name": "dameli keel", "bcp_47_code": "et", "locale_id": "lang:007279", "is_canonical": true}, {"name": "dameli", "bcp_47_code": "vec", "locale_id": "lang:004329", "is_canonical": true}, {"name": "dameli", "bcp_47_code": "cs", "locale_id": "lang:007371", "is_canonical": true}, {"name": "দামেলী ভাষা", "bcp_47_code": "as", "locale_id": "lang:003208", "is_canonical": true}, {"name": "damia-baśa", "bcp_47_code": "fr", "locale_id": "lang:002512", "is_canonical": null}, {"name": "jazyk dameli", "bcp_47_code": "cs", "locale_id": "lang:007371", "is_canonical": null}]