[{"name": "Maridjabin", "bcp_47_code": "en", "locale_id": "lang:004172", "is_canonical": true}, {"name": "maridjabin", "bcp_47_code": "sv", "locale_id": "lang:004782", "is_canonical": true}, {"name": "Lenga maridjabin", "bcp_47_code": "pms", "locale_id": "lang:003480", "is_canonical": true}, {"name": "język maridjabin", "bcp_47_code": "pl", "locale_id": "lang:001433", "is_canonical": true}, {"name": "Kimaridjabin", "bcp_47_code": "sw", "locale_id": "lang:001597", "is_canonical": true}, {"name": "maridjabin", "bcp_47_code": "fr", "locale_id": "lang:002512", "is_canonical": true}]