[{"name": "Tuparí", "bcp_47_code": "en", "locale_id": "lang:004172", "is_canonical": true}, {"name": "tupari", "bcp_47_code": "fr", "locale_id": "lang:002512", "is_canonical": true}, {"name": "língua tupari", "bcp_47_code": "pt", "locale_id": "lang:001977", "is_canonical": true}, {"name": "Lenga tuparí", "bcp_47_code": "pms", "locale_id": "lang:003480", "is_canonical": true}, {"name": "тупари", "bcp_47_code": "ru", "locale_id": "lang:006745", "is_canonical": true}, {"name": "tupari keel", "bcp_47_code": "et", "locale_id": "lang:007279", "is_canonical": true}, {"name": "tuparí", "bcp_47_code": "fr", "locale_id": "lang:002512", "is_canonical": null}]