[{"name": "Burunge", "bcp_47_code": "en", "locale_id": "lang:004172", "is_canonical": true}, {"name": "Kiburunge", "bcp_47_code": "sw", "locale_id": "lang:001597", "is_canonical": true}, {"name": "Lenga Burunge", "bcp_47_code": "pms", "locale_id": "lang:003480", "is_canonical": true}, {"name": "bouroungeg", "bcp_47_code": "br", "locale_id": "lang:003643", "is_canonical": true}, {"name": "burunge hizkuntza", "bcp_47_code": "eu", "locale_id": "lang:004920", "is_canonical": true}, {"name": "burunge jezik", "bcp_47_code": "hr", "locale_id": "lang:001280", "is_canonical": true}, {"name": "burunge", "bcp_47_code": "ca", "locale_id": "lang:000334", "is_canonical": true}, {"name": "burunge", "bcp_47_code": "nb", "locale_id": "lang:000958", "is_canonical": true}, {"name": "burunge", "bcp_47_code": "nn", "locale_id": "lang:005019", "is_canonical": true}, {"name": "burunge", "bcp_47_code": "fr", "locale_id": "lang:002512", "is_canonical": true}, {"name": "Wikang Burunge", "bcp_47_code": "tl", "locale_id": "lang:002540", "is_canonical": true}, {"name": "burunge keel", "bcp_47_code": "et", "locale_id": "lang:007279", "is_canonical": true}, {"name": "Burunge", "bcp_47_code": "de", "locale_id": "lang:006636", "is_canonical": true}, {"name": "Lugha ya Kiburunge", "bcp_47_code": "sw", "locale_id": "lang:001597", "is_canonical": null}, {"name": "mbulugwe", "bcp_47_code": "ca", "locale_id": "lang:000334", "is_canonical": null}, {"name": "burungi", "bcp_47_code": "ca", "locale_id": "lang:000334", "is_canonical": null}, {"name": "bulunge", "bcp_47_code": "ca", "locale_id": "lang:000334", "is_canonical": null}, {"name": "burungue", "bcp_47_code": "ca", "locale_id": "lang:000334", "is_canonical": null}, {"name": "burungui", "bcp_47_code": "ca", "locale_id": "lang:000334", "is_canonical": null}, {"name": "bulungue", "bcp_47_code": "ca", "locale_id": "lang:000334", "is_canonical": null}]