[{"name": "Saek", "bcp_47_code": "en", "locale_id": "lang:004172", "is_canonical": true}, {"name": "石語", "bcp_47_code": "cmn", "locale_id": "lang:004378", "is_canonical": true}, {"name": "Saek", "bcp_47_code": "de", "locale_id": "lang:006636", "is_canonical": true}, {"name": "Lenga saek", "bcp_47_code": "pms", "locale_id": "lang:003480", "is_canonical": true}, {"name": "saekeg", "bcp_47_code": "br", "locale_id": "lang:003643", "is_canonical": true}, {"name": "saek", "bcp_47_code": "hr", "locale_id": "lang:001280", "is_canonical": true}, {"name": "ภาษาแสก", "bcp_47_code": "th", "locale_id": "lang:000248", "is_canonical": true}, {"name": "Saek", "bcp_47_code": "nl", "locale_id": "lang:006448", "is_canonical": true}, {"name": "saek", "bcp_47_code": "fr", "locale_id": "lang:002512", "is_canonical": true}, {"name": "lingua saek", "bcp_47_code": "it", "locale_id": "lang:005147", "is_canonical": true}, {"name": "Kisaek", "bcp_47_code": "sw", "locale_id": "lang:001597", "is_canonical": true}, {"name": "石語", "bcp_47_code": "ja", "locale_id": "lang:005185", "is_canonical": true}, {"name": "Wikang Saek", "bcp_47_code": "tl", "locale_id": "lang:002540", "is_canonical": true}, {"name": "Lingua saek", "bcp_47_code": "gl", "locale_id": "lang:006921", "is_canonical": true}, {"name": "saek", "bcp_47_code": "vec", "locale_id": "lang:004329", "is_canonical": true}, {"name": "石语", "bcp_47_code": "cmn", "locale_id": "lang:004378", "is_canonical": null}, {"name": "セック語", "bcp_47_code": "ja", "locale_id": "lang:005185", "is_canonical": null}]