[{"name": "Kosarek Yale", "bcp_47_code": "en", "locale_id": "lang:004172", "is_canonical": true}, {"name": "Kosarek", "bcp_47_code": "en", "locale_id": "lang:004172", "is_canonical": null}, {"name": "Kiyale ya Kosarek", "bcp_47_code": "sw", "locale_id": "lang:001597", "is_canonical": true}, {"name": "Lenga Yale", "bcp_47_code": "pms", "locale_id": "lang:003480", "is_canonical": true}, {"name": "język kosarek", "bcp_47_code": "pl", "locale_id": "lang:001433", "is_canonical": true}, {"name": "kosarek yale jezik", "bcp_47_code": "hr", "locale_id": "lang:001280", "is_canonical": true}, {"name": "Kosarek", "bcp_47_code": "ilo", "locale_id": "lang:007408", "is_canonical": true}, {"name": "In-Lom", "bcp_47_code": "id", "locale_id": "lang:005344", "is_canonical": true}, {"name": "kosarek yale", "bcp_47_code": "fr", "locale_id": "lang:002512", "is_canonical": true}, {"name": "bahasa In-Lom", "bcp_47_code": "id", "locale_id": "lang:005344", "is_canonical": null}, {"name": "bahasa Yale Kosarek", "bcp_47_code": "id", "locale_id": "lang:005344", "is_canonical": null}, {"name": "bahasa Yale-Kosarek", "bcp_47_code": "id", "locale_id": "lang:005344", "is_canonical": null}, {"name": "kosarek", "bcp_47_code": "fr", "locale_id": "lang:002512", "is_canonical": null}]