[{"name": "North Muyu", "bcp_47_code": "en", "locale_id": "lang:004172", "is_canonical": true}, {"name": "Kimuyu-Kaskazini", "bcp_47_code": "sw", "locale_id": "lang:001597", "is_canonical": true}, {"name": "Lenga Muyu setentrional", "bcp_47_code": "pms", "locale_id": "lang:003480", "is_canonical": true}, {"name": "muyu du nord", "bcp_47_code": "fr", "locale_id": "lang:002512", "is_canonical": true}, {"name": "Northern Muyu", "bcp_47_code": "en", "locale_id": "lang:004172", "is_canonical": null}]