[{"name": "To'Abaita", "bcp_47_code": "en", "locale_id": "lang:004172", "is_canonical": true}, {"name": "Lenga To'abaita", "bcp_47_code": "pms", "locale_id": "lang:003480", "is_canonical": true}, {"name": "To'Abaita", "bcp_47_code": "de", "locale_id": "lang:006636", "is_canonical": true}, {"name": "toqabaqita", "bcp_47_code": "fr", "locale_id": "lang:002512", "is_canonical": true}, {"name": "To’Abaita", "bcp_47_code": "en", "locale_id": "lang:004172", "is_canonical": null}, {"name": "Kito'abaita", "bcp_47_code": "sw", "locale_id": "lang:001597", "is_canonical": true}, {"name": "To’abaita", "bcp_47_code": "ilo", "locale_id": "lang:007408", "is_canonical": true}, {"name": "toabaita keel", "bcp_47_code": "et", "locale_id": "lang:007279", "is_canonical": true}, {"name": "To'abaitaki", "bcp_47_code": "diq", "locale_id": "lang:003839", "is_canonical": true}, {"name": "língua toqabaqita", "bcp_47_code": "pt", "locale_id": "lang:001977", "is_canonical": true}, {"name": "To'Abaita", "bcp_47_code": "nl", "locale_id": "lang:006448", "is_canonical": true}, {"name": "toqabaqita", "bcp_47_code": "oc", "locale_id": "lang:003832", "is_canonical": true}, {"name": "toabaita", "bcp_47_code": "cs", "locale_id": "lang:007371", "is_canonical": true}, {"name": "Toabaita", "bcp_47_code": "de", "locale_id": "lang:006636", "is_canonical": null}, {"name": "To'Ambaita", "bcp_47_code": "de", "locale_id": "lang:006636", "is_canonical": null}, {"name": "Malu", "bcp_47_code": "de", "locale_id": "lang:006636", "is_canonical": null}, {"name": "Malu'U", "bcp_47_code": "de", "locale_id": "lang:006636", "is_canonical": null}, {"name": "jazyk toabaita", "bcp_47_code": "cs", "locale_id": "lang:007371", "is_canonical": null}, {"name": "To'abaita", "bcp_47_code": "en", "locale_id": "lang:004172", "is_canonical": true}]