[{"name": "Halang Doan", "bcp_47_code": "en", "locale_id": "lang:004172", "is_canonical": true}, {"name": "Lenga halang doan", "bcp_47_code": "pms", "locale_id": "lang:003480", "is_canonical": true}, {"name": "Duan", "bcp_47_code": "en", "locale_id": "lang:004172", "is_canonical": null}, {"name": "ภาษาฮลัง ดวน", "bcp_47_code": "th", "locale_id": "lang:000248", "is_canonical": true}, {"name": "Kihalang-Doan", "bcp_47_code": "sw", "locale_id": "lang:001597", "is_canonical": true}, {"name": "Duan", "bcp_47_code": "ilo", "locale_id": "lang:007408", "is_canonical": true}, {"name": "Wikang Duan", "bcp_47_code": "tl", "locale_id": "lang:002540", "is_canonical": true}, {"name": "tiếng Duan", "bcp_47_code": "vi", "locale_id": "lang:004523", "is_canonical": true}, {"name": "端语", "bcp_47_code": "cmn", "locale_id": "lang:004378", "is_canonical": true}]