[{"name": "Choctaw", "bcp_47_code": "en", "locale_id": "lang:004172", "is_canonical": true}, {"name": "ачоктав", "bcp_47_code": "ab", "locale_id": "lang:006291", "is_canonical": true}, {"name": "Choctaw", "bcp_47_code": "af", "locale_id": "lang:006849", "is_canonical": true}, {"name": "ቾክታዋ", "bcp_47_code": "am", "locale_id": "lang:000379", "is_canonical": true}, {"name": "الشوكتو", "bcp_47_code": "ar", "locale_id": "lang:000884", "is_canonical": true}, {"name": "চোক্টাউ", "bcp_47_code": "as", "locale_id": "lang:003208", "is_canonical": true}, {"name": "choctaw", "bcp_47_code": "ast", "locale_id": "lang:006965", "is_canonical": true}, {"name": "çoktau", "bcp_47_code": "az", "locale_id": "lang:000492", "is_canonical": true}, {"name": "чокта", "bcp_47_code": "be", "locale_id": "lang:004942", "is_canonical": true}, {"name": "чокто", "bcp_47_code": "bg", "locale_id": "lang:003294", "is_canonical": true}, {"name": "چاکتاوی", "bcp_47_code": "bgn", "locale_id": "lang:004443", "is_canonical": true}, {"name": "চকটাও", "bcp_47_code": "bn", "locale_id": "lang:000178", "is_canonical": true}, {"name": "choktaw", "bcp_47_code": "br", "locale_id": "lang:003643", "is_canonical": true}, {"name": "चक्टाऊ", "bcp_47_code": "brx", "locale_id": "lang:003716", "is_canonical": true}, {"name": "čoktav", "bcp_47_code": "bs", "locale_id": "lang:005177", "is_canonical": true}, {"name": "choctaw", "bcp_47_code": "ca", "locale_id": "lang:000334", "is_canonical": true}, {"name": "𑄌𑄧𑄇𑄴𑄑𑄳𑄅𑄧𑄠𑄧", "bcp_47_code": "ccp", "locale_id": "lang:004815", "is_canonical": true}, {"name": "чоктавийн", "bcp_47_code": "ce", "locale_id": "lang:000120", "is_canonical": true}, {"name": "Chahta", "bcp_47_code": "cho", "locale_id": "lang:000035", "is_canonical": true}, {"name": "ᎠᏣᏓ", "bcp_47_code": "chr", "locale_id": "lang:004490", "is_canonical": true}, {"name": "چۆکتاو", "bcp_47_code": "ckb", "locale_id": "lang:002255", "is_canonical": true}, {"name": "čoktština", "bcp_47_code": "cs", "locale_id": "lang:007371", "is_canonical": true}, {"name": "Siocto", "bcp_47_code": "cy", "locale_id": "lang:005257", "is_canonical": true}, {"name": "choctaw", "bcp_47_code": "da", "locale_id": "lang:006478", "is_canonical": true}, {"name": "Choctaw", "bcp_47_code": "de", "locale_id": "lang:006636", "is_canonical": true}, {"name": "choctawšćina", "bcp_47_code": "dsb", "locale_id": "lang:007093", "is_canonical": true}, {"name": "Τσόκτο", "bcp_47_code": "el", "locale_id": "lang:002331", "is_canonical": true}, {"name": "ĉakta", "bcp_47_code": "eo", "locale_id": "lang:001065", "is_canonical": true}, {"name": "choctaw", "bcp_47_code": "es", "locale_id": "lang:005944", "is_canonical": true}, {"name": "tšokto", "bcp_47_code": "et", "locale_id": "lang:007279", "is_canonical": true}, {"name": "txoktawera", "bcp_47_code": "eu", "locale_id": "lang:004920", "is_canonical": true}, {"name": "چوکتویی", "bcp_47_code": "fa", "locale_id": "lang:005211", "is_canonical": true}, {"name": "choctaw", "bcp_47_code": "fi", "locale_id": "lang:005250", "is_canonical": true}, {"name": "Choctaw", "bcp_47_code": "fil", "locale_id": "lang:004854", "is_canonical": true}, {"name": "choctaw", "bcp_47_code": "fo", "locale_id": "lang:005789", "is_canonical": true}, {"name": "choctaw", "bcp_47_code": "fr", "locale_id": "lang:002512", "is_canonical": true}, {"name": "Choctaw", "bcp_47_code": "fy", "locale_id": "lang:000608", "is_canonical": true}, {"name": "Seactáis", "bcp_47_code": "ga", "locale_id": "lang:005513", "is_canonical": true}, {"name": "Choctaw", "bcp_47_code": "gd", "locale_id": "lang:005113", "is_canonical": true}, {"name": "choctaw", "bcp_47_code": "gl", "locale_id": "lang:006921", "is_canonical": true}, {"name": "Choctaw", "bcp_47_code": "gsw", "locale_id": "lang:006414", "is_canonical": true}, {"name": "ચોક્તૌ", "bcp_47_code": "gu", "locale_id": "lang:006797", "is_canonical": true}, {"name": "Choctaw", "bcp_47_code": "ha", "locale_id": "lang:006769", "is_canonical": true}, {"name": "צ׳וקטאו", "bcp_47_code": "he", "locale_id": "lang:000780", "is_canonical": true}, {"name": "चोक्तौ", "bcp_47_code": "hi", "locale_id": "lang:005010", "is_canonical": true}, {"name": "choctaw", "bcp_47_code": "hr", "locale_id": "lang:001280", "is_canonical": true}, {"name": "choctawšćina", "bcp_47_code": "hsb", "locale_id": "lang:002868", "is_canonical": true}, {"name": "csoktó", "bcp_47_code": "hu", "locale_id": "lang:004445", "is_canonical": true}, {"name": "չոկտո", "bcp_47_code": "hy", "locale_id": "lang:006918", "is_canonical": true}, {"name": "choctaw", "bcp_47_code": "ia", "locale_id": "lang:008680", "is_canonical": true}, {"name": "Koktaw", "bcp_47_code": "id", "locale_id": "lang:005344", "is_canonical": true}, {"name": "Choctawu", "bcp_47_code": "ig", "locale_id": "lang:002832", "is_canonical": true}, {"name": "sjoktá", "bcp_47_code": "is", "locale_id": "lang:006417", "is_canonical": true}, {"name": "choctaw", "bcp_47_code": "it", "locale_id": "lang:005147", "is_canonical": true}, {"name": "チョクトー語", "bcp_47_code": "ja", "locale_id": "lang:005185", "is_canonical": true}, {"name": "Choctaw", "bcp_47_code": "jv", "locale_id": "lang:006418", "is_canonical": true}, {"name": "ჩოკტო", "bcp_47_code": "ka", "locale_id": "lang:005687", "is_canonical": true}, {"name": "Tacuktawt", "bcp_47_code": "kab", "locale_id": "lang:002124", "is_canonical": true}, {"name": "sogtavo", "bcp_47_code": "kgp", "locale_id": "lang:005254", "is_canonical": true}, {"name": "чокто тілі", "bcp_47_code": "kk", "locale_id": "lang:001017", "is_canonical": true}, {"name": "ឆុកតាវ", "bcp_47_code": "km", "locale_id": "lang:000690", "is_canonical": true}, {"name": "ಚೋಕ್ಟಾವ್", "bcp_47_code": "kn", "locale_id": "lang:006289", "is_canonical": true}, {"name": "촉토어", "bcp_47_code": "ko", "locale_id": "lang:000685", "is_canonical": true}, {"name": "चाकता", "bcp_47_code": "kok", "locale_id": "lang:001978", "is_canonical": true}, {"name": "چوکتَو", "bcp_47_code": "ks", "locale_id": "lang:004361", "is_canonical": true}, {"name": "Tschoktoh", "bcp_47_code": "ksh", "locale_id": "lang:000776", "is_canonical": true}, {"name": "чокточо", "bcp_47_code": "ky", "locale_id": "lang:003193", "is_canonical": true}, {"name": "Choctaw", "bcp_47_code": "lb", "locale_id": "lang:003324", "is_canonical": true}, {"name": "choctaw", "bcp_47_code": "lij", "locale_id": "lang:004453", "is_canonical": true}, {"name": "ຊອກຕິວ", "bcp_47_code": "lo", "locale_id": "lang:002848", "is_canonical": true}, {"name": "čoktau", "bcp_47_code": "lt", "locale_id": "lang:000996", "is_canonical": true}, {"name": "čoktavu", "bcp_47_code": "lv", "locale_id": "lang:006606", "is_canonical": true}, {"name": "चोकटाउ", "bcp_47_code": "mai", "locale_id": "lang:005797", "is_canonical": true}, {"name": "Tiokatō", "bcp_47_code": "mi", "locale_id": "lang:005897", "is_canonical": true}, {"name": "чоктавски", "bcp_47_code": "mk", "locale_id": "lang:001683", "is_canonical": true}, {"name": "ചോക്റ്റാവ്", "bcp_47_code": "ml", "locale_id": "lang:001880", "is_canonical": true}, {"name": "чоктау", "bcp_47_code": "mn", "locale_id": "lang:005506", "is_canonical": true}, {"name": "चोक्तौ", "bcp_47_code": "mr", "locale_id": "lang:003376", "is_canonical": true}, {"name": "Choctaw", "bcp_47_code": "ms", "locale_id": "lang:001263", "is_canonical": true}, {"name": "Choctaw", "bcp_47_code": "mt", "locale_id": "lang:004371", "is_canonical": true}, {"name": "ချော့တို", "bcp_47_code": "my", "locale_id": "lang:004196", "is_canonical": true}, {"name": "Choctaw", "bcp_47_code": "nds", "locale_id": "lang:001710", "is_canonical": true}, {"name": "चोक्टाव", "bcp_47_code": "ne", "locale_id": "lang:004630", "is_canonical": true}, {"name": "Choctaw", "bcp_47_code": "nl", "locale_id": "lang:006448", "is_canonical": true}, {"name": "choctaw", "bcp_47_code": "no", "locale_id": "lang:002536", "is_canonical": true}, {"name": "ଚୋଟୱା", "bcp_47_code": "or", "locale_id": "lang:001930", "is_canonical": true}, {"name": "ਚੌਕਟੋ", "bcp_47_code": "pa", "locale_id": "lang:003658", "is_canonical": true}, {"name": "Shọ́ktau Lángwej", "bcp_47_code": "pcm", "locale_id": "lang:002108", "is_canonical": true}, {"name": "czoktawski", "bcp_47_code": "pl", "locale_id": "lang:001433", "is_canonical": true}, {"name": "چوکټاوي", "bcp_47_code": "ps", "locale_id": "lang:006281", "is_canonical": true}, {"name": "choctaw", "bcp_47_code": "pt", "locale_id": "lang:001977", "is_canonical": true}, {"name": "Choctaw Simi", "bcp_47_code": "qu", "locale_id": "lang:000991", "is_canonical": true}, {"name": "choctaw", "bcp_47_code": "rm", "locale_id": "lang:004318", "is_canonical": true}, {"name": "choctaw", "bcp_47_code": "ro", "locale_id": "lang:006592", "is_canonical": true}, {"name": "чоктавский", "bcp_47_code": "ru", "locale_id": "lang:006745", "is_canonical": true}, {"name": "ᱪᱷᱚᱠᱴᱟᱣ", "bcp_47_code": "sat", "locale_id": "lang:006025", "is_canonical": true}, {"name": "choctaw", "bcp_47_code": "sc", "locale_id": "lang:000376", "is_canonical": true}, {"name": "چوڪ تو", "bcp_47_code": "sd", "locale_id": "lang:002987", "is_canonical": true}, {"name": "චොක්ටොව්", "bcp_47_code": "si", "locale_id": "lang:000326", "is_canonical": true}, {"name": "čoktčina", "bcp_47_code": "sk", "locale_id": "lang:005464", "is_canonical": true}, {"name": "čoktavščina", "bcp_47_code": "sl", "locale_id": "lang:004352", "is_canonical": true}, {"name": "choctawkielâ", "bcp_47_code": "smn", "locale_id": "lang:000203", "is_canonical": true}, {"name": "Choctaw", "bcp_47_code": "so", "locale_id": "lang:000435", "is_canonical": true}, {"name": "çoktauisht", "bcp_47_code": "sq", "locale_id": "lang:006275", "is_canonical": true}, {"name": "чоктавски", "bcp_47_code": "sr", "locale_id": "lang:002701", "is_canonical": true}, {"name": "choctaw", "bcp_47_code": "sv", "locale_id": "lang:004782", "is_canonical": true}, {"name": "Kichoktao", "bcp_47_code": "sw", "locale_id": "lang:001597", "is_canonical": true}, {"name": "சோக்தௌ", "bcp_47_code": "ta", "locale_id": "lang:002996", "is_canonical": true}, {"name": "చక్టా", "bcp_47_code": "te", "locale_id": "lang:000508", "is_canonical": true}, {"name": "ช็อกทอว์", "bcp_47_code": "th", "locale_id": "lang:000248", "is_canonical": true}, {"name": "ቾክቶ", "bcp_47_code": "ti", "locale_id": "lang:002196", "is_canonical": true}, {"name": "çokto", "bcp_47_code": "tk", "locale_id": "lang:002001", "is_canonical": true}, {"name": "lea fakasokitau", "bcp_47_code": "to", "locale_id": "lang:006037", "is_canonical": true}, {"name": "Çoktav dili", "bcp_47_code": "tr", "locale_id": "lang:000917", "is_canonical": true}, {"name": "چوكتاۋچە", "bcp_47_code": "ug", "locale_id": "lang:003330", "is_canonical": true}, {"name": "чокто", "bcp_47_code": "uk", "locale_id": "lang:001994", "is_canonical": true}, {"name": "چاکٹاؤ", "bcp_47_code": "ur", "locale_id": "lang:001103", "is_canonical": true}, {"name": "choktav", "bcp_47_code": "uz", "locale_id": "lang:003386", "is_canonical": true}, {"name": "tiếng Choctaw", "bcp_47_code": "vi", "locale_id": "lang:004523", "is_canonical": true}, {"name": "Èdè Shokita", "bcp_47_code": "yo", "locale_id": "lang:003132", "is_canonical": true}, {"name": "xokitau", "bcp_47_code": "yrl", "locale_id": "lang:006863", "is_canonical": true}, {"name": "喬克托文", "bcp_47_code": "yue", "locale_id": "lang:005108", "is_canonical": true}, {"name": "乔克托语", "bcp_47_code": "cmn", "locale_id": "lang:004378", "is_canonical": true}, {"name": "isi-Choctaw", "bcp_47_code": "zu", "locale_id": "lang:007247", "is_canonical": true}, {"name": "Tsjoctaw", "bcp_47_code": "af", "locale_id": "lang:006849", "is_canonical": null}, {"name": "ቾክታውኛ", "bcp_47_code": "am", "locale_id": "lang:000379", "is_canonical": null}, {"name": "চোকটাও", "bcp_47_code": "as", "locale_id": "lang:003208", "is_canonical": null}, {"name": "Çoktau", "bcp_47_code": "az", "locale_id": "lang:000492", "is_canonical": null}, {"name": "чактаўская", "bcp_47_code": "be", "locale_id": "lang:004942", "is_canonical": null}, {"name": "চক্টো", "bcp_47_code": "bn", "locale_id": "lang:000178", "is_canonical": null}, {"name": "čoktavština", "bcp_47_code": "cs", "locale_id": "lang:007371", "is_canonical": null}, {"name": "Τσόκτα", "bcp_47_code": "el", "locale_id": "lang:002331", "is_canonical": null}, {"name": "txoktawtarra", "bcp_47_code": "eu", "locale_id": "lang:004920", "is_canonical": null}, {"name": "چاکتاو", "bcp_47_code": "fa", "locale_id": "lang:005211", "is_canonical": null}, {"name": "Choctaw", "bcp_47_code": "gl", "locale_id": "lang:006921", "is_canonical": null}, {"name": "ચોક્તો", "bcp_47_code": "gu", "locale_id": "lang:006797", "is_canonical": null}, {"name": "צ'וקטו", "bcp_47_code": "he", "locale_id": "lang:000780", "is_canonical": true}, {"name": "चॉक्टॉ", "bcp_47_code": "hi", "locale_id": "lang:005010", "is_canonical": null}, {"name": "čokto", "bcp_47_code": "hr", "locale_id": "lang:001280", "is_canonical": null}, {"name": "Choctaw", "bcp_47_code": "id", "locale_id": "lang:005344", "is_canonical": null}, {"name": "Choctaw", "bcp_47_code": "in", "locale_id": "lang:005344", "is_canonical": true}, {"name": "choctaw", "bcp_47_code": "is", "locale_id": "lang:006417", "is_canonical": null}, {"name": "ჩოკტაუ", "bcp_47_code": "ka", "locale_id": "lang:005687", "is_canonical": null}, {"name": "Чоктау", "bcp_47_code": "kk", "locale_id": "lang:001017", "is_canonical": null}, {"name": "ಚೋಕ್ಟಾವ್", "bcp_47_code": "kn", "locale_id": "lang:006289", "is_canonical": null}, {"name": "Чокточо", "bcp_47_code": "ky", "locale_id": "lang:003193", "is_canonical": null}, {"name": "Choctaw", "bcp_47_code": "ln", "locale_id": "lang:005075", "is_canonical": true}, {"name": "ໂຊກຕໍ", "bcp_47_code": "lo", "locale_id": "lang:002848", "is_canonical": null}, {"name": "čoktau kalba", "bcp_47_code": "lt", "locale_id": "lang:000996", "is_canonical": null}, {"name": "ചക്ടാവ്", "bcp_47_code": "ml", "locale_id": "lang:001880", "is_canonical": null}, {"name": "Чоктав", "bcp_47_code": "mn", "locale_id": "lang:005506", "is_canonical": null}, {"name": "Choctaw", "bcp_47_code": "mo", "locale_id": "lang:006592", "is_canonical": true}, {"name": "चोक्टॉ", "bcp_47_code": "mr", "locale_id": "lang:003376", "is_canonical": null}, {"name": "ချော့တော်", "bcp_47_code": "my", "locale_id": "lang:004196", "is_canonical": null}, {"name": "choctaw", "bcp_47_code": "nb", "locale_id": "lang:000958", "is_canonical": true}, {"name": "चोक्ट", "bcp_47_code": "ne", "locale_id": "lang:004630", "is_canonical": null}, {"name": "ଚୋକଟାଓ", "bcp_47_code": "or", "locale_id": "lang:001930", "is_canonical": null}, {"name": "ਚੋਕਤੌ", "bcp_47_code": "pa", "locale_id": "lang:003658", "is_canonical": null}, {"name": "චොක්ටෝ", "bcp_47_code": "si", "locale_id": "lang:000326", "is_canonical": null}, {"name": "choctaw", "bcp_47_code": "sk", "locale_id": "lang:005464", "is_canonical": null}, {"name": "Çoktauisht", "bcp_47_code": "sq", "locale_id": "lang:006275", "is_canonical": null}, {"name": "чокто", "bcp_47_code": "sr", "locale_id": "lang:002701", "is_canonical": null}, {"name": "Kichoktawi", "bcp_47_code": "sw", "locale_id": "lang:001597", "is_canonical": null}, {"name": "சொக்ட்டோ", "bcp_47_code": "ta", "locale_id": "lang:002996", "is_canonical": null}, {"name": "చోక్టా", "bcp_47_code": "te", "locale_id": "lang:000508", "is_canonical": null}, {"name": "Choctaw", "bcp_47_code": "tl", "locale_id": "lang:002540", "is_canonical": true}, {"name": "Çoktav", "bcp_47_code": "tr", "locale_id": "lang:000917", "is_canonical": null}, {"name": "чоктавська", "bcp_47_code": "uk", "locale_id": "lang:001994", "is_canonical": null}, {"name": "چوکٹاؤ", "bcp_47_code": "ur", "locale_id": "lang:001103", "is_canonical": null}, {"name": "língua choctaw", "bcp_47_code": "pt", "locale_id": "lang:001977", "is_canonical": null}, {"name": "ĉakta lingvo", "bcp_47_code": "eo", "locale_id": "lang:001065", "is_canonical": null}, {"name": "lenga choctaw", "bcp_47_code": "pms", "locale_id": "lang:003480", "is_canonical": true}, {"name": "język czoktaw", "bcp_47_code": "pl", "locale_id": "lang:001433", "is_canonical": null}, {"name": "Chahta simi", "bcp_47_code": "qu", "locale_id": "lang:000991", "is_canonical": null}, {"name": "чоктавский язык", "bcp_47_code": "ru", "locale_id": "lang:006745", "is_canonical": null}, {"name": "idioma choctaw", "bcp_47_code": "es", "locale_id": "lang:005944", "is_canonical": null}, {"name": "சொக்டோ மொழி", "bcp_47_code": "ta", "locale_id": "lang:002996", "is_canonical": null}, {"name": "choctawin kieli", "bcp_47_code": "fi", "locale_id": "lang:005250", "is_canonical": null}, {"name": "Bahasa Choctaw", "bcp_47_code": "ms", "locale_id": "lang:001263", "is_canonical": null}, {"name": "чоктавська мова", "bcp_47_code": "uk", "locale_id": "lang:001994", "is_canonical": null}, {"name": "чоктаўская мова", "bcp_47_code": "be", "locale_id": "lang:004942", "is_canonical": null}, {"name": "tchoktaweg", "bcp_47_code": "br", "locale_id": "lang:003643", "is_canonical": null}, {"name": "Igicokitawu", "bcp_47_code": "rw", "locale_id": "lang:005054", "is_canonical": true}, {"name": "ჩოქტაუ", "bcp_47_code": "ka", "locale_id": "lang:005687", "is_canonical": null}, {"name": "choctaw jezik", "bcp_47_code": "hr", "locale_id": "lang:001280", "is_canonical": null}, {"name": "choctaw", "bcp_47_code": "oc", "locale_id": "lang:003832", "is_canonical": true}, {"name": "Choctaw leid", "bcp_47_code": "sco", "locale_id": "lang:003876", "is_canonical": true}, {"name": "lingua choctaw", "bcp_47_code": "it", "locale_id": "lang:005147", "is_canonical": null}, {"name": "tšokto keel", "bcp_47_code": "et", "locale_id": "lang:007279", "is_canonical": null}, {"name": "lingua choctaw", "bcp_47_code": "gl", "locale_id": "lang:006921", "is_canonical": null}, {"name": "Чоктав кыв", "bcp_47_code": "kv", "locale_id": "lang:000812", "is_canonical": true}, {"name": "Chahta Anumpa", "bcp_47_code": "cho", "locale_id": "lang:000035", "is_canonical": null}, {"name": "喬克托語", "bcp_47_code": "cmn", "locale_id": "lang:004378", "is_canonical": null}, {"name": "زبان چاکتاوی", "bcp_47_code": "fa", "locale_id": "lang:005211", "is_canonical": null}, {"name": "bahasa Choctaw", "bcp_47_code": "id", "locale_id": "lang:005344", "is_canonical": null}, {"name": "чоктовски јазик", "bcp_47_code": "mk", "locale_id": "lang:001683", "is_canonical": null}, {"name": "choctaw", "bcp_47_code": "nn", "locale_id": "lang:005019", "is_canonical": true}, {"name": "csaktó", "bcp_47_code": "hu", "locale_id": "lang:004445", "is_canonical": null}, {"name": "چاکتاوی دیلی", "bcp_47_code": "azb", "locale_id": "lang:003109", "is_canonical": true}, {"name": "idioma choctaw", "bcp_47_code": "ast", "locale_id": "lang:006965", "is_canonical": null}, {"name": "чакта", "bcp_47_code": "be", "locale_id": "lang:004942", "is_canonical": null}, {"name": "الشوكتو", "bcp_47_code": "arz", "locale_id": "lang:004060", "is_canonical": true}, {"name": "Çoktavca", "bcp_47_code": "tr", "locale_id": "lang:000917", "is_canonical": null}, {"name": "ᱪᱳᱠᱴᱟᱣ ᱯᱟᱹᱨᱥᱤ", "bcp_47_code": "sat", "locale_id": "lang:006025", "is_canonical": null}, {"name": "شوكتاو", "bcp_47_code": "ar", "locale_id": "lang:000884", "is_canonical": null}, {"name": "شوكتاو", "bcp_47_code": "ary", "locale_id": "lang:001493", "is_canonical": true}, {"name": "choctaw", "bcp_47_code": "vec", "locale_id": "lang:004329", "is_canonical": true}, {"name": "ĉoktaŭa lingvo", "bcp_47_code": "eo", "locale_id": "lang:001065", "is_canonical": null}, {"name": "чоктау", "bcp_47_code": "ru", "locale_id": "lang:006745", "is_canonical": null}, {"name": "чоктав", "bcp_47_code": "ru", "locale_id": "lang:006745", "is_canonical": null}, {"name": "чокто", "bcp_47_code": "ru", "locale_id": "lang:006745", "is_canonical": null}, {"name": "சொக்ட்டோ மொழி", "bcp_47_code": "ta", "locale_id": "lang:002996", "is_canonical": null}, {"name": "チャクトー語", "bcp_47_code": "ja", "locale_id": "lang:005185", "is_canonical": null}, {"name": "ჩოტჩაუ", "bcp_47_code": "ka", "locale_id": "lang:005687", "is_canonical": null}, {"name": "чокто", "bcp_47_code": "mk", "locale_id": "lang:001683", "is_canonical": null}, {"name": "Chahta'", "bcp_47_code": "cho", "locale_id": "lang:000035", "is_canonical": null}]