[{"name": "Chamacoco", "bcp_47_code": "en", "locale_id": "lang:004172", "is_canonical": true}, {"name": "Lenga chamacoco", "bcp_47_code": "pms", "locale_id": "lang:003480", "is_canonical": true}, {"name": "tchamakokoeg", "bcp_47_code": "br", "locale_id": "lang:003643", "is_canonical": true}, {"name": "chamacoco jezik", "bcp_47_code": "hr", "locale_id": "lang:001280", "is_canonical": true}, {"name": "čamakokų kalba", "bcp_47_code": "lt", "locale_id": "lang:000996", "is_canonical": true}, {"name": "chamacoco", "bcp_47_code": "it", "locale_id": "lang:005147", "is_canonical": true}, {"name": "чамакоко", "bcp_47_code": "ru", "locale_id": "lang:006745", "is_canonical": true}, {"name": "tšamakoko keel", "bcp_47_code": "et", "locale_id": "lang:007279", "is_canonical": true}, {"name": "chamacoco", "bcp_47_code": "fr", "locale_id": "lang:002512", "is_canonical": true}, {"name": "Wikang Chamacoco", "bcp_47_code": "tl", "locale_id": "lang:002540", "is_canonical": true}, {"name": "xamacoco", "bcp_47_code": "ca", "locale_id": "lang:000334", "is_canonical": true}, {"name": "chamacoco", "bcp_47_code": "vec", "locale_id": "lang:004329", "is_canonical": true}, {"name": "Lingua chamacoco", "bcp_47_code": "gl", "locale_id": "lang:006921", "is_canonical": true}, {"name": "iširų kalba", "bcp_47_code": "lt", "locale_id": "lang:000996", "is_canonical": null}, {"name": "lingua chamacoco", "bcp_47_code": "it", "locale_id": "lang:005147", "is_canonical": null}]