[{"name": "Niuafo'Ou", "bcp_47_code": "en", "locale_id": "lang:004172", "is_canonical": true}, {"name": "Lenga Niuafo'ou", "bcp_47_code": "pms", "locale_id": "lang:003480", "is_canonical": true}, {"name": "NiuafoʻOuanisch", "bcp_47_code": "de", "locale_id": "lang:006636", "is_canonical": true}, {"name": "ниуафооу", "bcp_47_code": "ru", "locale_id": "lang:006745", "is_canonical": true}, {"name": "niuafo’ou jezik", "bcp_47_code": "hr", "locale_id": "lang:001280", "is_canonical": true}, {"name": "ниуафоуански јазик", "bcp_47_code": "mk", "locale_id": "lang:001683", "is_canonical": true}, {"name": "niuafo'oun kieli", "bcp_47_code": "fi", "locale_id": "lang:005250", "is_canonical": true}, {"name": "lingua Niuafoouana", "bcp_47_code": "la", "locale_id": "lang:016110", "is_canonical": true}, {"name": "ニウアフォオウ語", "bcp_47_code": "ja", "locale_id": "lang:005185", "is_canonical": true}, {"name": "niuafoʻou", "bcp_47_code": "fr", "locale_id": "lang:002512", "is_canonical": true}, {"name": "紐阿富歐語", "bcp_47_code": "cmn", "locale_id": "lang:004378", "is_canonical": true}, {"name": "Niuafoʻou", "bcp_47_code": "ilo", "locale_id": "lang:007408", "is_canonical": true}, {"name": "língua niuafo'ou", "bcp_47_code": "pt", "locale_id": "lang:001977", "is_canonical": true}, {"name": "니우아포오우어", "bcp_47_code": "ko", "locale_id": "lang:000685", "is_canonical": true}, {"name": "niuafo'ou", "bcp_47_code": "es", "locale_id": "lang:005944", "is_canonical": true}, {"name": "niuafo'ou", "bcp_47_code": "it", "locale_id": "lang:005147", "is_canonical": true}, {"name": "niuafo'ou", "bcp_47_code": "vec", "locale_id": "lang:004329", "is_canonical": true}, {"name": "lea fakaniuafo'ou", "bcp_47_code": "wls", "locale_id": "lang:002936", "is_canonical": true}, {"name": "język niuafoʻou", "bcp_47_code": "pl", "locale_id": "lang:001433", "is_canonical": true}, {"name": "niuafooun kieli", "bcp_47_code": "fi", "locale_id": "lang:005250", "is_canonical": null}, {"name": "niuafoʻouanische Sprache", "bcp_47_code": "de", "locale_id": "lang:006636", "is_canonical": null}, {"name": "niuafo'ouanische Sprache", "bcp_47_code": "de", "locale_id": "lang:006636", "is_canonical": null}, {"name": "Niuafo'ou", "bcp_47_code": "en", "locale_id": "lang:004172", "is_canonical": true}]