[{"name": "Zizilivakan", "bcp_47_code": "en", "locale_id": "lang:004172", "is_canonical": true}, {"name": "Kizizilivakan", "bcp_47_code": "sw", "locale_id": "lang:001597", "is_canonical": true}, {"name": "zizilivakaneg", "bcp_47_code": "br", "locale_id": "lang:003643", "is_canonical": true}, {"name": "zizilivakan jezik", "bcp_47_code": "hr", "locale_id": "lang:001280", "is_canonical": true}, {"name": "Lenga Zizilivakan", "bcp_47_code": "pms", "locale_id": "lang:003480", "is_canonical": true}, {"name": "zizilivakan", "bcp_47_code": "fr", "locale_id": "lang:002512", "is_canonical": true}, {"name": "Wikang Zizilivakan", "bcp_47_code": "tl", "locale_id": "lang:002540", "is_canonical": true}, {"name": "Zizilivakan", "bcp_47_code": "ig", "locale_id": "lang:002832", "is_canonical": true}, {"name": "Ziziliveken", "bcp_47_code": "en", "locale_id": "lang:004172", "is_canonical": null}, {"name": "Àmzírív", "bcp_47_code": "en", "locale_id": "lang:004172", "is_canonical": null}, {"name": "Ziliva", "bcp_47_code": "en", "locale_id": "lang:004172", "is_canonical": null}, {"name": "Fali Of Jilbu", "bcp_47_code": "en", "locale_id": "lang:004172", "is_canonical": null}, {"name": "Ulan Mazhilvən", "bcp_47_code": "en", "locale_id": "lang:004172", "is_canonical": null}, {"name": "Amziriv", "bcp_47_code": "en", "locale_id": "lang:004172", "is_canonical": null}]