[{"name": "Me'En", "bcp_47_code": "en", "locale_id": "lang:004172", "is_canonical": true}, {"name": "idioma me'en", "bcp_47_code": "es", "locale_id": "lang:005944", "is_canonical": true}, {"name": "менски јазик", "bcp_47_code": "mk", "locale_id": "lang:001683", "is_canonical": true}, {"name": "Lenga Me'en", "bcp_47_code": "pms", "locale_id": "lang:003480", "is_canonical": true}, {"name": "Kime’en", "bcp_47_code": "sw", "locale_id": "lang:001597", "is_canonical": true}, {"name": "meeneg", "bcp_47_code": "br", "locale_id": "lang:003643", "is_canonical": true}, {"name": "llengua me'en", "bcp_47_code": "ca", "locale_id": "lang:000334", "is_canonical": true}, {"name": "me'en", "bcp_47_code": "fr", "locale_id": "lang:002512", "is_canonical": true}, {"name": "мен", "bcp_47_code": "uk", "locale_id": "lang:001994", "is_canonical": true}, {"name": "Wikang Me'en", "bcp_47_code": "tl", "locale_id": "lang:002540", "is_canonical": true}, {"name": "мекан", "bcp_47_code": "ru", "locale_id": "lang:006745", "is_canonical": true}, {"name": "梅恩语", "bcp_47_code": "cmn", "locale_id": "lang:004378", "is_canonical": true}, {"name": "Meʼen", "bcp_47_code": "ig", "locale_id": "lang:002832", "is_canonical": true}, {"name": "Mekan", "bcp_47_code": "en", "locale_id": "lang:004172", "is_canonical": null}, {"name": "Mɛʼɛn", "bcp_47_code": "mym", "locale_id": "lang:000483", "is_canonical": true}, {"name": "Me'en", "bcp_47_code": "en", "locale_id": "lang:004172", "is_canonical": true}]