[{"name": "Bargam", "bcp_47_code": "en", "locale_id": "lang:004172", "is_canonical": true}, {"name": "Lenga Bargam", "bcp_47_code": "pms", "locale_id": "lang:003480", "is_canonical": true}, {"name": "Kibargam", "bcp_47_code": "sw", "locale_id": "lang:001597", "is_canonical": true}, {"name": "bargam", "bcp_47_code": "fr", "locale_id": "lang:002512", "is_canonical": true}, {"name": "język mugil", "bcp_47_code": "pl", "locale_id": "lang:001433", "is_canonical": true}, {"name": "Bargam", "bcp_47_code": "ilo", "locale_id": "lang:007408", "is_canonical": true}, {"name": "bargami keel", "bcp_47_code": "et", "locale_id": "lang:007279", "is_canonical": true}]