[{"name": "Phana'", "bcp_47_code": "en", "locale_id": "lang:004172", "is_canonical": true}, {"name": "Phana’", "bcp_47_code": "en", "locale_id": "lang:004172", "is_canonical": null}, {"name": "пхана", "bcp_47_code": "ru", "locale_id": "lang:006745", "is_canonical": true}, {"name": "Lenga Phana", "bcp_47_code": "pms", "locale_id": "lang:003480", "is_canonical": true}, {"name": "phana'", "bcp_47_code": "hr", "locale_id": "lang:001280", "is_canonical": true}, {"name": "Wikang Phana’", "bcp_47_code": "tl", "locale_id": "lang:002540", "is_canonical": true}, {"name": "phana’", "bcp_47_code": "fr", "locale_id": "lang:002512", "is_canonical": true}, {"name": "帕那语", "bcp_47_code": "cmn", "locale_id": "lang:004378", "is_canonical": true}, {"name": "ภาษาพนา", "bcp_47_code": "th", "locale_id": "lang:000248", "is_canonical": true}, {"name": "Bana", "bcp_47_code": "en", "locale_id": "lang:004172", "is_canonical": null}, {"name": "Pana", "bcp_47_code": "en", "locale_id": "lang:004172", "is_canonical": null}]