[{"name": "Macuna", "bcp_47_code": "en", "locale_id": "lang:004172", "is_canonical": true}, {"name": "macuna", "bcp_47_code": "fr", "locale_id": "lang:002512", "is_canonical": true}, {"name": "Lenga macuna", "bcp_47_code": "pms", "locale_id": "lang:003480", "is_canonical": true}, {"name": "макуна", "bcp_47_code": "ru", "locale_id": "lang:006745", "is_canonical": true}, {"name": "Wikang Macuna", "bcp_47_code": "tl", "locale_id": "lang:002540", "is_canonical": true}, {"name": "Lingua macuna", "bcp_47_code": "gl", "locale_id": "lang:006921", "is_canonical": true}, {"name": "macuna", "bcp_47_code": "ca", "locale_id": "lang:000334", "is_canonical": true}]