[{"name": "Amatlán Zapotec", "bcp_47_code": "en", "locale_id": "lang:004172", "is_canonical": true}, {"name": "аматланский сапотекский язык", "bcp_47_code": "ru", "locale_id": "lang:006745", "is_canonical": true}, {"name": "zapotekeg amatlán", "bcp_47_code": "br", "locale_id": "lang:003643", "is_canonical": true}, {"name": "amatlán Lenga zapotec", "bcp_47_code": "pms", "locale_id": "lang:003480", "is_canonical": true}, {"name": "Amatlán Zapotec", "bcp_47_code": "sco", "locale_id": "lang:003876", "is_canonical": true}, {"name": "zapotèque d'amatlán", "bcp_47_code": "fr", "locale_id": "lang:002512", "is_canonical": true}, {"name": "dizhze", "bcp_47_code": "fr", "locale_id": "lang:002512", "is_canonical": null}, {"name": "zapotèque de san cristóbal amatlán", "bcp_47_code": "fr", "locale_id": "lang:002512", "is_canonical": null}, {"name": "zapotèque de miahuatlán du nord-est", "bcp_47_code": "fr", "locale_id": "lang:002512", "is_canonical": null}, {"name": "Amatlan Zapotec", "bcp_47_code": "en", "locale_id": "lang:004172", "is_canonical": null}]