[{"name": "Davawenyo", "bcp_47_code": "en", "locale_id": "lang:004172", "is_canonical": true}, {"name": "Lenga Dawawenyo", "bcp_47_code": "pms", "locale_id": "lang:003480", "is_canonical": true}, {"name": "Dabawenio", "bcp_47_code": "ilo", "locale_id": "lang:007408", "is_canonical": true}, {"name": "Kidavawenyo", "bcp_47_code": "sw", "locale_id": "lang:001597", "is_canonical": true}, {"name": "davaoeño", "bcp_47_code": "fr", "locale_id": "lang:002512", "is_canonical": true}, {"name": "Tataramon na Dabawenyo", "bcp_47_code": "bcl", "locale_id": "lang:005135", "is_canonical": true}, {"name": "bahasa Davawenyo", "bcp_47_code": "id", "locale_id": "lang:005344", "is_canonical": true}, {"name": "Wikang Dabawenyo", "bcp_47_code": "tl", "locale_id": "lang:002540", "is_canonical": true}, {"name": "bahasa Dabawenyo", "bcp_47_code": "id", "locale_id": "lang:005344", "is_canonical": null}, {"name": "bahasa Davaoeño", "bcp_47_code": "id", "locale_id": "lang:005344", "is_canonical": null}, {"name": "bahasa Davao", "bcp_47_code": "id", "locale_id": "lang:005344", "is_canonical": null}, {"name": "Dabawenyo", "bcp_47_code": "id", "locale_id": "lang:005344", "is_canonical": null}, {"name": "Davaoeño", "bcp_47_code": "id", "locale_id": "lang:005344", "is_canonical": null}]