[{"name": "Mócheno", "bcp_47_code": "en", "locale_id": "lang:004172", "is_canonical": true}, {"name": "Mòcheno", "bcp_47_code": "en", "locale_id": "lang:004172", "is_canonical": true}, {"name": "Bersntolerisch", "bcp_47_code": "bar", "locale_id": "lang:002296", "is_canonical": true}, {"name": "Fersentalerisch", "bcp_47_code": "de", "locale_id": "lang:006636", "is_canonical": true}, {"name": "mochène", "bcp_47_code": "fr", "locale_id": "lang:002512", "is_canonical": true}, {"name": "mócheno", "bcp_47_code": "hr", "locale_id": "lang:001280", "is_canonical": true}, {"name": "lingua mochena", "bcp_47_code": "it", "locale_id": "lang:005147", "is_canonical": true}, {"name": "Lenga mòchena", "bcp_47_code": "pms", "locale_id": "lang:003480", "is_canonical": true}, {"name": "língua mochena", "bcp_47_code": "pt", "locale_id": "lang:001977", "is_canonical": true}, {"name": "mòcheno", "bcp_47_code": "vec", "locale_id": "lang:004329", "is_canonical": true}, {"name": "モケーニ語", "bcp_47_code": "ja", "locale_id": "lang:005185", "is_canonical": true}, {"name": "Dialecto mòcheno", "bcp_47_code": "an", "locale_id": "lang:000439", "is_canonical": true}, {"name": "idioma mócheno", "bcp_47_code": "es", "locale_id": "lang:005944", "is_canonical": true}, {"name": "Wikang Mòcheno", "bcp_47_code": "tl", "locale_id": "lang:002540", "is_canonical": true}, {"name": "Gjuha mòcheno", "bcp_47_code": "sq", "locale_id": "lang:006275", "is_canonical": true}, {"name": "Fersendäälsk", "bcp_47_code": "frr", "locale_id": "lang:007274", "is_canonical": true}, {"name": "idioma mòcheno", "bcp_47_code": "ca", "locale_id": "lang:000334", "is_canonical": true}, {"name": "idioma mócheno", "bcp_47_code": "ast", "locale_id": "lang:006965", "is_canonical": true}, {"name": "Lengaz mòchen", "bcp_47_code": "lld", "locale_id": "lang:003761", "is_canonical": true}, {"name": "мокенский язык", "bcp_47_code": "ru", "locale_id": "lang:006745", "is_canonical": true}, {"name": "mohheni keel", "bcp_47_code": "et", "locale_id": "lang:007279", "is_canonical": true}, {"name": "Mochenisch", "bcp_47_code": "de", "locale_id": "lang:006636", "is_canonical": null}, {"name": "idioma mocheno", "bcp_47_code": "es", "locale_id": "lang:005944", "is_canonical": null}]