[{"name": "Koroshi", "bcp_47_code": "en", "locale_id": "lang:004172", "is_canonical": true}, {"name": "گویش کرشی", "bcp_47_code": "fa", "locale_id": "lang:005211", "is_canonical": true}, {"name": "Koroşi dialekti", "bcp_47_code": "az", "locale_id": "lang:000492", "is_canonical": true}, {"name": "koroshi", "bcp_47_code": "ca", "locale_id": "lang:000334", "is_canonical": true}, {"name": "koroški jezik", "bcp_47_code": "hr", "locale_id": "lang:001280", "is_canonical": true}, {"name": "koroški dijalekt", "bcp_47_code": "sh", "locale_id": "lang:003245", "is_canonical": true}, {"name": "Koroşki", "bcp_47_code": "diq", "locale_id": "lang:003839", "is_canonical": true}, {"name": "Lenga Koroshi", "bcp_47_code": "pms", "locale_id": "lang:003480", "is_canonical": true}, {"name": "کوروشی دیالکتی", "bcp_47_code": "azb", "locale_id": "lang:003109", "is_canonical": true}, {"name": "koroshi", "bcp_47_code": "fr", "locale_id": "lang:002512", "is_canonical": true}, {"name": "کوروشی", "bcp_47_code": "pnb", "locale_id": "lang:003334", "is_canonical": true}, {"name": "ਕੋਰੋਸ਼ੀ", "bcp_47_code": "pa", "locale_id": "lang:003658", "is_canonical": true}, {"name": "Koroshi Dialect", "bcp_47_code": "en", "locale_id": "lang:004172", "is_canonical": null}]