[{"name": "Bilur", "bcp_47_code": "en", "locale_id": "lang:004172", "is_canonical": true}, {"name": "Minigir", "bcp_47_code": "en", "locale_id": "lang:004172", "is_canonical": null}, {"name": "bilur", "bcp_47_code": "fr", "locale_id": "lang:002512", "is_canonical": true}, {"name": "bilur jezik", "bcp_47_code": "hr", "locale_id": "lang:001280", "is_canonical": true}, {"name": "Lenga Bilur", "bcp_47_code": "pms", "locale_id": "lang:003480", "is_canonical": true}, {"name": "Kiminigir", "bcp_47_code": "sw", "locale_id": "lang:001597", "is_canonical": true}, {"name": "Bilur", "bcp_47_code": "ilo", "locale_id": "lang:007408", "is_canonical": true}, {"name": "bilur tili", "bcp_47_code": "uz", "locale_id": "lang:003386", "is_canonical": true}]