[{"name": "Lijili", "bcp_47_code": "en", "locale_id": "lang:004172", "is_canonical": true}, {"name": "Jili", "bcp_47_code": "en", "locale_id": "lang:004172", "is_canonical": null}, {"name": "Kilijili", "bcp_47_code": "sw", "locale_id": "lang:001597", "is_canonical": true}, {"name": "Lenga Lijili", "bcp_47_code": "pms", "locale_id": "lang:003480", "is_canonical": true}, {"name": "Wikang Jili", "bcp_47_code": "tl", "locale_id": "lang:002540", "is_canonical": true}, {"name": "лидьили", "bcp_47_code": "ru", "locale_id": "lang:006745", "is_canonical": true}, {"name": "Jili", "bcp_47_code": "ig", "locale_id": "lang:002832", "is_canonical": true}]