[{"name": "Waddar", "bcp_47_code": "en", "locale_id": "lang:004172", "is_canonical": true}, {"name": "Lenga Waddar", "bcp_47_code": "pms", "locale_id": "lang:003480", "is_canonical": true}, {"name": "waddar", "bcp_47_code": "sv", "locale_id": "lang:004782", "is_canonical": true}, {"name": "Kiwaddar", "bcp_47_code": "sw", "locale_id": "lang:001597", "is_canonical": true}, {"name": "Γλώσσα Ουαντάρ", "bcp_47_code": "el", "locale_id": "lang:002331", "is_canonical": true}, {"name": "idioma waddar", "bcp_47_code": "es", "locale_id": "lang:005944", "is_canonical": true}]