[{"name": "Nyanga", "bcp_47_code": "en", "locale_id": "lang:004172", "is_canonical": true}, {"name": "Kinyanga", "bcp_47_code": "sw", "locale_id": "lang:001597", "is_canonical": true}, {"name": "nyanga", "bcp_47_code": "fr", "locale_id": "lang:002512", "is_canonical": true}, {"name": "ニャンガ語", "bcp_47_code": "ja", "locale_id": "lang:005185", "is_canonical": true}, {"name": "Lenga Nyanga", "bcp_47_code": "pms", "locale_id": "lang:003480", "is_canonical": true}, {"name": "kinyanga", "bcp_47_code": "fr", "locale_id": "lang:002512", "is_canonical": null}, {"name": "Kinyanga", "bcp_47_code": "nyj", "locale_id": "lang:000193", "is_canonical": true}]