[{"name": "Sempan", "bcp_47_code": "en", "locale_id": "lang:004172", "is_canonical": true}, {"name": "język sempan", "bcp_47_code": "pl", "locale_id": "lang:001433", "is_canonical": true}, {"name": "sempan jezik", "bcp_47_code": "hr", "locale_id": "lang:001280", "is_canonical": true}, {"name": "Lenga Sempan", "bcp_47_code": "pms", "locale_id": "lang:003480", "is_canonical": true}, {"name": "Kisempan", "bcp_47_code": "sw", "locale_id": "lang:001597", "is_canonical": true}, {"name": "Sempan", "bcp_47_code": "id", "locale_id": "lang:005344", "is_canonical": true}, {"name": "Sempan", "bcp_47_code": "ilo", "locale_id": "lang:007408", "is_canonical": true}, {"name": "Tataramon na Sempan", "bcp_47_code": "bcl", "locale_id": "lang:005135", "is_canonical": true}, {"name": "Nararapi", "bcp_47_code": "en", "locale_id": "lang:004172", "is_canonical": null}, {"name": "bahasa Nararapi", "bcp_47_code": "id", "locale_id": "lang:005344", "is_canonical": null}]