[{"name": "Konyanka Maninka", "bcp_47_code": "en", "locale_id": "lang:004172", "is_canonical": true}, {"name": "Kimaninka-Konyanka", "bcp_47_code": "sw", "locale_id": "lang:001597", "is_canonical": true}, {"name": "Konyanka Lenga Maninka", "bcp_47_code": "pms", "locale_id": "lang:003480", "is_canonical": true}, {"name": "maninka konyanka", "bcp_47_code": "fr", "locale_id": "lang:002512", "is_canonical": true}, {"name": "ߡߊ߬ߣߌ߲߬ߞߊ ߞߏ߬ߣߌ߬ߦߊ߬ߞߊ", "bcp_47_code": "nqo", "locale_id": "lang:006401", "is_canonical": true}, {"name": "Maninkakan", "bcp_47_code": "mku", "locale_id": "lang:000256", "is_canonical": true}, {"name": "ߡߊ߬ߣߌ߲߬ߞߊ߬ߞߊ߲", "bcp_47_code": "mku", "locale_id": "lang:000256", "is_canonical": null}]