[{"name": "Lewo Eleng", "bcp_47_code": "en", "locale_id": "lang:004172", "is_canonical": true}, {"name": "Lenga Lewo Eleng", "bcp_47_code": "pms", "locale_id": "lang:003480", "is_canonical": true}, {"name": "Lewo Eleng", "bcp_47_code": "de", "locale_id": "lang:006636", "is_canonical": true}, {"name": "Lewo Eleng", "bcp_47_code": "id", "locale_id": "lang:005344", "is_canonical": true}, {"name": "Kilewo-Eleng", "bcp_47_code": "sw", "locale_id": "lang:001597", "is_canonical": true}, {"name": "Lewo Eleng", "bcp_47_code": "ilo", "locale_id": "lang:007408", "is_canonical": true}, {"name": "Wikang Lewo Eleng", "bcp_47_code": "tl", "locale_id": "lang:002540", "is_canonical": true}, {"name": "bahasa Lewo Eleng", "bcp_47_code": "id", "locale_id": "lang:005344", "is_canonical": null}]