[{"name": "Shahrudi", "bcp_47_code": "en", "locale_id": "lang:004172", "is_canonical": true}, {"name": "Shahrudi-Southern Talysh", "bcp_47_code": "en", "locale_id": "lang:004172", "is_canonical": true}, {"name": "Lenga Shahrudi", "bcp_47_code": "pms", "locale_id": "lang:003480", "is_canonical": true}, {"name": "زبان شاهرودی", "bcp_47_code": "fa", "locale_id": "lang:005211", "is_canonical": true}, {"name": "شاهرودی", "bcp_47_code": "mzn", "locale_id": "lang:005912", "is_canonical": true}]