[{"name": "Lauje", "bcp_47_code": "en", "locale_id": "lang:004172", "is_canonical": true}, {"name": "lauje", "bcp_47_code": "fr", "locale_id": "lang:002512", "is_canonical": true}, {"name": "Lenga lauje", "bcp_47_code": "pms", "locale_id": "lang:003480", "is_canonical": true}, {"name": "bahasa Lauje", "bcp_47_code": "id", "locale_id": "lang:005344", "is_canonical": true}, {"name": "Kilauje", "bcp_47_code": "sw", "locale_id": "lang:001597", "is_canonical": true}, {"name": "Lauje", "bcp_47_code": "ilo", "locale_id": "lang:007408", "is_canonical": true}, {"name": "Wikang Lauje", "bcp_47_code": "tl", "locale_id": "lang:002540", "is_canonical": true}, {"name": "Tataramon na Lauje", "bcp_47_code": "bcl", "locale_id": "lang:005135", "is_canonical": true}, {"name": "język lauje", "bcp_47_code": "pl", "locale_id": "lang:001433", "is_canonical": true}, {"name": "bahasa Tinombo", "bcp_47_code": "id", "locale_id": "lang:005344", "is_canonical": null}]