[{"name": "Iban", "bcp_47_code": "en", "locale_id": "lang:004172", "is_canonical": true}, {"name": "Balau", "bcp_47_code": "en", "locale_id": "lang:004172", "is_canonical": null}, {"name": "аибан", "bcp_47_code": "ab", "locale_id": "lang:006291", "is_canonical": true}, {"name": "Ibanees", "bcp_47_code": "af", "locale_id": "lang:006849", "is_canonical": true}, {"name": "ኢባን", "bcp_47_code": "am", "locale_id": "lang:000379", "is_canonical": true}, {"name": "الإيبان", "bcp_47_code": "ar", "locale_id": "lang:000884", "is_canonical": true}, {"name": "ইবান", "bcp_47_code": "as", "locale_id": "lang:003208", "is_canonical": true}, {"name": "iban", "bcp_47_code": "ast", "locale_id": "lang:006965", "is_canonical": true}, {"name": "iban", "bcp_47_code": "az", "locale_id": "lang:000492", "is_canonical": true}, {"name": "ібан", "bcp_47_code": "be", "locale_id": "lang:004942", "is_canonical": true}, {"name": "ибан", "bcp_47_code": "bg", "locale_id": "lang:003294", "is_canonical": true}, {"name": "ایبانگه", "bcp_47_code": "bgn", "locale_id": "lang:004443", "is_canonical": true}, {"name": "ইবান", "bcp_47_code": "bn", "locale_id": "lang:000178", "is_canonical": true}, {"name": "iban", "bcp_47_code": "br", "locale_id": "lang:003643", "is_canonical": true}, {"name": "ईबान", "bcp_47_code": "brx", "locale_id": "lang:003716", "is_canonical": true}, {"name": "iban", "bcp_47_code": "bs", "locale_id": "lang:005177", "is_canonical": true}, {"name": "iban", "bcp_47_code": "ca", "locale_id": "lang:000334", "is_canonical": true}, {"name": "𑄃𑄨𑄝𑄚𑄴", "bcp_47_code": "ccp", "locale_id": "lang:004815", "is_canonical": true}, {"name": "ибанийн", "bcp_47_code": "ce", "locale_id": "lang:000120", "is_canonical": true}, {"name": "ᎢᏆᏂ", "bcp_47_code": "chr", "locale_id": "lang:004490", "is_canonical": true}, {"name": "ئیبان", "bcp_47_code": "ckb", "locale_id": "lang:002255", "is_canonical": true}, {"name": "ibanština", "bcp_47_code": "cs", "locale_id": "lang:007371", "is_canonical": true}, {"name": "Ibaneg", "bcp_47_code": "cy", "locale_id": "lang:005257", "is_canonical": true}, {"name": "iban", "bcp_47_code": "da", "locale_id": "lang:006478", "is_canonical": true}, {"name": "Iban", "bcp_47_code": "de", "locale_id": "lang:006636", "is_canonical": true}, {"name": "ibanšćina", "bcp_47_code": "dsb", "locale_id": "lang:007093", "is_canonical": true}, {"name": "Ιμπάν", "bcp_47_code": "el", "locale_id": "lang:002331", "is_canonical": true}, {"name": "ibana", "bcp_47_code": "eo", "locale_id": "lang:001065", "is_canonical": true}, {"name": "iban", "bcp_47_code": "es", "locale_id": "lang:005944", "is_canonical": true}, {"name": "ibani", "bcp_47_code": "et", "locale_id": "lang:007279", "is_canonical": true}, {"name": "ibanera", "bcp_47_code": "eu", "locale_id": "lang:004920", "is_canonical": true}, {"name": "ایبانی", "bcp_47_code": "fa", "locale_id": "lang:005211", "is_canonical": true}, {"name": "iban", "bcp_47_code": "fi", "locale_id": "lang:005250", "is_canonical": true}, {"name": "Iban", "bcp_47_code": "fil", "locale_id": "lang:004854", "is_canonical": true}, {"name": "iban", "bcp_47_code": "fo", "locale_id": "lang:005789", "is_canonical": true}, {"name": "iban", "bcp_47_code": "fr", "locale_id": "lang:002512", "is_canonical": true}, {"name": "Iban", "bcp_47_code": "fy", "locale_id": "lang:000608", "is_canonical": true}, {"name": "Ibeainis", "bcp_47_code": "ga", "locale_id": "lang:005513", "is_canonical": true}, {"name": "Iban", "bcp_47_code": "gd", "locale_id": "lang:005113", "is_canonical": true}, {"name": "iban", "bcp_47_code": "gl", "locale_id": "lang:006921", "is_canonical": true}, {"name": "Ibanisch", "bcp_47_code": "gsw", "locale_id": "lang:006414", "is_canonical": true}, {"name": "ઇબાન", "bcp_47_code": "gu", "locale_id": "lang:006797", "is_canonical": true}, {"name": "Iban", "bcp_47_code": "ha", "locale_id": "lang:006769", "is_canonical": true}, {"name": "איבאן", "bcp_47_code": "he", "locale_id": "lang:000780", "is_canonical": true}, {"name": "इबान", "bcp_47_code": "hi", "locale_id": "lang:005010", "is_canonical": true}, {"name": "iban", "bcp_47_code": "hr", "locale_id": "lang:001280", "is_canonical": true}, {"name": "ibanšćina", "bcp_47_code": "hsb", "locale_id": "lang:002868", "is_canonical": true}, {"name": "iban", "bcp_47_code": "hu", "locale_id": "lang:004445", "is_canonical": true}, {"name": "իբաներեն", "bcp_47_code": "hy", "locale_id": "lang:006918", "is_canonical": true}, {"name": "iban", "bcp_47_code": "ia", "locale_id": "lang:008680", "is_canonical": true}, {"name": "Iban", "bcp_47_code": "id", "locale_id": "lang:005344", "is_canonical": true}, {"name": "Ibanị", "bcp_47_code": "ig", "locale_id": "lang:002832", "is_canonical": true}, {"name": "íban", "bcp_47_code": "is", "locale_id": "lang:006417", "is_canonical": true}, {"name": "iban", "bcp_47_code": "it", "locale_id": "lang:005147", "is_canonical": true}, {"name": "イバン語", "bcp_47_code": "ja", "locale_id": "lang:005185", "is_canonical": true}, {"name": "Iban", "bcp_47_code": "jv", "locale_id": "lang:006418", "is_canonical": true}, {"name": "იბანი", "bcp_47_code": "ka", "locale_id": "lang:005687", "is_canonical": true}, {"name": "Tibant", "bcp_47_code": "kab", "locale_id": "lang:002124", "is_canonical": true}, {"name": "iman", "bcp_47_code": "kgp", "locale_id": "lang:005254", "is_canonical": true}, {"name": "ибан тілі", "bcp_47_code": "kk", "locale_id": "lang:001017", "is_canonical": true}, {"name": "អ៊ីបាន", "bcp_47_code": "km", "locale_id": "lang:000690", "is_canonical": true}, {"name": "ಇಬಾನ್", "bcp_47_code": "kn", "locale_id": "lang:006289", "is_canonical": true}, {"name": "이반어", "bcp_47_code": "ko", "locale_id": "lang:000685", "is_canonical": true}, {"name": "आयबन", "bcp_47_code": "kok", "locale_id": "lang:001978", "is_canonical": true}, {"name": "اِبان", "bcp_47_code": "ks", "locale_id": "lang:004361", "is_canonical": true}, {"name": "Ibahnesch", "bcp_47_code": "ksh", "locale_id": "lang:000776", "is_canonical": true}, {"name": "ибанча", "bcp_47_code": "ky", "locale_id": "lang:003193", "is_canonical": true}, {"name": "Iban", "bcp_47_code": "lb", "locale_id": "lang:003324", "is_canonical": true}, {"name": "iban", "bcp_47_code": "lij", "locale_id": "lang:004453", "is_canonical": true}, {"name": "ໄອບານ", "bcp_47_code": "lo", "locale_id": "lang:002848", "is_canonical": true}, {"name": "iban", "bcp_47_code": "lt", "locale_id": "lang:000996", "is_canonical": true}, {"name": "ibanu", "bcp_47_code": "lv", "locale_id": "lang:006606", "is_canonical": true}, {"name": "इबन", "bcp_47_code": "mai", "locale_id": "lang:005797", "is_canonical": true}, {"name": "Īpana", "bcp_47_code": "mi", "locale_id": "lang:005897", "is_canonical": true}, {"name": "ибан", "bcp_47_code": "mk", "locale_id": "lang:001683", "is_canonical": true}, {"name": "ഇബാൻ", "bcp_47_code": "ml", "locale_id": "lang:001880", "is_canonical": true}, {"name": "ибан", "bcp_47_code": "mn", "locale_id": "lang:005506", "is_canonical": true}, {"name": "इबान", "bcp_47_code": "mr", "locale_id": "lang:003376", "is_canonical": true}, {"name": "Iban", "bcp_47_code": "ms", "locale_id": "lang:001263", "is_canonical": true}, {"name": "Iban", "bcp_47_code": "mt", "locale_id": "lang:004371", "is_canonical": true}, {"name": "အီဗန်", "bcp_47_code": "my", "locale_id": "lang:004196", "is_canonical": true}, {"name": "Iban", "bcp_47_code": "nds", "locale_id": "lang:001710", "is_canonical": true}, {"name": "इबान", "bcp_47_code": "ne", "locale_id": "lang:004630", "is_canonical": true}, {"name": "Iban", "bcp_47_code": "nl", "locale_id": "lang:006448", "is_canonical": true}, {"name": "iban", "bcp_47_code": "no", "locale_id": "lang:002536", "is_canonical": true}, {"name": "ଇବାନ୍", "bcp_47_code": "or", "locale_id": "lang:001930", "is_canonical": true}, {"name": "ਇਬਾਨ", "bcp_47_code": "pa", "locale_id": "lang:003658", "is_canonical": true}, {"name": "Iban Lángwej", "bcp_47_code": "pcm", "locale_id": "lang:002108", "is_canonical": true}, {"name": "iban", "bcp_47_code": "pl", "locale_id": "lang:001433", "is_canonical": true}, {"name": "ابن", "bcp_47_code": "ps", "locale_id": "lang:006281", "is_canonical": true}, {"name": "iban", "bcp_47_code": "pt", "locale_id": "lang:001977", "is_canonical": true}, {"name": "Iban Simi", "bcp_47_code": "qu", "locale_id": "lang:000991", "is_canonical": true}, {"name": "iban", "bcp_47_code": "rm", "locale_id": "lang:004318", "is_canonical": true}, {"name": "iban", "bcp_47_code": "ro", "locale_id": "lang:006592", "is_canonical": true}, {"name": "ибанский", "bcp_47_code": "ru", "locale_id": "lang:006745", "is_canonical": true}, {"name": "ᱤᱵᱟᱱ", "bcp_47_code": "sat", "locale_id": "lang:006025", "is_canonical": true}, {"name": "iban", "bcp_47_code": "sc", "locale_id": "lang:000376", "is_canonical": true}, {"name": "ايبن", "bcp_47_code": "sd", "locale_id": "lang:002987", "is_canonical": true}, {"name": "ඉබන්", "bcp_47_code": "si", "locale_id": "lang:000326", "is_canonical": true}, {"name": "ibančina", "bcp_47_code": "sk", "locale_id": "lang:005464", "is_canonical": true}, {"name": "ibanščina", "bcp_47_code": "sl", "locale_id": "lang:004352", "is_canonical": true}, {"name": "ibankielâ", "bcp_47_code": "smn", "locale_id": "lang:000203", "is_canonical": true}, {"name": "Iban", "bcp_47_code": "so", "locale_id": "lang:000435", "is_canonical": true}, {"name": "ibanisht", "bcp_47_code": "sq", "locale_id": "lang:006275", "is_canonical": true}, {"name": "ибански", "bcp_47_code": "sr", "locale_id": "lang:002701", "is_canonical": true}, {"name": "ibanska", "bcp_47_code": "sv", "locale_id": "lang:004782", "is_canonical": true}, {"name": "Kiiban", "bcp_47_code": "sw", "locale_id": "lang:001597", "is_canonical": true}, {"name": "இபான்", "bcp_47_code": "ta", "locale_id": "lang:002996", "is_canonical": true}, {"name": "ఐబాన్", "bcp_47_code": "te", "locale_id": "lang:000508", "is_canonical": true}, {"name": "อิบาน", "bcp_47_code": "th", "locale_id": "lang:000248", "is_canonical": true}, {"name": "ኢባን", "bcp_47_code": "ti", "locale_id": "lang:002196", "is_canonical": true}, {"name": "iban dili", "bcp_47_code": "tk", "locale_id": "lang:002001", "is_canonical": true}, {"name": "lea fakaʻipani", "bcp_47_code": "to", "locale_id": "lang:006037", "is_canonical": true}, {"name": "Iban", "bcp_47_code": "tr", "locale_id": "lang:000917", "is_canonical": true}, {"name": "ئىبانچە", "bcp_47_code": "ug", "locale_id": "lang:003330", "is_canonical": true}, {"name": "ібанська", "bcp_47_code": "uk", "locale_id": "lang:001994", "is_canonical": true}, {"name": "ایبان", "bcp_47_code": "ur", "locale_id": "lang:001103", "is_canonical": true}, {"name": "iban", "bcp_47_code": "uz", "locale_id": "lang:003386", "is_canonical": true}, {"name": "tiếng Iban", "bcp_47_code": "vi", "locale_id": "lang:004523", "is_canonical": true}, {"name": "Èdè Iba", "bcp_47_code": "yo", "locale_id": "lang:003132", "is_canonical": true}, {"name": "ibã", "bcp_47_code": "yrl", "locale_id": "lang:006863", "is_canonical": true}, {"name": "伊班文", "bcp_47_code": "yue", "locale_id": "lang:005108", "is_canonical": true}, {"name": "伊班语", "bcp_47_code": "cmn", "locale_id": "lang:004378", "is_canonical": true}, {"name": "isi-Iban", "bcp_47_code": "zu", "locale_id": "lang:007247", "is_canonical": true}, {"name": "Iban", "bcp_47_code": "af", "locale_id": "lang:006849", "is_canonical": null}, {"name": "ኢባንኛ", "bcp_47_code": "am", "locale_id": "lang:000379", "is_canonical": null}, {"name": "الايبان", "bcp_47_code": "ar", "locale_id": "lang:000884", "is_canonical": null}, {"name": "İban", "bcp_47_code": "az", "locale_id": "lang:000492", "is_canonical": null}, {"name": "ібанская", "bcp_47_code": "be", "locale_id": "lang:004942", "is_canonical": null}, {"name": "ибански", "bcp_47_code": "bg", "locale_id": "lang:003294", "is_canonical": null}, {"name": "আইব্যান", "bcp_47_code": "bn", "locale_id": "lang:000178", "is_canonical": null}, {"name": "ibanarra", "bcp_47_code": "eu", "locale_id": "lang:004920", "is_canonical": null}, {"name": "ایبان", "bcp_47_code": "fa", "locale_id": "lang:005211", "is_canonical": null}, {"name": "Iban", "bcp_47_code": "gl", "locale_id": "lang:006921", "is_canonical": null}, {"name": "Iban", "bcp_47_code": "gsw", "locale_id": "lang:006414", "is_canonical": null}, {"name": "איבן", "bcp_47_code": "he", "locale_id": "lang:000780", "is_canonical": true}, {"name": "ibanski", "bcp_47_code": "hr", "locale_id": "lang:001280", "is_canonical": null}, {"name": "Iban", "bcp_47_code": "in", "locale_id": "lang:005344", "is_canonical": true}, {"name": "iban", "bcp_47_code": "is", "locale_id": "lang:006417", "is_canonical": null}, {"name": "იბანური", "bcp_47_code": "ka", "locale_id": "lang:005687", "is_canonical": null}, {"name": "Ибан", "bcp_47_code": "kk", "locale_id": "lang:001017", "is_canonical": null}, {"name": "ಐಬಾನ್", "bcp_47_code": "kn", "locale_id": "lang:006289", "is_canonical": null}, {"name": "Ибанча", "bcp_47_code": "ky", "locale_id": "lang:003193", "is_canonical": null}, {"name": "Iban", "bcp_47_code": "ln", "locale_id": "lang:005075", "is_canonical": true}, {"name": "ອີບານ", "bcp_47_code": "lo", "locale_id": "lang:002848", "is_canonical": null}, {"name": "ibanų kalba", "bcp_47_code": "lt", "locale_id": "lang:000996", "is_canonical": null}, {"name": "ഇബെൻ", "bcp_47_code": "ml", "locale_id": "lang:001880", "is_canonical": null}, {"name": "Ибан", "bcp_47_code": "mn", "locale_id": "lang:005506", "is_canonical": null}, {"name": "Iban", "bcp_47_code": "mo", "locale_id": "lang:006592", "is_canonical": true}, {"name": "Bahasa Iban", "bcp_47_code": "ms", "locale_id": "lang:001263", "is_canonical": null}, {"name": "အေဘန်", "bcp_47_code": "my", "locale_id": "lang:004196", "is_canonical": null}, {"name": "iban", "bcp_47_code": "nb", "locale_id": "lang:000958", "is_canonical": true}, {"name": "Ibančina", "bcp_47_code": "sk", "locale_id": "lang:005464", "is_canonical": null}, {"name": "Ibanisht", "bcp_47_code": "sq", "locale_id": "lang:006275", "is_canonical": null}, {"name": "ибанска", "bcp_47_code": "sr", "locale_id": "lang:002701", "is_canonical": null}, {"name": "iban", "bcp_47_code": "sv", "locale_id": "lang:004782", "is_canonical": null}, {"name": "Kiibani", "bcp_47_code": "sw", "locale_id": "lang:001597", "is_canonical": null}, {"name": "อีบัน", "bcp_47_code": "th", "locale_id": "lang:000248", "is_canonical": null}, {"name": "Iban", "bcp_47_code": "tl", "locale_id": "lang:002540", "is_canonical": true}, {"name": "ایبن", "bcp_47_code": "ur", "locale_id": "lang:001103", "is_canonical": null}, {"name": "língua iban", "bcp_47_code": "pt", "locale_id": "lang:001977", "is_canonical": null}, {"name": "Lenga Iban", "bcp_47_code": "pms", "locale_id": "lang:003480", "is_canonical": true}, {"name": "język iban", "bcp_47_code": "pl", "locale_id": "lang:001433", "is_canonical": null}, {"name": "ибанский язык", "bcp_47_code": "ru", "locale_id": "lang:006745", "is_canonical": null}, {"name": "iban jezik", "bcp_47_code": "hr", "locale_id": "lang:001280", "is_canonical": null}, {"name": "ภาษาอีบัน", "bcp_47_code": "th", "locale_id": "lang:000248", "is_canonical": null}, {"name": "idioma iban", "bcp_47_code": "es", "locale_id": "lang:005944", "is_canonical": null}, {"name": "lingua iban", "bcp_47_code": "it", "locale_id": "lang:005147", "is_canonical": null}, {"name": "ibanin kieli", "bcp_47_code": "fi", "locale_id": "lang:005250", "is_canonical": null}, {"name": "Amanung Iban", "bcp_47_code": "pam", "locale_id": "lang:003114", "is_canonical": true}, {"name": "伊班語", "bcp_47_code": "cmn", "locale_id": "lang:004378", "is_canonical": null}, {"name": "Iban", "bcp_47_code": "ilo", "locale_id": "lang:007408", "is_canonical": true}, {"name": "idioma iban", "bcp_47_code": "ast", "locale_id": "lang:006965", "is_canonical": null}, {"name": "Basa Iban", "bcp_47_code": "jv", "locale_id": "lang:006418", "is_canonical": null}, {"name": "Lingua iban", "bcp_47_code": "gl", "locale_id": "lang:006921", "is_canonical": null}, {"name": "Wikang Iban", "bcp_47_code": "tl", "locale_id": "lang:002540", "is_canonical": null}, {"name": "Tataramon na Iban", "bcp_47_code": "bcl", "locale_id": "lang:005135", "is_canonical": true}, {"name": "ibani keel", "bcp_47_code": "et", "locale_id": "lang:007279", "is_canonical": null}, {"name": "γλώσσα Ιμπάν", "bcp_47_code": "el", "locale_id": "lang:002331", "is_canonical": null}, {"name": "iban", "bcp_47_code": "vec", "locale_id": "lang:004329", "is_canonical": true}, {"name": "ibana lingvo", "bcp_47_code": "eo", "locale_id": "lang:001065", "is_canonical": null}, {"name": "இபான் மொழி", "bcp_47_code": "ta", "locale_id": "lang:002996", "is_canonical": null}, {"name": "ібанська мова", "bcp_47_code": "uk", "locale_id": "lang:001994", "is_canonical": null}, {"name": "bahasa Iban", "bcp_47_code": "id", "locale_id": "lang:005344", "is_canonical": null}, {"name": "Iban Coastal Dayak", "bcp_47_code": "en", "locale_id": "lang:004172", "is_canonical": null}, {"name": "iban hizkuntza", "bcp_47_code": "eu", "locale_id": "lang:004920", "is_canonical": null}, {"name": "Iban", "bcp_47_code": "iba", "locale_id": "lang:000148", "is_canonical": true}, {"name": "Jaku Iban", "bcp_47_code": "iba", "locale_id": "lang:000148", "is_canonical": false}]