[{"name": "Mser", "bcp_47_code": "en", "locale_id": "lang:004172", "is_canonical": true}, {"name": "Kimser", "bcp_47_code": "sw", "locale_id": "lang:001597", "is_canonical": true}, {"name": "mser jezik", "bcp_47_code": "hr", "locale_id": "lang:001280", "is_canonical": true}, {"name": "msereg", "bcp_47_code": "br", "locale_id": "lang:003643", "is_canonical": true}, {"name": "Mser", "bcp_47_code": "de", "locale_id": "lang:006636", "is_canonical": true}, {"name": "mser", "bcp_47_code": "fr", "locale_id": "lang:002512", "is_canonical": true}, {"name": "Lenga Mser", "bcp_47_code": "pms", "locale_id": "lang:003480", "is_canonical": true}, {"name": "Wikang Mser", "bcp_47_code": "tl", "locale_id": "lang:002540", "is_canonical": true}, {"name": "mser", "bcp_47_code": "oc", "locale_id": "lang:003832", "is_canonical": true}]