[{"name": "Baharna Arabic", "bcp_47_code": "en", "locale_id": "lang:004172", "is_canonical": true}, {"name": "arabeg bahrein", "bcp_47_code": "br", "locale_id": "lang:003643", "is_canonical": true}, {"name": "바레인 구어체 아랍어", "bcp_47_code": "ko", "locale_id": "lang:000685", "is_canonical": true}, {"name": "Bahrani Arabic", "bcp_47_code": "en", "locale_id": "lang:004172", "is_canonical": null}, {"name": "baharna arapski", "bcp_47_code": "hr", "locale_id": "lang:001280", "is_canonical": true}, {"name": "ภาษาอาหรับบาห์เรน", "bcp_47_code": "th", "locale_id": "lang:000248", "is_canonical": true}, {"name": "бахарно-арапски јазик", "bcp_47_code": "mk", "locale_id": "lang:001683", "is_canonical": true}, {"name": "لهجة بحرانية", "bcp_47_code": "ar", "locale_id": "lang:000884", "is_canonical": true}, {"name": "Lenga aràbica Baharna", "bcp_47_code": "pms", "locale_id": "lang:003480", "is_canonical": true}, {"name": "アラビア語バーレーン方言", "bcp_47_code": "ja", "locale_id": "lang:005185", "is_canonical": true}, {"name": "Bahreins Arabisch", "bcp_47_code": "li", "locale_id": "lang:000599", "is_canonical": true}, {"name": "عربی بحرانی", "bcp_47_code": "fa", "locale_id": "lang:005211", "is_canonical": true}, {"name": "árabe bareiní", "bcp_47_code": "es", "locale_id": "lang:005944", "is_canonical": true}, {"name": "бахарна", "bcp_47_code": "ru", "locale_id": "lang:006745", "is_canonical": true}, {"name": "barejna araba lingvo", "bcp_47_code": "eo", "locale_id": "lang:001065", "is_canonical": true}, {"name": "arabe bahreïnien", "bcp_47_code": "fr", "locale_id": "lang:002512", "is_canonical": true}, {"name": "البحرانية", "bcp_47_code": "aeb", "locale_id": "lang:006749", "is_canonical": true}, {"name": "بحرانی عربی", "bcp_47_code": "ur", "locale_id": "lang:001103", "is_canonical": true}, {"name": "árabe baḥreiní", "bcp_47_code": "ast", "locale_id": "lang:006965", "is_canonical": true}, {"name": "bahrain arabisk", "bcp_47_code": "da", "locale_id": "lang:006478", "is_canonical": true}, {"name": "巴林阿拉伯语", "bcp_47_code": "cmn", "locale_id": "lang:004378", "is_canonical": true}, {"name": "árabe bareinita", "bcp_47_code": "pt", "locale_id": "lang:001977", "is_canonical": true}, {"name": "bahasa Arab Bahrani", "bcp_47_code": "id", "locale_id": "lang:005344", "is_canonical": true}, {"name": "巴林阿拉伯語", "bcp_47_code": "cmn", "locale_id": "lang:004378", "is_canonical": null}, {"name": "arabo bahreinita", "bcp_47_code": "it", "locale_id": "lang:005147", "is_canonical": true}, {"name": "Αραβικά των Μπαχράνι", "bcp_47_code": "el", "locale_id": "lang:002331", "is_canonical": true}, {"name": "Бахарна диалекті", "bcp_47_code": "kk", "locale_id": "lang:001017", "is_canonical": true}, {"name": "tiếng Ả Rập Bahrain", "bcp_47_code": "vi", "locale_id": "lang:004523", "is_canonical": true}, {"name": "àrabo bahreinita", "bcp_47_code": "vec", "locale_id": "lang:004329", "is_canonical": true}, {"name": "бәхрәйнчә гарәп теле", "bcp_47_code": "tt", "locale_id": "lang:003939", "is_canonical": true}, {"name": "bahrajnska arabščina", "bcp_47_code": "sl", "locale_id": "lang:004352", "is_canonical": true}, {"name": "바레인 아랍어", "bcp_47_code": "ko", "locale_id": "lang:000685", "is_canonical": null}, {"name": "لهجه بحرانيه", "bcp_47_code": "ar", "locale_id": "lang:000884", "is_canonical": null}, {"name": "اللهجة البحرانية", "bcp_47_code": "ar", "locale_id": "lang:000884", "is_canonical": null}, {"name": "старобахрейнский диалект", "bcp_47_code": "ru", "locale_id": "lang:006745", "is_canonical": null}, {"name": "arabe de bahreïn", "bcp_47_code": "fr", "locale_id": "lang:002512", "is_canonical": null}, {"name": "lingua araba bahreinita", "bcp_47_code": "it", "locale_id": "lang:005147", "is_canonical": null}, {"name": "бахарна арапски јазик", "bcp_47_code": "mk", "locale_id": "lang:001683", "is_canonical": null}, {"name": "العربية البحرانية", "bcp_47_code": "abv", "locale_id": "lang:000392", "is_canonical": true}]