[{"name": "Northeastern Pomo", "bcp_47_code": "en", "locale_id": "lang:004172", "is_canonical": true}, {"name": "Northeastern Russian River Pomo", "bcp_47_code": "en", "locale_id": "lang:004172", "is_canonical": true}, {"name": "pomo du nord-est", "bcp_47_code": "fr", "locale_id": "lang:002512", "is_canonical": true}, {"name": "Lenga pomo nòrd oriental", "bcp_47_code": "pms", "locale_id": "lang:003480", "is_canonical": true}, {"name": "northeastern pomo", "bcp_47_code": "es", "locale_id": "lang:005944", "is_canonical": true}, {"name": "северо-восточный помо", "bcp_47_code": "ru", "locale_id": "lang:006745", "is_canonical": true}, {"name": "pomo del nord-est", "bcp_47_code": "ca", "locale_id": "lang:000334", "is_canonical": true}, {"name": "kirdepomo keel", "bcp_47_code": "et", "locale_id": "lang:007279", "is_canonical": true}, {"name": "Wikang Hilaga-silangang Pomo", "bcp_47_code": "tl", "locale_id": "lang:002540", "is_canonical": true}, {"name": "pomo du nord-ouest", "bcp_47_code": "fr", "locale_id": "lang:002512", "is_canonical": null}]