[{"name": "Jad", "bcp_47_code": "en", "locale_id": "lang:004172", "is_canonical": true}, {"name": "jad jezik", "bcp_47_code": "hr", "locale_id": "lang:001280", "is_canonical": true}, {"name": "Kijad", "bcp_47_code": "sw", "locale_id": "lang:001597", "is_canonical": true}, {"name": "Lenga Jad", "bcp_47_code": "pms", "locale_id": "lang:003480", "is_canonical": true}, {"name": "ਜਦ", "bcp_47_code": "pa", "locale_id": "lang:003658", "is_canonical": true}, {"name": "jad", "bcp_47_code": "fr", "locale_id": "lang:002512", "is_canonical": true}, {"name": "जाद भाषा", "bcp_47_code": "hi", "locale_id": "lang:005010", "is_canonical": true}, {"name": "ਜੱਡ", "bcp_47_code": "pa", "locale_id": "lang:003658", "is_canonical": null}]