[{"name": "Makhuwa", "bcp_47_code": "en", "locale_id": "lang:004172", "is_canonical": true}, {"name": "język makua", "bcp_47_code": "pl", "locale_id": "lang:001433", "is_canonical": true}, {"name": "Kimakua", "bcp_47_code": "sw", "locale_id": "lang:001597", "is_canonical": true}, {"name": "língua macua", "bcp_47_code": "pt", "locale_id": "lang:001977", "is_canonical": true}, {"name": "makhuawa", "bcp_47_code": "no", "locale_id": "lang:002536", "is_canonical": true}, {"name": "Makua", "bcp_47_code": "de", "locale_id": "lang:006636", "is_canonical": true}, {"name": "makuan kieli", "bcp_47_code": "fi", "locale_id": "lang:005250", "is_canonical": true}, {"name": "макуа", "bcp_47_code": "ru", "locale_id": "lang:006745", "is_canonical": true}, {"name": "Emakhuwa", "bcp_47_code": "vmw", "locale_id": "lang:000370", "is_canonical": true}]