[{"name": "Rukai", "bcp_47_code": "en", "locale_id": "lang:004172", "is_canonical": true}, {"name": "rukai", "bcp_47_code": "es", "locale_id": "lang:005944", "is_canonical": true}, {"name": "rukai", "bcp_47_code": "fr", "locale_id": "lang:002512", "is_canonical": true}, {"name": "Rukai-ngî", "bcp_47_code": "hak", "locale_id": "lang:002711", "is_canonical": true}, {"name": "rukai", "bcp_47_code": "it", "locale_id": "lang:005147", "is_canonical": true}, {"name": "рукајски јазик", "bcp_47_code": "mk", "locale_id": "lang:001683", "is_canonical": true}, {"name": "Lenga rukai", "bcp_47_code": "pms", "locale_id": "lang:003480", "is_canonical": true}, {"name": "魯凱語", "bcp_47_code": "cmn", "locale_id": "lang:004378", "is_canonical": true}, {"name": "鲁凯语", "bcp_47_code": "cmn", "locale_id": "lang:004378", "is_canonical": null}, {"name": "rukai", "bcp_47_code": "fi", "locale_id": "lang:005250", "is_canonical": true}, {"name": "Rukai", "bcp_47_code": "nl", "locale_id": "lang:006448", "is_canonical": true}, {"name": "rukai", "bcp_47_code": "ca", "locale_id": "lang:000334", "is_canonical": true}, {"name": "rukai", "bcp_47_code": "oc", "locale_id": "lang:003832", "is_canonical": true}, {"name": "Kirukai", "bcp_47_code": "sw", "locale_id": "lang:001597", "is_canonical": true}, {"name": "Amanung Rukai", "bcp_47_code": "pam", "locale_id": "lang:003114", "is_canonical": true}, {"name": "bahasa Rukai", "bcp_47_code": "id", "locale_id": "lang:005344", "is_canonical": true}, {"name": "ルカイ語", "bcp_47_code": "ja", "locale_id": "lang:005185", "is_canonical": true}, {"name": "Rukai", "bcp_47_code": "ilo", "locale_id": "lang:007408", "is_canonical": true}, {"name": "idioma rukai", "bcp_47_code": "ast", "locale_id": "lang:006965", "is_canonical": true}, {"name": "Tataramon na Rukai", "bcp_47_code": "bcl", "locale_id": "lang:005135", "is_canonical": true}, {"name": "Lingua rukai", "bcp_47_code": "gl", "locale_id": "lang:006921", "is_canonical": true}, {"name": "루카이어", "bcp_47_code": "ko", "locale_id": "lang:000685", "is_canonical": true}, {"name": "Fiteny rokay", "bcp_47_code": "mg", "locale_id": "lang:001318", "is_canonical": true}, {"name": "רוקאי", "bcp_47_code": "he", "locale_id": "lang:000780", "is_canonical": true}, {"name": "língua rukai", "bcp_47_code": "pt", "locale_id": "lang:001977", "is_canonical": true}, {"name": "rukai", "bcp_47_code": "vec", "locale_id": "lang:004329", "is_canonical": true}, {"name": "rukai", "bcp_47_code": "pl", "locale_id": "lang:001433", "is_canonical": true}, {"name": "Rukai-gí", "bcp_47_code": "nan", "locale_id": "lang:001296", "is_canonical": true}, {"name": "rukai", "bcp_47_code": "sv", "locale_id": "lang:004782", "is_canonical": true}, {"name": "idioma rukai", "bcp_47_code": "es", "locale_id": "lang:005944", "is_canonical": null}, {"name": "lengua rukai", "bcp_47_code": "es", "locale_id": "lang:005944", "is_canonical": null}, {"name": "lingua rukai", "bcp_47_code": "it", "locale_id": "lang:005147", "is_canonical": null}, {"name": "Lû-khái-ngî", "bcp_47_code": "hak", "locale_id": "lang:002711", "is_canonical": null}]