[{"name": "Sentani", "bcp_47_code": "en", "locale_id": "lang:004172", "is_canonical": true}, {"name": "bahasa Sentani", "bcp_47_code": "id", "locale_id": "lang:005344", "is_canonical": true}, {"name": "język sentani", "bcp_47_code": "pl", "locale_id": "lang:001433", "is_canonical": true}, {"name": "sentani jezik", "bcp_47_code": "hr", "locale_id": "lang:001280", "is_canonical": true}, {"name": "Lenga Sentani", "bcp_47_code": "pms", "locale_id": "lang:003480", "is_canonical": true}, {"name": "сентани", "bcp_47_code": "ru", "locale_id": "lang:006745", "is_canonical": true}, {"name": "Kisentani", "bcp_47_code": "sw", "locale_id": "lang:001597", "is_canonical": true}, {"name": "Sentani", "bcp_47_code": "ilo", "locale_id": "lang:007408", "is_canonical": true}, {"name": "sentani", "bcp_47_code": "fr", "locale_id": "lang:002512", "is_canonical": true}]