[{"name": "Oluta Popoluca", "bcp_47_code": "en", "locale_id": "lang:004172", "is_canonical": true}, {"name": "oluteco", "bcp_47_code": "es", "locale_id": "lang:005944", "is_canonical": true}, {"name": "oluta Lenga popoluca", "bcp_47_code": "pms", "locale_id": "lang:003480", "is_canonical": true}, {"name": "олутанский пополукский язык", "bcp_47_code": "ru", "locale_id": "lang:006745", "is_canonical": true}, {"name": "popoluca d'oluta", "bcp_47_code": "ca", "locale_id": "lang:000334", "is_canonical": true}, {"name": "popoluca de oluta", "bcp_47_code": "ast", "locale_id": "lang:006965", "is_canonical": true}, {"name": "popoluca d'oluta", "bcp_47_code": "fr", "locale_id": "lang:002512", "is_canonical": true}, {"name": "língua oluta popoluca", "bcp_47_code": "pt", "locale_id": "lang:001977", "is_canonical": true}, {"name": "idioma oluteco", "bcp_47_code": "es", "locale_id": "lang:005944", "is_canonical": null}, {"name": "Olutec", "bcp_47_code": "en", "locale_id": "lang:004172", "is_canonical": null}]