[{"name": "Cayuse", "bcp_47_code": "en", "locale_id": "lang:004172", "is_canonical": true}, {"name": "каюсе", "bcp_47_code": "ru", "locale_id": "lang:006745", "is_canonical": true}, {"name": "cayuse", "bcp_47_code": "fr", "locale_id": "lang:002512", "is_canonical": true}, {"name": "idioma cayuse", "bcp_47_code": "es", "locale_id": "lang:005944", "is_canonical": true}, {"name": "cayuse", "bcp_47_code": "ca", "locale_id": "lang:000334", "is_canonical": true}, {"name": "język cayuse", "bcp_47_code": "pl", "locale_id": "lang:001433", "is_canonical": true}, {"name": "kayouseg", "bcp_47_code": "br", "locale_id": "lang:003643", "is_canonical": true}, {"name": "lingua cayuse", "bcp_47_code": "it", "locale_id": "lang:005147", "is_canonical": true}, {"name": "קאיוסה", "bcp_47_code": "he", "locale_id": "lang:000780", "is_canonical": true}, {"name": "Cayuse", "bcp_47_code": "de", "locale_id": "lang:006636", "is_canonical": true}, {"name": "cayuse", "bcp_47_code": "vec", "locale_id": "lang:004329", "is_canonical": true}, {"name": "каюс", "bcp_47_code": "ru", "locale_id": "lang:006745", "is_canonical": null}, {"name": "llengua cayuse", "bcp_47_code": "ca", "locale_id": "lang:000334", "is_canonical": null}]