[{"name": "Baras", "bcp_47_code": "en", "locale_id": "lang:004172", "is_canonical": true}, {"name": "baras jezik", "bcp_47_code": "hr", "locale_id": "lang:001280", "is_canonical": true}, {"name": "Lenga baras", "bcp_47_code": "pms", "locale_id": "lang:003480", "is_canonical": true}, {"name": "Kibaras", "bcp_47_code": "sw", "locale_id": "lang:001597", "is_canonical": true}, {"name": "baras", "bcp_47_code": "fr", "locale_id": "lang:002512", "is_canonical": true}, {"name": "Baras", "bcp_47_code": "id", "locale_id": "lang:005344", "is_canonical": true}, {"name": "język baras", "bcp_47_code": "pl", "locale_id": "lang:001433", "is_canonical": true}, {"name": "bahasa Baras", "bcp_47_code": "id", "locale_id": "lang:005344", "is_canonical": null}]