[{"name": "Emai-Iuleha-Ora", "bcp_47_code": "en", "locale_id": "lang:004172", "is_canonical": true}, {"name": "Emai", "bcp_47_code": "en", "locale_id": "lang:004172", "is_canonical": null}, {"name": "Lenga Emai-Iuleha-Ora", "bcp_47_code": "pms", "locale_id": "lang:003480", "is_canonical": true}, {"name": "Ivbiosakon", "bcp_47_code": "de", "locale_id": "lang:006636", "is_canonical": true}, {"name": "Ivbiosakon", "bcp_47_code": "en", "locale_id": "lang:004172", "is_canonical": null}, {"name": "emai-iuleha-ora jezik", "bcp_47_code": "hr", "locale_id": "lang:001280", "is_canonical": true}, {"name": "emai-iuleha-ora", "bcp_47_code": "fr", "locale_id": "lang:002512", "is_canonical": true}, {"name": "emai", "bcp_47_code": "oc", "locale_id": "lang:003832", "is_canonical": true}]