[{"name": "асомали", "bcp_47_code": "ab", "locale_id": "lang:006291", "is_canonical": true}, {"name": "Somalies", "bcp_47_code": "af", "locale_id": "lang:006849", "is_canonical": true}, {"name": "Sòmalì", "bcp_47_code": "agq", "locale_id": "lang:004648", "is_canonical": true}, {"name": "Somalia kasa", "bcp_47_code": "ak", "locale_id": "lang:002020", "is_canonical": true}, {"name": "ሱማልኛ", "bcp_47_code": "am", "locale_id": "lang:000379", "is_canonical": true}, {"name": "الصومالية", "bcp_47_code": "ar", "locale_id": "lang:000884", "is_canonical": true}, {"name": "ছোমালি", "bcp_47_code": "as", "locale_id": "lang:003208", "is_canonical": true}, {"name": "Kithomali", "bcp_47_code": "asa", "locale_id": "lang:007029", "is_canonical": true}, {"name": "somalín", "bcp_47_code": "ast", "locale_id": "lang:006965", "is_canonical": true}, {"name": "somali", "bcp_47_code": "az", "locale_id": "lang:000492", "is_canonical": true}, {"name": "Hɔp u somàlî", "bcp_47_code": "bas", "locale_id": "lang:003426", "is_canonical": true}, {"name": "самалі", "bcp_47_code": "be", "locale_id": "lang:004942", "is_canonical": true}, {"name": "Ichi Somalia", "bcp_47_code": "bem", "locale_id": "lang:003222", "is_canonical": true}, {"name": "Hisomali", "bcp_47_code": "bez", "locale_id": "lang:005069", "is_canonical": true}, {"name": "сомалийски", "bcp_47_code": "bg", "locale_id": "lang:003294", "is_canonical": true}, {"name": "سومالی", "bcp_47_code": "bgn", "locale_id": "lang:004443", "is_canonical": true}, {"name": "somalikan", "bcp_47_code": "bm", "locale_id": "lang:005431", "is_canonical": true}, {"name": "সোমালি", "bcp_47_code": "bn", "locale_id": "lang:000178", "is_canonical": true}, {"name": "somali", "bcp_47_code": "br", "locale_id": "lang:003643", "is_canonical": true}, {"name": "स’माली", "bcp_47_code": "brx", "locale_id": "lang:003716", "is_canonical": true}, {"name": "somalski", "bcp_47_code": "bs", "locale_id": "lang:005177", "is_canonical": true}, {"name": "ሱማልኛ", "bcp_47_code": "byn", "locale_id": "lang:001586", "is_canonical": true}, {"name": "somali", "bcp_47_code": "ca", "locale_id": "lang:000334", "is_canonical": true}, {"name": "𑄥𑄮𑄟𑄣𑄨", "bcp_47_code": "ccp", "locale_id": "lang:004815", "is_canonical": true}, {"name": "сомали", "bcp_47_code": "ce", "locale_id": "lang:000120", "is_canonical": true}, {"name": "Orusomaari", "bcp_47_code": "cgg", "locale_id": "lang:005459", "is_canonical": true}, {"name": "ᏐᎹᎵ", "bcp_47_code": "chr", "locale_id": "lang:004490", "is_canonical": true}, {"name": "سۆمالی", "bcp_47_code": "ckb", "locale_id": "lang:002255", "is_canonical": true}, {"name": "somálština", "bcp_47_code": "cs", "locale_id": "lang:007371", "is_canonical": true}, {"name": "Somaleg", "bcp_47_code": "cy", "locale_id": "lang:005257", "is_canonical": true}, {"name": "somali", "bcp_47_code": "da", "locale_id": "lang:006478", "is_canonical": true}, {"name": "Kisomali", "bcp_47_code": "dav", "locale_id": "lang:003374", "is_canonical": true}, {"name": "Somali", "bcp_47_code": "de", "locale_id": "lang:006636", "is_canonical": true}, {"name": "Somaali senni", "bcp_47_code": "dje", "locale_id": "lang:004856", "is_canonical": true}, {"name": "somališćina", "bcp_47_code": "dsb", "locale_id": "lang:007093", "is_canonical": true}, {"name": "somali", "bcp_47_code": "dyo", "locale_id": "lang:003346", "is_canonical": true}, {"name": "སོ་མ་ལི་ཁ", "bcp_47_code": "dz", "locale_id": "lang:001019", "is_canonical": true}, {"name": "Kĩsomali", "bcp_47_code": "ebu", "locale_id": "lang:007173", "is_canonical": true}, {"name": "somaliagbe", "bcp_47_code": "ee", "locale_id": "lang:007099", "is_canonical": true}, {"name": "Σομαλικά", "bcp_47_code": "el", "locale_id": "lang:002331", "is_canonical": true}, {"name": "somala", "bcp_47_code": "eo", "locale_id": "lang:001065", "is_canonical": true}, {"name": "somalí", "bcp_47_code": "es", "locale_id": "lang:005944", "is_canonical": true}, {"name": "somaali", "bcp_47_code": "et", "locale_id": "lang:007279", "is_canonical": true}, {"name": "somaliera", "bcp_47_code": "eu", "locale_id": "lang:004920", "is_canonical": true}, {"name": "ǹkɔ́bɔ somália", "bcp_47_code": "ewo", "locale_id": "lang:001026", "is_canonical": true}, {"name": "سومالیایی", "bcp_47_code": "fa", "locale_id": "lang:005211", "is_canonical": true}, {"name": "Somalii", "bcp_47_code": "ff", "locale_id": "lang:002404", "is_canonical": true}, {"name": "somali", "bcp_47_code": "fi", "locale_id": "lang:005250", "is_canonical": true}, {"name": "Somali", "bcp_47_code": "fil", "locale_id": "lang:004854", "is_canonical": true}, {"name": "somaliskt", "bcp_47_code": "fo", "locale_id": "lang:005789", "is_canonical": true}, {"name": "somali", "bcp_47_code": "fr", "locale_id": "lang:002512", "is_canonical": true}, {"name": "somal", "bcp_47_code": "fur", "locale_id": "lang:004668", "is_canonical": true}, {"name": "Somalysk", "bcp_47_code": "fy", "locale_id": "lang:000608", "is_canonical": true}, {"name": "Somáilis", "bcp_47_code": "ga", "locale_id": "lang:005513", "is_canonical": true}, {"name": "Somàilis", "bcp_47_code": "gd", "locale_id": "lang:005113", "is_canonical": true}, {"name": "ሱማልኛ", "bcp_47_code": "gez", "locale_id": null, "is_canonical": true}, {"name": "somalí", "bcp_47_code": "gl", "locale_id": "lang:006921", "is_canonical": true}, {"name": "Somali", "bcp_47_code": "gsw", "locale_id": "lang:006414", "is_canonical": true}, {"name": "સોમાલી", "bcp_47_code": "gu", "locale_id": "lang:006797", "is_canonical": true}, {"name": "Kisomali", "bcp_47_code": "guz", "locale_id": "lang:004898", "is_canonical": true}, {"name": "Somalianci", "bcp_47_code": "ha", "locale_id": "lang:006769", "is_canonical": true}, {"name": "סומלית", "bcp_47_code": "he", "locale_id": "lang:000780", "is_canonical": true}, {"name": "सोमाली", "bcp_47_code": "hi", "locale_id": "lang:005010", "is_canonical": true}, {"name": "somalski", "bcp_47_code": "hr", "locale_id": "lang:001280", "is_canonical": true}, {"name": "somališćina", "bcp_47_code": "hsb", "locale_id": "lang:002868", "is_canonical": true}, {"name": "szomáli", "bcp_47_code": "hu", "locale_id": "lang:004445", "is_canonical": true}, {"name": "սոմալիերեն", "bcp_47_code": "hy", "locale_id": "lang:006918", "is_canonical": true}, {"name": "somali", "bcp_47_code": "ia", "locale_id": "lang:008680", "is_canonical": true}, {"name": "Somalia", "bcp_47_code": "id", "locale_id": "lang:005344", "is_canonical": true}, {"name": "Somali", "bcp_47_code": "ig", "locale_id": "lang:002832", "is_canonical": true}, {"name": "sómalska", "bcp_47_code": "is", "locale_id": "lang:006417", "is_canonical": true}, {"name": "somalo", "bcp_47_code": "it", "locale_id": "lang:005147", "is_canonical": true}, {"name": "ソマリ語", "bcp_47_code": "ja", "locale_id": "lang:005185", "is_canonical": true}, {"name": "Kyisomalyi", "bcp_47_code": "jmc", "locale_id": "lang:001895", "is_canonical": true}, {"name": "Somalia", "bcp_47_code": "jv", "locale_id": "lang:006418", "is_canonical": true}, {"name": "სომალიური", "bcp_47_code": "ka", "locale_id": "lang:005687", "is_canonical": true}, {"name": "Taṣumalit", "bcp_47_code": "kab", "locale_id": "lang:002124", "is_canonical": true}, {"name": "Kisomali", "bcp_47_code": "kam", "locale_id": "lang:003568", "is_canonical": true}, {"name": "Chisomali", "bcp_47_code": "kde", "locale_id": "lang:007289", "is_canonical": true}, {"name": "somali", "bcp_47_code": "kea", "locale_id": "lang:000423", "is_canonical": true}, {"name": "somỹri", "bcp_47_code": "kgp", "locale_id": "lang:005254", "is_canonical": true}, {"name": "Somaali senni", "bcp_47_code": "khq", "locale_id": "lang:006293", "is_canonical": true}, {"name": "Kĩcumarĩ", "bcp_47_code": "ki", "locale_id": "lang:005415", "is_canonical": true}, {"name": "сомали тілі", "bcp_47_code": "kk", "locale_id": "lang:001017", "is_canonical": true}, {"name": "kutitab Somaliek", "bcp_47_code": "kln", "locale_id": "lang:002016", "is_canonical": true}, {"name": "សូម៉ាលី", "bcp_47_code": "km", "locale_id": "lang:000690", "is_canonical": true}, {"name": "ಸೊಮಾಲಿ", "bcp_47_code": "kn", "locale_id": "lang:006289", "is_canonical": true}, {"name": "소말리아어", "bcp_47_code": "ko", "locale_id": "lang:000685", "is_canonical": true}, {"name": "सोमाली", "bcp_47_code": "kok", "locale_id": "lang:001978", "is_canonical": true}, {"name": "سومٲلی", "bcp_47_code": "ks", "locale_id": "lang:004361", "is_canonical": true}, {"name": "Kisomali", "bcp_47_code": "ksb", "locale_id": "lang:004590", "is_canonical": true}, {"name": "risomalí", "bcp_47_code": "ksf", "locale_id": "lang:007111", "is_canonical": true}, {"name": "Somahlesch", "bcp_47_code": "ksh", "locale_id": "lang:000776", "is_canonical": true}, {"name": "somalî", "bcp_47_code": "ku", "locale_id": "lang:003565", "is_canonical": true}, {"name": "сомаличе", "bcp_47_code": "ky", "locale_id": "lang:003193", "is_canonical": true}, {"name": "Somalica", "bcp_47_code": "la", "locale_id": "lang:016110", "is_canonical": true}, {"name": "Kɨsómáali", "bcp_47_code": "lag", "locale_id": "lang:000744", "is_canonical": true}, {"name": "Somali", "bcp_47_code": "lb", "locale_id": "lang:003324", "is_canonical": true}, {"name": "Lusomaliya", "bcp_47_code": "lg", "locale_id": "lang:001842", "is_canonical": true}, {"name": "sòmalo", "bcp_47_code": "lij", "locale_id": "lang:004453", "is_canonical": true}, {"name": "Somali Iyápi", "bcp_47_code": "lkt", "locale_id": "lang:002236", "is_canonical": true}, {"name": "lisomali", "bcp_47_code": "ln", "locale_id": "lang:005075", "is_canonical": true}, {"name": "ໂຊມາລີ", "bcp_47_code": "lo", "locale_id": "lang:002848", "is_canonical": true}, {"name": "سوٙمالی", "bcp_47_code": "lrc", "locale_id": "lang:001958", "is_canonical": true}, {"name": "somaliečių", "bcp_47_code": "lt", "locale_id": "lang:000996", "is_canonical": true}, {"name": "Lisomali", "bcp_47_code": "lu", "locale_id": "lang:001871", "is_canonical": true}, {"name": "Kisomali", "bcp_47_code": "luo", "locale_id": "lang:004339", "is_canonical": true}, {"name": "Kisomali", "bcp_47_code": "luy", "locale_id": "lang:004004", "is_canonical": true}, {"name": "somāļu", "bcp_47_code": "lv", "locale_id": "lang:006606", "is_canonical": true}, {"name": "सोमाली", "bcp_47_code": "mai", "locale_id": "lang:005797", "is_canonical": true}, {"name": "nkʉtʉ́k ɔ́ɔ̄ lchumari", "bcp_47_code": "mas", "locale_id": "lang:004935", "is_canonical": true}, {"name": "Kĩsomali", "bcp_47_code": "mer", "locale_id": "lang:001566", "is_canonical": true}, {"name": "somali", "bcp_47_code": "mfe", "locale_id": "lang:003300", "is_canonical": true}, {"name": "Somalianina", "bcp_47_code": "mg", "locale_id": "lang:001318", "is_canonical": true}, {"name": "Isomali", "bcp_47_code": "mgh", "locale_id": "lang:001239", "is_canonical": true}, {"name": "Hamāri", "bcp_47_code": "mi", "locale_id": "lang:005897", "is_canonical": true}, {"name": "сомалиски", "bcp_47_code": "mk", "locale_id": "lang:001683", "is_canonical": true}, {"name": "സോമാലി", "bcp_47_code": "ml", "locale_id": "lang:001880", "is_canonical": true}, {"name": "сомали", "bcp_47_code": "mn", "locale_id": "lang:005506", "is_canonical": true}, {"name": "सोमाली", "bcp_47_code": "mr", "locale_id": "lang:003376", "is_canonical": true}, {"name": "Somali", "bcp_47_code": "ms", "locale_id": "lang:001263", "is_canonical": true}, {"name": "Somali", "bcp_47_code": "mt", "locale_id": "lang:004371", "is_canonical": true}, {"name": "Somaliya", "bcp_47_code": "mua", "locale_id": "lang:002575", "is_canonical": true}, {"name": "ဆိုမာလီ", "bcp_47_code": "my", "locale_id": "lang:004196", "is_canonical": true}, {"name": "سومالیایی", "bcp_47_code": "mzn", "locale_id": "lang:005912", "is_canonical": true}, {"name": "Somaliǁî gowab", "bcp_47_code": "naq", "locale_id": "lang:003962", "is_canonical": true}, {"name": "isi-Somali", "bcp_47_code": "nd", "locale_id": "lang:004207", "is_canonical": true}, {"name": "Somaalsch", "bcp_47_code": "nds", "locale_id": "lang:001710", "is_canonical": true}, {"name": "सोमाली", "bcp_47_code": "ne", "locale_id": "lang:004630", "is_canonical": true}, {"name": "Somalisch", "bcp_47_code": "nl", "locale_id": "lang:006448", "is_canonical": true}, {"name": "Kiɛl somaliā", "bcp_47_code": "nmg", "locale_id": "lang:003100", "is_canonical": true}, {"name": "somali", "bcp_47_code": "no", "locale_id": "lang:002536", "is_canonical": true}, {"name": "ߛߏߡߊߟߌߞߊ߲", "bcp_47_code": "nqo", "locale_id": "lang:006401", "is_canonical": true}, {"name": "Thok thomaaliani", "bcp_47_code": "nus", "locale_id": "lang:004151", "is_canonical": true}, {"name": "Orusomaari", "bcp_47_code": "nyn", "locale_id": "lang:004636", "is_canonical": true}, {"name": "somali", "bcp_47_code": "oc", "locale_id": "lang:003832", "is_canonical": true}, {"name": "ସୋମାଲିଆ", "bcp_47_code": "or", "locale_id": "lang:001930", "is_canonical": true}, {"name": "ਸੋਮਾਲੀ", "bcp_47_code": "pa", "locale_id": "lang:003658", "is_canonical": true}, {"name": "Sọmáli", "bcp_47_code": "pcm", "locale_id": "lang:002108", "is_canonical": true}, {"name": "somalijski", "bcp_47_code": "pl", "locale_id": "lang:001433", "is_canonical": true}, {"name": "سومالي", "bcp_47_code": "ps", "locale_id": "lang:006281", "is_canonical": true}, {"name": "somali", "bcp_47_code": "pt", "locale_id": "lang:001977", "is_canonical": true}, {"name": "Somali Simi", "bcp_47_code": "qu", "locale_id": "lang:000991", "is_canonical": true}, {"name": "somali", "bcp_47_code": "rm", "locale_id": "lang:004318", "is_canonical": true}, {"name": "Igisomali", "bcp_47_code": "rn", "locale_id": "lang:006276", "is_canonical": true}, {"name": "somaleză", "bcp_47_code": "ro", "locale_id": "lang:006592", "is_canonical": true}, {"name": "Kisomali", "bcp_47_code": "rof", "locale_id": "lang:006768", "is_canonical": true}, {"name": "сомали", "bcp_47_code": "ru", "locale_id": "lang:006745", "is_canonical": true}, {"name": "Igisomali", "bcp_47_code": "rw", "locale_id": "lang:005054", "is_canonical": true}, {"name": "Kyisomalyi", "bcp_47_code": "rwk", "locale_id": "lang:007338", "is_canonical": true}, {"name": "Kisomali", "bcp_47_code": "saq", "locale_id": "lang:006513", "is_canonical": true}, {"name": "ᱥᱚᱢᱟᱞᱤ", "bcp_47_code": "sat", "locale_id": "lang:006025", "is_canonical": true}, {"name": "Ishisomali", "bcp_47_code": "sbp", "locale_id": "lang:003813", "is_canonical": true}, {"name": "sòmalu", "bcp_47_code": "sc", "locale_id": "lang:000376", "is_canonical": true}, {"name": "sòmalu", "bcp_47_code": "scn", "locale_id": "lang:002425", "is_canonical": true}, {"name": "سومالي", "bcp_47_code": "sd", "locale_id": "lang:002987", "is_canonical": true}, {"name": "somali", "bcp_47_code": "seh", "locale_id": "lang:002170", "is_canonical": true}, {"name": "Somaali senni", "bcp_47_code": "ses", "locale_id": "lang:002112", "is_canonical": true}, {"name": "Somalïi", "bcp_47_code": "sg", "locale_id": "lang:004056", "is_canonical": true}, {"name": "ⵜⴰⵙⵓⵎⴰⵍⵉⵜ", "bcp_47_code": "shi", "locale_id": "lang:002825", "is_canonical": true}, {"name": "සෝමාලි", "bcp_47_code": "si", "locale_id": "lang:000326", "is_canonical": true}, {"name": "somálčina", "bcp_47_code": "sk", "locale_id": "lang:005464", "is_canonical": true}, {"name": "somalščina", "bcp_47_code": "sl", "locale_id": "lang:004352", "is_canonical": true}, {"name": "somalikielâ", "bcp_47_code": "smn", "locale_id": "lang:000203", "is_canonical": true}, {"name": "chiSomali", "bcp_47_code": "sn", "locale_id": "lang:001441", "is_canonical": true}, {"name": "somalisht", "bcp_47_code": "sq", "locale_id": "lang:006275", "is_canonical": true}, {"name": "сомалски", "bcp_47_code": "sr", "locale_id": "lang:002701", "is_canonical": true}, {"name": "somaliska", "bcp_47_code": "sv", "locale_id": "lang:004782", "is_canonical": true}, {"name": "Kisomali", "bcp_47_code": "sw", "locale_id": "lang:001597", "is_canonical": true}, {"name": "sōmalijski", "bcp_47_code": "szl", "locale_id": "lang:002207", "is_canonical": true}, {"name": "சோமாலி", "bcp_47_code": "ta", "locale_id": "lang:002996", "is_canonical": true}, {"name": "సోమాలి", "bcp_47_code": "te", "locale_id": "lang:000508", "is_canonical": true}, {"name": "Kisomali", "bcp_47_code": "teo", "locale_id": "lang:002338", "is_canonical": true}, {"name": "сомалӣ", "bcp_47_code": "tg", "locale_id": "lang:002532", "is_canonical": true}, {"name": "โซมาลี", "bcp_47_code": "th", "locale_id": "lang:000248", "is_canonical": true}, {"name": "ሶማሊ", "bcp_47_code": "ti", "locale_id": "lang:002196", "is_canonical": true}, {"name": "ሱማልኛ", "bcp_47_code": "tig", "locale_id": "lang:005434", "is_canonical": true}, {"name": "somali dili", "bcp_47_code": "tk", "locale_id": "lang:002001", "is_canonical": true}, {"name": "lea fakasomali", "bcp_47_code": "to", "locale_id": "lang:006037", "is_canonical": true}, {"name": "Somalice", "bcp_47_code": "tr", "locale_id": "lang:000917", "is_canonical": true}, {"name": "сомали", "bcp_47_code": "tt", "locale_id": "lang:003939", "is_canonical": true}, {"name": "Somaali senni", "bcp_47_code": "twq", "locale_id": "lang:005507", "is_canonical": true}, {"name": "Taṣumalit", "bcp_47_code": "tzm", "locale_id": "lang:003406", "is_canonical": true}, {"name": "سومالىچە", "bcp_47_code": "ug", "locale_id": "lang:003330", "is_canonical": true}, {"name": "сомалі", "bcp_47_code": "uk", "locale_id": "lang:001994", "is_canonical": true}, {"name": "صومالی", "bcp_47_code": "ur", "locale_id": "lang:001103", "is_canonical": true}, {"name": "somalicha", "bcp_47_code": "uz", "locale_id": "lang:003386", "is_canonical": true}, {"name": "ꖇꕮꔷ", "bcp_47_code": "vai", "locale_id": "lang:004899", "is_canonical": true}, {"name": "tiếng Somali", "bcp_47_code": "vi", "locale_id": "lang:004523", "is_canonical": true}, {"name": "Kyisomalyi", "bcp_47_code": "vun", "locale_id": "lang:004644", "is_canonical": true}, {"name": "Somališ", "bcp_47_code": "wae", "locale_id": "lang:001423", "is_canonical": true}, {"name": "Somali", "bcp_47_code": "wo", "locale_id": "lang:003933", "is_canonical": true}, {"name": "isiSomaliya", "bcp_47_code": "xh", "locale_id": "lang:002158", "is_canonical": true}, {"name": "Olusomaliya", "bcp_47_code": "xog", "locale_id": "lang:000562", "is_canonical": true}, {"name": "nusomalíɛ", "bcp_47_code": "yav", "locale_id": "lang:004426", "is_canonical": true}, {"name": "סאמאַליש", "bcp_47_code": "yi", "locale_id": "lang:002081", "is_canonical": true}, {"name": "Èdè ara Somalia", "bcp_47_code": "yo", "locale_id": "lang:003132", "is_canonical": true}, {"name": "sumari", "bcp_47_code": "yrl", "locale_id": "lang:006863", "is_canonical": true}, {"name": "索馬利文", "bcp_47_code": "yue", "locale_id": "lang:005108", "is_canonical": true}, {"name": "ⵜⴰⵙⵓⵎⴰⵍⵉⵜ", "bcp_47_code": "zgh", "locale_id": "lang:000663", "is_canonical": true}, {"name": "索马里语", "bcp_47_code": "cmn", "locale_id": "lang:004378", "is_canonical": true}, {"name": "isi-Somali", "bcp_47_code": "zu", "locale_id": "lang:007247", "is_canonical": true}, {"name": "ሶማልኛ", "bcp_47_code": "am", "locale_id": "lang:000379", "is_canonical": null}, {"name": "Somali dili", "bcp_47_code": "az", "locale_id": "lang:000492", "is_canonical": null}, {"name": "самалійская мова", "bcp_47_code": "be", "locale_id": "lang:004942", "is_canonical": null}, {"name": "сомалийски език", "bcp_47_code": "bg", "locale_id": "lang:003294", "is_canonical": null}, {"name": "সোমালি ভাষা", "bcp_47_code": "bn", "locale_id": "lang:000178", "is_canonical": null}, {"name": "somalieg", "bcp_47_code": "br", "locale_id": "lang:003643", "is_canonical": null}, {"name": "زمانی سۆمالی", "bcp_47_code": "ckb", "locale_id": "lang:002255", "is_canonical": null}, {"name": "somala lingvo", "bcp_47_code": "eo", "locale_id": "lang:001065", "is_canonical": null}, {"name": "somaali keel", "bcp_47_code": "et", "locale_id": "lang:007279", "is_canonical": null}, {"name": "somalin kieli", "bcp_47_code": "fi", "locale_id": "lang:005250", "is_canonical": null}, {"name": "Lingua somalí", "bcp_47_code": "gl", "locale_id": "lang:006921", "is_canonical": null}, {"name": "सोमाली भाषा", "bcp_47_code": "hi", "locale_id": "lang:005010", "is_canonical": null}, {"name": "Somali bhasa", "bcp_47_code": "hif", "locale_id": "lang:004553", "is_canonical": true}, {"name": "somalski jezik", "bcp_47_code": "hr", "locale_id": "lang:001280", "is_canonical": null}, {"name": "bahasa Somali", "bcp_47_code": "id", "locale_id": "lang:005344", "is_canonical": null}, {"name": "Somaliana linguo", "bcp_47_code": "io", "locale_id": "lang:009754", "is_canonical": true}, {"name": "Basa Somali", "bcp_47_code": "jv", "locale_id": "lang:006418", "is_canonical": null}, {"name": "სომალი ენა", "bcp_47_code": "ka", "locale_id": "lang:005687", "is_canonical": null}, {"name": "소말리어", "bcp_47_code": "ko", "locale_id": "lang:000685", "is_canonical": null}, {"name": "Сомали кыв", "bcp_47_code": "kv", "locale_id": "lang:000812", "is_canonical": true}, {"name": "lingua Somalica", "bcp_47_code": "la", "locale_id": "lang:016110", "is_canonical": null}, {"name": "somāļu valoda", "bcp_47_code": "lv", "locale_id": "lang:006606", "is_canonical": null}, {"name": "सोमाली भाषा", "bcp_47_code": "mr", "locale_id": "lang:003376", "is_canonical": null}, {"name": "Bahasa Somali", "bcp_47_code": "ms", "locale_id": "lang:001263", "is_canonical": null}, {"name": "सोमाली भाषा", "bcp_47_code": "new", "locale_id": "lang:004118", "is_canonical": true}, {"name": "somali", "bcp_47_code": "nn", "locale_id": "lang:005019", "is_canonical": true}, {"name": "język somalijski", "bcp_47_code": "pl", "locale_id": "lang:001433", "is_canonical": null}, {"name": "Lenga sòmala", "bcp_47_code": "pms", "locale_id": "lang:003480", "is_canonical": true}, {"name": "صومالی", "bcp_47_code": "pnb", "locale_id": "lang:003334", "is_canonical": true}, {"name": "língua somali", "bcp_47_code": "pt", "locale_id": "lang:001977", "is_canonical": null}, {"name": "Sumali simi", "bcp_47_code": "qu", "locale_id": "lang:000991", "is_canonical": null}, {"name": "limba somaleză", "bcp_47_code": "ro", "locale_id": "lang:006592", "is_canonical": null}, {"name": "сомалийский язык", "bcp_47_code": "ru", "locale_id": "lang:006745", "is_canonical": null}, {"name": "Somali leid", "bcp_47_code": "sco", "locale_id": "lang:003876", "is_canonical": true}, {"name": "Af-Soomaali", "bcp_47_code": "so", "locale_id": "lang:000435", "is_canonical": null}, {"name": "சோமாலி மொழி", "bcp_47_code": "ta", "locale_id": "lang:002996", "is_canonical": null}, {"name": "ภาษาโซมาลี", "bcp_47_code": "th", "locale_id": "lang:000248", "is_canonical": null}, {"name": "сомалійська мова", "bcp_47_code": "uk", "locale_id": "lang:001994", "is_canonical": null}, {"name": "صومالی زبان", "bcp_47_code": "ur", "locale_id": "lang:001103", "is_canonical": null}, {"name": "tiếng Somalia", "bcp_47_code": "vi", "locale_id": "lang:004523", "is_canonical": null}, {"name": "Èdè Somalí", "bcp_47_code": "yo", "locale_id": "lang:003132", "is_canonical": null}, {"name": "索馬里語", "bcp_47_code": "cmn", "locale_id": "lang:004378", "is_canonical": null}, {"name": "somali", "bcp_47_code": "nb", "locale_id": "lang:000958", "is_canonical": true}, {"name": "زبان سومالیایی", "bcp_47_code": "fa", "locale_id": "lang:005211", "is_canonical": null}, {"name": "somalski jezik", "bcp_47_code": "sh", "locale_id": "lang:003245", "is_canonical": true}, {"name": "сомалиски јазик", "bcp_47_code": "mk", "locale_id": "lang:001683", "is_canonical": null}, {"name": "сомалски језик", "bcp_47_code": "sr", "locale_id": "lang:002701", "is_canonical": null}, {"name": "സൊമാലി ഭാഷ", "bcp_47_code": "ml", "locale_id": "lang:001880", "is_canonical": null}, {"name": "сомалийн мотт", "bcp_47_code": "ce", "locale_id": "lang:000120", "is_canonical": null}, {"name": "somalių kalba", "bcp_47_code": "lt", "locale_id": "lang:000996", "is_canonical": null}, {"name": "索馬利亞語", "bcp_47_code": "cmn", "locale_id": "lang:004378", "is_canonical": null}, {"name": "索馬里文", "bcp_47_code": "yue", "locale_id": "lang:005108", "is_canonical": null}, {"name": "Сомали тили", "bcp_47_code": "ky", "locale_id": "lang:003193", "is_canonical": null}, {"name": "Somali", "bcp_47_code": "pap", "locale_id": "lang:002895", "is_canonical": true}, {"name": "Gjuha somaleze", "bcp_47_code": "sq", "locale_id": "lang:006275", "is_canonical": null}, {"name": "სომალური ნინა", "bcp_47_code": "xmf", "locale_id": "lang:002772", "is_canonical": true}, {"name": "Wikang Somali", "bcp_47_code": "tl", "locale_id": "lang:002540", "is_canonical": true}, {"name": "الصومالي", "bcp_47_code": "aeb", "locale_id": "lang:006749", "is_canonical": true}, {"name": "Somalänapük", "bcp_47_code": "vo", "locale_id": "lang:008677", "is_canonical": true}, {"name": "Somali-gí", "bcp_47_code": "nan", "locale_id": "lang:001296", "is_canonical": true}, {"name": "Limba sòmala", "bcp_47_code": "sc", "locale_id": "lang:000376", "is_canonical": null}, {"name": "Somaali", "bcp_47_code": "frr", "locale_id": "lang:007274", "is_canonical": true}, {"name": "An tSomáilis", "bcp_47_code": "ga", "locale_id": "lang:005513", "is_canonical": null}, {"name": "somali", "bcp_47_code": "lfn", "locale_id": null, "is_canonical": true}, {"name": "Somalieg", "bcp_47_code": "cy", "locale_id": "lang:005257", "is_canonical": null}, {"name": "Fiteny somaly", "bcp_47_code": "mg", "locale_id": "lang:001318", "is_canonical": null}, {"name": "索马里语", "bcp_47_code": "wuu", "locale_id": "lang:006830", "is_canonical": true}, {"name": "الصوماليه", "bcp_47_code": "arz", "locale_id": "lang:004060", "is_canonical": true}, {"name": "سومالیایي ژبه", "bcp_47_code": "ps", "locale_id": "lang:006281", "is_canonical": null}, {"name": "somaligiella", "bcp_47_code": "se", "locale_id": "lang:000771", "is_canonical": true}, {"name": "ᱥᱳᱢᱟᱞᱤ ᱯᱟᱹᱨᱥᱤ", "bcp_47_code": "sat", "locale_id": "lang:006025", "is_canonical": null}, {"name": "сомали кыл", "bcp_47_code": "udm", "locale_id": "lang:005491", "is_canonical": true}, {"name": "забони сомалиягӣ", "bcp_47_code": "tg", "locale_id": "lang:002532", "is_canonical": null}, {"name": "صومالي ٻولي", "bcp_47_code": "sd", "locale_id": "lang:002987", "is_canonical": null}, {"name": "sòmało", "bcp_47_code": "vec", "locale_id": "lang:004329", "is_canonical": true}, {"name": "somaalǩiõll", "bcp_47_code": "sms", "locale_id": "lang:001931", "is_canonical": true}, {"name": "Somalikondre", "bcp_47_code": "srn", "locale_id": "lang:006665", "is_canonical": true}, {"name": "Sōmalisc spræc", "bcp_47_code": "ang", "locale_id": null, "is_canonical": true}, {"name": "Сомали теле", "bcp_47_code": "tt", "locale_id": "lang:003939", "is_canonical": null}, {"name": "Asusu Somali", "bcp_47_code": "ig", "locale_id": "lang:002832", "is_canonical": null}, {"name": "Somali tili", "bcp_47_code": "kaa", "locale_id": "lang:000630", "is_canonical": true}, {"name": "toki Somalija", "bcp_47_code": "tok", "locale_id": null, "is_canonical": true}, {"name": "सोमाली भाषा", "bcp_47_code": "anp", "locale_id": "lang:007347", "is_canonical": true}, {"name": "Afaan Somaalee", "bcp_47_code": "om", "locale_id": "lang:000417", "is_canonical": true}, {"name": "ဆိုမာလီယာ သမ္မတနိုင်ငံ", "bcp_47_code": "rki", "locale_id": "lang:001770", "is_canonical": true}, {"name": "Somali Af Soomaali", "bcp_47_code": "en", "locale_id": "lang:004172", "is_canonical": null}, {"name": "somalisk", "bcp_47_code": "nb", "locale_id": "lang:000958", "is_canonical": null}, {"name": "lingua sòmala", "bcp_47_code": "scn", "locale_id": "lang:002425", "is_canonical": null}, {"name": "lingua somala", "bcp_47_code": "it", "locale_id": "lang:005147", "is_canonical": null}, {"name": "لغة صومالية", "bcp_47_code": "ar", "locale_id": "lang:000884", "is_canonical": null}, {"name": "اللغة الصومالية", "bcp_47_code": "ar", "locale_id": "lang:000884", "is_canonical": null}, {"name": "صومالية", "bcp_47_code": "ar", "locale_id": "lang:000884", "is_canonical": null}, {"name": "somali", "bcp_47_code": "es", "locale_id": "lang:005944", "is_canonical": null}, {"name": "Σομαλική γλώσσα", "bcp_47_code": "el", "locale_id": "lang:002331", "is_canonical": null}, {"name": "somali", "bcp_47_code": "ro", "locale_id": "lang:006592", "is_canonical": null}, {"name": "limba somali", "bcp_47_code": "ro", "locale_id": "lang:006592", "is_canonical": null}, {"name": "somaleza", "bcp_47_code": "ro", "locale_id": "lang:006592", "is_canonical": null}, {"name": "сомали", "bcp_47_code": "udm", "locale_id": "lang:005491", "is_canonical": null}, {"name": "Somalisch", "bcp_47_code": "de", "locale_id": "lang:006636", "is_canonical": null}, {"name": "забони сомалӣ", "bcp_47_code": "tg", "locale_id": "lang:002532", "is_canonical": null}, {"name": "забони сомалиёӣ", "bcp_47_code": "tg", "locale_id": "lang:002532", "is_canonical": null}, {"name": "somaliǩiõll", "bcp_47_code": "sms", "locale_id": "lang:001931", "is_canonical": null}, {"name": "સોમાલી ભાષા", "bcp_47_code": "gu", "locale_id": "lang:006797", "is_canonical": null}, {"name": "idioma somalí", "bcp_47_code": "es", "locale_id": "lang:005944", "is_canonical": null}, {"name": "ภาษาโซมาเลีย", "bcp_47_code": "th", "locale_id": "lang:000248", "is_canonical": null}, {"name": "Soomaali", "bcp_47_code": "so", "locale_id": "lang:000435", "is_canonical": true}, {"name": "Somali", "bcp_47_code": "en", "locale_id": "lang:004172", "is_canonical": true}, {"name": "Soomaaliga", "bcp_47_code": "so", "locale_id": "lang:000435", "is_canonical": false}]