[{"name": "Koibal", "bcp_47_code": "en", "locale_id": "lang:004172", "is_canonical": true}, {"name": "Samoyed Koibal", "bcp_47_code": "en", "locale_id": "lang:004172", "is_canonical": true}, {"name": "idioma koibal", "bcp_47_code": "es", "locale_id": "lang:005944", "is_canonical": true}, {"name": "койбальский язык", "bcp_47_code": "ru", "locale_id": "lang:006745", "is_canonical": true}, {"name": "коибалски јазик", "bcp_47_code": "mk", "locale_id": "lang:001683", "is_canonical": true}, {"name": "Kuoibalu kalba", "bcp_47_code": "sgs", "locale_id": "lang:005783", "is_canonical": true}, {"name": "koibalų kalba", "bcp_47_code": "lt", "locale_id": "lang:000996", "is_canonical": true}, {"name": "koibal", "bcp_47_code": "fr", "locale_id": "lang:002512", "is_canonical": true}, {"name": "койбальська мова", "bcp_47_code": "uk", "locale_id": "lang:001994", "is_canonical": true}, {"name": "koibali keel", "bcp_47_code": "et", "locale_id": "lang:007279", "is_canonical": true}, {"name": "koibala dialekto", "bcp_47_code": "eo", "locale_id": "lang:001065", "is_canonical": true}, {"name": "Koibalana linguo", "bcp_47_code": "io", "locale_id": "lang:009754", "is_canonical": true}, {"name": "Koybal", "bcp_47_code": "en", "locale_id": "lang:004172", "is_canonical": null}, {"name": "Koibal Dialect", "bcp_47_code": "en", "locale_id": "lang:004172", "is_canonical": null}]