[{"name": "Siona", "bcp_47_code": "en", "locale_id": "lang:004172", "is_canonical": true}, {"name": "Siona-Tetete", "bcp_47_code": "en", "locale_id": "lang:004172", "is_canonical": true}, {"name": "siona", "bcp_47_code": "fr", "locale_id": "lang:002512", "is_canonical": true}, {"name": "Lenga siona", "bcp_47_code": "pms", "locale_id": "lang:003480", "is_canonical": true}, {"name": "сиона", "bcp_47_code": "ru", "locale_id": "lang:006745", "is_canonical": true}, {"name": "西奥纳语", "bcp_47_code": "cmn", "locale_id": "lang:004378", "is_canonical": true}, {"name": "siona keel", "bcp_47_code": "et", "locale_id": "lang:007279", "is_canonical": true}, {"name": "Wikang Siona", "bcp_47_code": "tl", "locale_id": "lang:002540", "is_canonical": true}, {"name": "língua siona", "bcp_47_code": "pt", "locale_id": "lang:001977", "is_canonical": true}, {"name": "сыёна", "bcp_47_code": "be", "locale_id": "lang:004942", "is_canonical": true}, {"name": "Lingua siona", "bcp_47_code": "gl", "locale_id": "lang:006921", "is_canonical": true}, {"name": "siona", "bcp_47_code": "ca", "locale_id": "lang:000334", "is_canonical": true}, {"name": "sionan kieli", "bcp_47_code": "fi", "locale_id": "lang:005250", "is_canonical": true}]