[{"name": "Worimi", "bcp_47_code": "en", "locale_id": "lang:004172", "is_canonical": true}, {"name": "Lenga worimi", "bcp_47_code": "pms", "locale_id": "lang:003480", "is_canonical": true}, {"name": "worimi", "bcp_47_code": "sv", "locale_id": "lang:004782", "is_canonical": true}, {"name": "Kiworimi", "bcp_47_code": "sw", "locale_id": "lang:001597", "is_canonical": true}, {"name": "idioma worimi", "bcp_47_code": "es", "locale_id": "lang:005944", "is_canonical": true}, {"name": "Gadjang", "bcp_47_code": "en", "locale_id": "lang:004172", "is_canonical": null}, {"name": "Kutthung", "bcp_47_code": "en", "locale_id": "lang:004172", "is_canonical": null}, {"name": "Gadhang", "bcp_47_code": "en", "locale_id": "lang:004172", "is_canonical": null}, {"name": "Gathang", "bcp_47_code": "en", "locale_id": "lang:004172", "is_canonical": null}, {"name": "Gadang", "bcp_47_code": "en", "locale_id": "lang:004172", "is_canonical": null}]