[{"name": "Sota Kanum", "bcp_47_code": "en", "locale_id": "lang:004172", "is_canonical": true}, {"name": "Sota Lenga Kanum", "bcp_47_code": "pms", "locale_id": "lang:003480", "is_canonical": true}, {"name": "Kikanum ya Sota", "bcp_47_code": "sw", "locale_id": "lang:001597", "is_canonical": true}, {"name": "sota kanum jezik", "bcp_47_code": "hr", "locale_id": "lang:001280", "is_canonical": true}, {"name": "Sota Kanum", "bcp_47_code": "de", "locale_id": "lang:006636", "is_canonical": true}, {"name": "kanum sota", "bcp_47_code": "fr", "locale_id": "lang:002512", "is_canonical": true}, {"name": "Kanum Sota", "bcp_47_code": "id", "locale_id": "lang:005344", "is_canonical": true}, {"name": "bahasa Kanum Sota", "bcp_47_code": "id", "locale_id": "lang:005344", "is_canonical": null}, {"name": "Sota", "bcp_47_code": "en", "locale_id": "lang:004172", "is_canonical": null}, {"name": "Nggarna", "bcp_47_code": "en", "locale_id": "lang:004172", "is_canonical": null}]