[{"name": "Luimbi", "bcp_47_code": "en", "locale_id": "lang:004172", "is_canonical": true}, {"name": "Lenga Luimbi", "bcp_47_code": "pms", "locale_id": "lang:003480", "is_canonical": true}, {"name": "Kiluimbi", "bcp_47_code": "sw", "locale_id": "lang:001597", "is_canonical": true}, {"name": "luimbi", "bcp_47_code": "fr", "locale_id": "lang:002512", "is_canonical": true}, {"name": "luimbi", "bcp_47_code": "ca", "locale_id": "lang:000334", "is_canonical": true}, {"name": "Wikang Luimbi", "bcp_47_code": "tl", "locale_id": "lang:002540", "is_canonical": true}]