[{"name": "Sumau", "bcp_47_code": "en", "locale_id": "lang:004172", "is_canonical": true}, {"name": "Lenga Sumau", "bcp_47_code": "pms", "locale_id": "lang:003480", "is_canonical": true}, {"name": "蘇茂文", "bcp_47_code": "yue", "locale_id": "lang:005108", "is_canonical": true}, {"name": "Kisumau", "bcp_47_code": "sw", "locale_id": "lang:001597", "is_canonical": true}, {"name": "ガリア語", "bcp_47_code": "ja", "locale_id": "lang:005185", "is_canonical": true}, {"name": "Sumau", "bcp_47_code": "ilo", "locale_id": "lang:007408", "is_canonical": true}, {"name": "język sumau", "bcp_47_code": "pl", "locale_id": "lang:001433", "is_canonical": true}]