[{"name": "Loniu", "bcp_47_code": "en", "locale_id": "lang:004172", "is_canonical": true}, {"name": "loniu", "bcp_47_code": "fr", "locale_id": "lang:002512", "is_canonical": true}, {"name": "лониуански јазик", "bcp_47_code": "mk", "locale_id": "lang:001683", "is_canonical": true}, {"name": "лониу", "bcp_47_code": "ru", "locale_id": "lang:006745", "is_canonical": true}, {"name": "Lenga Loniu", "bcp_47_code": "pms", "locale_id": "lang:003480", "is_canonical": true}, {"name": "Kiloniu", "bcp_47_code": "sw", "locale_id": "lang:001597", "is_canonical": true}, {"name": "Loniu", "bcp_47_code": "ilo", "locale_id": "lang:007408", "is_canonical": true}, {"name": "Loniuki", "bcp_47_code": "diq", "locale_id": "lang:003839", "is_canonical": true}]