[{"name": "Ciwogai", "bcp_47_code": "en", "locale_id": "lang:004172", "is_canonical": true}, {"name": "Kiciwogai", "bcp_47_code": "sw", "locale_id": "lang:001597", "is_canonical": true}, {"name": "Lenga Ciwogai", "bcp_47_code": "pms", "locale_id": "lang:003480", "is_canonical": true}, {"name": "ciwogai jezik", "bcp_47_code": "hr", "locale_id": "lang:001280", "is_canonical": true}, {"name": "siwogaeg", "bcp_47_code": "br", "locale_id": "lang:003643", "is_canonical": true}, {"name": "język tsagu", "bcp_47_code": "pl", "locale_id": "lang:001433", "is_canonical": true}, {"name": "Wikang Ciwogai", "bcp_47_code": "tl", "locale_id": "lang:002540", "is_canonical": true}, {"name": "цагу", "bcp_47_code": "ru", "locale_id": "lang:006745", "is_canonical": true}, {"name": "Ciwogai", "bcp_47_code": "ig", "locale_id": "lang:002832", "is_canonical": true}]