[{"name": "Morrobalama", "bcp_47_code": "en", "locale_id": "lang:004172", "is_canonical": true}, {"name": "Umbuygamu", "bcp_47_code": "en", "locale_id": "lang:004172", "is_canonical": true}, {"name": "Lenga umbuygamu", "bcp_47_code": "pms", "locale_id": "lang:003480", "is_canonical": true}, {"name": "umbuygamu", "bcp_47_code": "sv", "locale_id": "lang:004782", "is_canonical": true}, {"name": "Kiumbuygamu", "bcp_47_code": "sw", "locale_id": "lang:001597", "is_canonical": true}, {"name": "morrobalama", "bcp_47_code": "fr", "locale_id": "lang:002512", "is_canonical": true}, {"name": "idioma umbuygamu", "bcp_47_code": "es", "locale_id": "lang:005944", "is_canonical": true}, {"name": "umbuygamu", "bcp_47_code": "fr", "locale_id": "lang:002512", "is_canonical": null}]