[{"name": "Chigmecatitlán Mixtec", "bcp_47_code": "en", "locale_id": "lang:004172", "is_canonical": true}, {"name": "chigmecatitlán Lenga mixtec", "bcp_47_code": "pms", "locale_id": "lang:003480", "is_canonical": true}, {"name": "чигмекатитланский миштекский язык", "bcp_47_code": "ru", "locale_id": "lang:006745", "is_canonical": true}, {"name": "mikstekeg chigmecatitlán", "bcp_47_code": "br", "locale_id": "lang:003643", "is_canonical": true}, {"name": "mixteco de chigmecatitlán", "bcp_47_code": "es", "locale_id": "lang:005944", "is_canonical": true}, {"name": "mixteco del suroeste de puebla", "bcp_47_code": "ast", "locale_id": "lang:006965", "is_canonical": true}, {"name": "de'e dau", "bcp_47_code": "es", "locale_id": "lang:005944", "is_canonical": null}, {"name": "mixteco de chigmecatitlan", "bcp_47_code": "es", "locale_id": "lang:005944", "is_canonical": null}]