[{"name": "Northern Tepehuan", "bcp_47_code": "en", "locale_id": "lang:004172", "is_canonical": true}, {"name": "tepehouaneg an norzh", "bcp_47_code": "br", "locale_id": "lang:003643", "is_canonical": true}, {"name": "setentrional Lenga tepehuan", "bcp_47_code": "pms", "locale_id": "lang:003480", "is_canonical": true}, {"name": "tepehuan du nord", "bcp_47_code": "fr", "locale_id": "lang:002512", "is_canonical": true}, {"name": "tepehuan septentrional", "bcp_47_code": "fr", "locale_id": "lang:002512", "is_canonical": null}]