[{"name": "Tobilung", "bcp_47_code": "en", "locale_id": "lang:004172", "is_canonical": true}, {"name": "Lenga tebilung", "bcp_47_code": "pms", "locale_id": "lang:003480", "is_canonical": true}, {"name": "Kitobilung", "bcp_47_code": "sw", "locale_id": "lang:001597", "is_canonical": true}, {"name": "tobilung", "bcp_47_code": "fr", "locale_id": "lang:002512", "is_canonical": true}, {"name": "bahasa Tobilung", "bcp_47_code": "ms", "locale_id": "lang:001263", "is_canonical": true}, {"name": "boros Tobilung", "bcp_47_code": "dtp", "locale_id": "lang:005407", "is_canonical": true}]