[{"name": "Edolo", "bcp_47_code": "en", "locale_id": "lang:004172", "is_canonical": true}, {"name": "Lenga Edolo", "bcp_47_code": "pms", "locale_id": "lang:003480", "is_canonical": true}, {"name": "Kiedolo", "bcp_47_code": "sw", "locale_id": "lang:001597", "is_canonical": true}, {"name": "艾托羅語", "bcp_47_code": "cmn", "locale_id": "lang:004378", "is_canonical": true}, {"name": "Edolo", "bcp_47_code": "ilo", "locale_id": "lang:007408", "is_canonical": true}, {"name": "Εντόλο", "bcp_47_code": "el", "locale_id": "lang:002331", "is_canonical": true}, {"name": "edolo", "bcp_47_code": "fr", "locale_id": "lang:002512", "is_canonical": true}, {"name": "język edolo", "bcp_47_code": "pl", "locale_id": "lang:001433", "is_canonical": true}]