[{"name": "Lusi", "bcp_47_code": "en", "locale_id": "lang:004172", "is_canonical": true}, {"name": "lusi", "bcp_47_code": "fr", "locale_id": "lang:002512", "is_canonical": true}, {"name": "Lenga Lusi", "bcp_47_code": "pms", "locale_id": "lang:003480", "is_canonical": true}, {"name": "Kilusi", "bcp_47_code": "sw", "locale_id": "lang:001597", "is_canonical": true}, {"name": "ルシ語", "bcp_47_code": "ja", "locale_id": "lang:005185", "is_canonical": true}, {"name": "Lusi", "bcp_47_code": "ilo", "locale_id": "lang:007408", "is_canonical": true}, {"name": "Lusiki", "bcp_47_code": "diq", "locale_id": "lang:003839", "is_canonical": true}, {"name": "język lusi", "bcp_47_code": "pl", "locale_id": "lang:001433", "is_canonical": true}, {"name": "lusi", "bcp_47_code": "cs", "locale_id": "lang:007371", "is_canonical": true}, {"name": "カリアイ・コヴェ語", "bcp_47_code": "ja", "locale_id": "lang:005185", "is_canonical": null}, {"name": "jazyk lusi", "bcp_47_code": "cs", "locale_id": "lang:007371", "is_canonical": null}]