[{"name": "Anyin", "bcp_47_code": "en", "locale_id": "lang:004172", "is_canonical": true}, {"name": "Anyi", "bcp_47_code": "en", "locale_id": "lang:004172", "is_canonical": null}, {"name": "anyieg", "bcp_47_code": "br", "locale_id": "lang:003643", "is_canonical": true}, {"name": "Anyin", "bcp_47_code": "de", "locale_id": "lang:006636", "is_canonical": true}, {"name": "agni", "bcp_47_code": "fr", "locale_id": "lang:002512", "is_canonical": true}, {"name": "anyin jezik", "bcp_47_code": "hr", "locale_id": "lang:001280", "is_canonical": true}, {"name": "アニ語", "bcp_47_code": "ja", "locale_id": "lang:005185", "is_canonical": true}, {"name": "Lenga Anyin", "bcp_47_code": "pms", "locale_id": "lang:003480", "is_canonical": true}, {"name": "anyin", "bcp_47_code": "pt", "locale_id": "lang:001977", "is_canonical": true}, {"name": "Kianyin", "bcp_47_code": "sw", "locale_id": "lang:001597", "is_canonical": true}, {"name": "அன்யின் மொழி", "bcp_47_code": "ta", "locale_id": "lang:002996", "is_canonical": true}, {"name": "língua anyin", "bcp_47_code": "pt", "locale_id": "lang:001977", "is_canonical": null}, {"name": "anyi", "bcp_47_code": "es", "locale_id": "lang:005944", "is_canonical": true}, {"name": "anyin", "bcp_47_code": "it", "locale_id": "lang:005147", "is_canonical": true}, {"name": "anyi", "bcp_47_code": "ca", "locale_id": "lang:000334", "is_canonical": true}, {"name": "ագնի լեզու", "bcp_47_code": "hy", "locale_id": "lang:006918", "is_canonical": true}, {"name": "Anyi", "bcp_47_code": "hif", "locale_id": "lang:004553", "is_canonical": true}, {"name": "анін", "bcp_47_code": "uk", "locale_id": "lang:001994", "is_canonical": true}, {"name": "Wikang Anyin", "bcp_47_code": "tl", "locale_id": "lang:002540", "is_canonical": true}, {"name": "Fiteny agny", "bcp_47_code": "mg", "locale_id": "lang:001318", "is_canonical": true}, {"name": "anyin", "bcp_47_code": "oc", "locale_id": "lang:003832", "is_canonical": true}, {"name": "anyin", "bcp_47_code": "vec", "locale_id": "lang:004329", "is_canonical": true}, {"name": "Asụsụ Anyin", "bcp_47_code": "ig", "locale_id": "lang:002832", "is_canonical": true}, {"name": "Anyin Balli", "bcp_47_code": "dag", "locale_id": "lang:003171", "is_canonical": true}, {"name": "Agni", "bcp_47_code": "en", "locale_id": "lang:004172", "is_canonical": null}, {"name": "Agny", "bcp_47_code": "en", "locale_id": "lang:004172", "is_canonical": null}, {"name": "lingua anyin", "bcp_47_code": "it", "locale_id": "lang:005147", "is_canonical": null}, {"name": "ayin", "bcp_47_code": "fr", "locale_id": "lang:002512", "is_canonical": null}, {"name": "Anyi", "bcp_47_code": "any", "locale_id": "lang:000391", "is_canonical": true}]