[{"name": "Wolani", "bcp_47_code": "en", "locale_id": "lang:004172", "is_canonical": true}, {"name": "Lenga Wolani", "bcp_47_code": "pms", "locale_id": "lang:003480", "is_canonical": true}, {"name": "wolani", "bcp_47_code": "fr", "locale_id": "lang:002512", "is_canonical": true}, {"name": "Wolani", "bcp_47_code": "de", "locale_id": "lang:006636", "is_canonical": true}, {"name": "Kiwolani", "bcp_47_code": "sw", "locale_id": "lang:001597", "is_canonical": true}, {"name": "Wolani", "bcp_47_code": "id", "locale_id": "lang:005344", "is_canonical": true}, {"name": "Wolani", "bcp_47_code": "ilo", "locale_id": "lang:007408", "is_canonical": true}, {"name": "Wolaniki", "bcp_47_code": "diq", "locale_id": "lang:003839", "is_canonical": true}, {"name": "język wolani", "bcp_47_code": "pl", "locale_id": "lang:001433", "is_canonical": true}, {"name": "Wodani", "bcp_47_code": "en", "locale_id": "lang:004172", "is_canonical": null}, {"name": "Woda", "bcp_47_code": "en", "locale_id": "lang:004172", "is_canonical": null}, {"name": "Woda-Mo", "bcp_47_code": "en", "locale_id": "lang:004172", "is_canonical": null}, {"name": "bahasa Wodani", "bcp_47_code": "id", "locale_id": "lang:005344", "is_canonical": null}, {"name": "bahasa Woda", "bcp_47_code": "id", "locale_id": "lang:005344", "is_canonical": null}, {"name": "bahasa Woda-Mo", "bcp_47_code": "id", "locale_id": "lang:005344", "is_canonical": null}]