[{"name": "Gola", "bcp_47_code": "en", "locale_id": "lang:004172", "is_canonical": true}, {"name": "Kigola", "bcp_47_code": "sw", "locale_id": "lang:001597", "is_canonical": true}, {"name": "Gola", "bcp_47_code": "de", "locale_id": "lang:006636", "is_canonical": true}, {"name": "Lenga Gola", "bcp_47_code": "pms", "locale_id": "lang:003480", "is_canonical": true}, {"name": "goleg", "bcp_47_code": "br", "locale_id": "lang:003643", "is_canonical": true}, {"name": "gola", "bcp_47_code": "hr", "locale_id": "lang:001280", "is_canonical": true}, {"name": "gola", "bcp_47_code": "ca", "locale_id": "lang:000334", "is_canonical": true}, {"name": "гола", "bcp_47_code": "ru", "locale_id": "lang:006745", "is_canonical": true}, {"name": "ゴラ語", "bcp_47_code": "ja", "locale_id": "lang:005185", "is_canonical": true}, {"name": "gola", "bcp_47_code": "fr", "locale_id": "lang:002512", "is_canonical": true}, {"name": "idioma gola", "bcp_47_code": "es", "locale_id": "lang:005944", "is_canonical": true}, {"name": "گولا", "bcp_47_code": "pnb", "locale_id": "lang:003334", "is_canonical": true}, {"name": "ਗੋਲਾ", "bcp_47_code": "pa", "locale_id": "lang:003658", "is_canonical": true}, {"name": "gola", "bcp_47_code": "es", "locale_id": "lang:005944", "is_canonical": null}]