[{"name": "Pintupi-Luritja", "bcp_47_code": "en", "locale_id": "lang:004172", "is_canonical": true}, {"name": "Lingua pintupi", "bcp_47_code": "gl", "locale_id": "lang:006921", "is_canonical": true}, {"name": "pintupi", "bcp_47_code": "pt", "locale_id": "lang:001977", "is_canonical": true}, {"name": "pintupi-luritja", "bcp_47_code": "eo", "locale_id": "lang:001065", "is_canonical": true}, {"name": "Lenga pintupi-luritja", "bcp_47_code": "pms", "locale_id": "lang:003480", "is_canonical": true}, {"name": "pintupi", "bcp_47_code": "fr", "locale_id": "lang:002512", "is_canonical": true}, {"name": "пинтуби", "bcp_47_code": "ru", "locale_id": "lang:006745", "is_canonical": true}, {"name": "Pintupi", "bcp_47_code": "en", "locale_id": "lang:004172", "is_canonical": null}, {"name": "pintupi-luritja", "bcp_47_code": "sv", "locale_id": "lang:004782", "is_canonical": true}, {"name": "Kipintupi-Luritja", "bcp_47_code": "sw", "locale_id": "lang:001597", "is_canonical": true}, {"name": "pintupi-luritja keel", "bcp_47_code": "et", "locale_id": "lang:007279", "is_canonical": true}, {"name": "賓土比語", "bcp_47_code": "cmn", "locale_id": "lang:004378", "is_canonical": true}, {"name": "ピントゥピ・ロリジャ語", "bcp_47_code": "ja", "locale_id": "lang:005185", "is_canonical": true}, {"name": "Pintupi", "bcp_47_code": "nl", "locale_id": "lang:006448", "is_canonical": true}, {"name": "пинтупи-луритья", "bcp_47_code": "ru", "locale_id": "lang:006745", "is_canonical": null}, {"name": "луритья", "bcp_47_code": "ru", "locale_id": "lang:006745", "is_canonical": null}, {"name": "пинтупи", "bcp_47_code": "ru", "locale_id": "lang:006745", "is_canonical": null}, {"name": "луритя", "bcp_47_code": "ru", "locale_id": "lang:006745", "is_canonical": null}, {"name": "пинтуби-луритья", "bcp_47_code": "ru", "locale_id": "lang:006745", "is_canonical": null}, {"name": "Kipintupi", "bcp_47_code": "sw", "locale_id": "lang:001597", "is_canonical": null}, {"name": "Kiluritja", "bcp_47_code": "sw", "locale_id": "lang:001597", "is_canonical": null}]