[{"name": "Kaike", "bcp_47_code": "en", "locale_id": "lang:004172", "is_canonical": true}, {"name": "lingua Kaike", "bcp_47_code": "la", "locale_id": "lang:016110", "is_canonical": true}, {"name": "Lenga Kaike", "bcp_47_code": "pms", "locale_id": "lang:003480", "is_canonical": true}, {"name": "kaikeg", "bcp_47_code": "br", "locale_id": "lang:003643", "is_canonical": true}, {"name": "kaike", "bcp_47_code": "fr", "locale_id": "lang:002512", "is_canonical": true}, {"name": "Kikaike", "bcp_47_code": "sw", "locale_id": "lang:001597", "is_canonical": true}, {"name": "Wikang Kaike", "bcp_47_code": "tl", "locale_id": "lang:002540", "is_canonical": true}, {"name": "काइके भाषा", "bcp_47_code": "awa", "locale_id": "lang:001898", "is_canonical": true}, {"name": "Lingua kaike", "bcp_47_code": "gl", "locale_id": "lang:006921", "is_canonical": true}, {"name": "മഗർ കൈകെ", "bcp_47_code": "ml", "locale_id": "lang:001880", "is_canonical": true}, {"name": "काइके भाषा", "bcp_47_code": "ne", "locale_id": "lang:004630", "is_canonical": true}]