[{"name": "Lucumi", "bcp_47_code": "en", "locale_id": "lang:004172", "is_canonical": true}, {"name": "Lukumí", "bcp_47_code": "de", "locale_id": "lang:006636", "is_canonical": true}, {"name": "Lucumí", "bcp_47_code": "en", "locale_id": "lang:004172", "is_canonical": null}, {"name": "lucumi jezik", "bcp_47_code": "hr", "locale_id": "lang:001280", "is_canonical": true}, {"name": "język lucumi", "bcp_47_code": "pl", "locale_id": "lang:001433", "is_canonical": true}, {"name": "Lenga Lucumi", "bcp_47_code": "pms", "locale_id": "lang:003480", "is_canonical": true}, {"name": "Èdè Lukumí", "bcp_47_code": "yo", "locale_id": "lang:003132", "is_canonical": true}, {"name": "lucumí", "bcp_47_code": "fr", "locale_id": "lang:002512", "is_canonical": true}, {"name": "língua lucumi", "bcp_47_code": "pt", "locale_id": "lang:001977", "is_canonical": true}, {"name": "idioma lucumí", "bcp_47_code": "es", "locale_id": "lang:005944", "is_canonical": true}, {"name": "Wikang Lucumí", "bcp_47_code": "tl", "locale_id": "lang:002540", "is_canonical": true}, {"name": "lukumia lingvo", "bcp_47_code": "eo", "locale_id": "lang:001065", "is_canonical": true}, {"name": "Лукуми теле", "bcp_47_code": "tt", "locale_id": "lang:003939", "is_canonical": true}]