[{"name": "Kumbainggar", "bcp_47_code": "en", "locale_id": "lang:004172", "is_canonical": true}, {"name": "Lenga kumbainggar", "bcp_47_code": "pms", "locale_id": "lang:003480", "is_canonical": true}, {"name": "кумпайнгкир", "bcp_47_code": "ru", "locale_id": "lang:006745", "is_canonical": true}, {"name": "kumbainggar", "bcp_47_code": "sv", "locale_id": "lang:004782", "is_canonical": true}, {"name": "gumbaynggirr", "bcp_47_code": "es", "locale_id": "lang:005944", "is_canonical": true}, {"name": "Kikumbainggar", "bcp_47_code": "sw", "locale_id": "lang:001597", "is_canonical": true}, {"name": "gumbaynggirr", "bcp_47_code": "fr", "locale_id": "lang:002512", "is_canonical": true}, {"name": "Kumbainggar", "bcp_47_code": "nl", "locale_id": "lang:006448", "is_canonical": true}, {"name": "kumbaingara lingvo", "bcp_47_code": "eo", "locale_id": "lang:001065", "is_canonical": true}, {"name": "Gumbaynggirr", "bcp_47_code": "de", "locale_id": "lang:006636", "is_canonical": true}, {"name": "кумпайнкир", "bcp_47_code": "ru", "locale_id": "lang:006745", "is_canonical": null}, {"name": "Gumbaynggir", "bcp_47_code": "en", "locale_id": "lang:004172", "is_canonical": null}, {"name": "Kigumbaynggir", "bcp_47_code": "sw", "locale_id": "lang:001597", "is_canonical": null}, {"name": "kumbainggar", "bcp_47_code": "fr", "locale_id": "lang:002512", "is_canonical": null}]