[{"name": "Kabuverdianu", "bcp_47_code": "en", "locale_id": "lang:004172", "is_canonical": true}, {"name": "Cape Verdean Creole", "bcp_47_code": "en", "locale_id": "lang:004172", "is_canonical": null}, {"name": "акабувердиану", "bcp_47_code": "ab", "locale_id": "lang:006291", "is_canonical": true}, {"name": "Kabuverdianu", "bcp_47_code": "af", "locale_id": "lang:006849", "is_canonical": true}, {"name": "ካቡቨርዲያኑ", "bcp_47_code": "am", "locale_id": "lang:000379", "is_canonical": true}, {"name": "كابوفيرديانو", "bcp_47_code": "ar", "locale_id": "lang:000884", "is_canonical": true}, {"name": "কাবুভেৰ্ডিয়ানু", "bcp_47_code": "as", "locale_id": "lang:003208", "is_canonical": true}, {"name": "cabuverdianu", "bcp_47_code": "ast", "locale_id": "lang:006965", "is_canonical": true}, {"name": "kabuverdian", "bcp_47_code": "az", "locale_id": "lang:000492", "is_canonical": true}, {"name": "кабувердыяну", "bcp_47_code": "be", "locale_id": "lang:004942", "is_canonical": true}, {"name": "кабовердиански", "bcp_47_code": "bg", "locale_id": "lang:003294", "is_canonical": true}, {"name": "کابووردیانو", "bcp_47_code": "bgn", "locale_id": "lang:004443", "is_canonical": true}, {"name": "কাবুভারদিয়ানু", "bcp_47_code": "bn", "locale_id": "lang:000178", "is_canonical": true}, {"name": "kabuverdianu", "bcp_47_code": "br", "locale_id": "lang:003643", "is_canonical": true}, {"name": "काबुभेर्डीयानु", "bcp_47_code": "brx", "locale_id": "lang:003716", "is_canonical": true}, {"name": "zelenortski", "bcp_47_code": "bs", "locale_id": "lang:005177", "is_canonical": true}, {"name": "crioll capverdià", "bcp_47_code": "ca", "locale_id": "lang:000334", "is_canonical": true}, {"name": "𑄇𑄝𑄪𑄞𑄢𑄴𑄘𑄨𑄠𑄚𑄪", "bcp_47_code": "ccp", "locale_id": "lang:004815", "is_canonical": true}, {"name": "кабувердьяну", "bcp_47_code": "ce", "locale_id": "lang:000120", "is_canonical": true}, {"name": "ᎧᏊᏪᏗᎠᏄ", "bcp_47_code": "chr", "locale_id": "lang:004490", "is_canonical": true}, {"name": "کابووڤێردیانۆ", "bcp_47_code": "ckb", "locale_id": "lang:002255", "is_canonical": true}, {"name": "kapverdština", "bcp_47_code": "cs", "locale_id": "lang:007371", "is_canonical": true}, {"name": "Caboferdianeg", "bcp_47_code": "cy", "locale_id": "lang:005257", "is_canonical": true}, {"name": "kapverdisk", "bcp_47_code": "da", "locale_id": "lang:006478", "is_canonical": true}, {"name": "Kabuverdianu", "bcp_47_code": "de", "locale_id": "lang:006636", "is_canonical": true}, {"name": "kapverdšćina", "bcp_47_code": "dsb", "locale_id": "lang:007093", "is_canonical": true}, {"name": "cape verdegbe", "bcp_47_code": "ee", "locale_id": "lang:007099", "is_canonical": true}, {"name": "Γλώσσα του Πράσινου Ακρωτηρίου", "bcp_47_code": "el", "locale_id": "lang:002331", "is_canonical": true}, {"name": "kaboverda kreolo", "bcp_47_code": "eo", "locale_id": "lang:001065", "is_canonical": true}, {"name": "criollo caboverdiano", "bcp_47_code": "es", "locale_id": "lang:005944", "is_canonical": true}, {"name": "kabuverdianu", "bcp_47_code": "et", "locale_id": "lang:007279", "is_canonical": true}, {"name": "cabo verdeko kreolera", "bcp_47_code": "eu", "locale_id": "lang:004920", "is_canonical": true}, {"name": "کابووردیانو", "bcp_47_code": "fa", "locale_id": "lang:005211", "is_canonical": true}, {"name": "kapverdenkreoli", "bcp_47_code": "fi", "locale_id": "lang:005250", "is_canonical": true}, {"name": "Kabuverdianu", "bcp_47_code": "fil", "locale_id": "lang:004854", "is_canonical": true}, {"name": "grønhøvdaoyggjarskt", "bcp_47_code": "fo", "locale_id": "lang:005789", "is_canonical": true}, {"name": "capverdien", "bcp_47_code": "fr", "locale_id": "lang:002512", "is_canonical": true}, {"name": "Kaapverdysk Creools", "bcp_47_code": "fy", "locale_id": "lang:000608", "is_canonical": true}, {"name": "Criól Cabo Verde", "bcp_47_code": "ga", "locale_id": "lang:005513", "is_canonical": true}, {"name": "Kabuverdianu", "bcp_47_code": "gd", "locale_id": "lang:005113", "is_canonical": true}, {"name": "caboverdiano", "bcp_47_code": "gl", "locale_id": "lang:006921", "is_canonical": true}, {"name": "Kabuverdianu", "bcp_47_code": "gsw", "locale_id": "lang:006414", "is_canonical": true}, {"name": "કાબુવર્ડિઆનુ", "bcp_47_code": "gu", "locale_id": "lang:006797", "is_canonical": true}, {"name": "Kabuverdianu", "bcp_47_code": "ha", "locale_id": "lang:006769", "is_canonical": true}, {"name": "קאבוורדיאנו", "bcp_47_code": "he", "locale_id": "lang:000780", "is_canonical": true}, {"name": "काबुवेर्दियानु", "bcp_47_code": "hi", "locale_id": "lang:005010", "is_canonical": true}, {"name": "zelenortski", "bcp_47_code": "hr", "locale_id": "lang:001280", "is_canonical": true}, {"name": "kapverdšćina", "bcp_47_code": "hsb", "locale_id": "lang:002868", "is_canonical": true}, {"name": "kabuverdianu", "bcp_47_code": "hu", "locale_id": "lang:004445", "is_canonical": true}, {"name": "կաբուվերդերեն", "bcp_47_code": "hy", "locale_id": "lang:006918", "is_canonical": true}, {"name": "capoverdiano", "bcp_47_code": "ia", "locale_id": "lang:008680", "is_canonical": true}, {"name": "Kabuverdianu", "bcp_47_code": "id", "locale_id": "lang:005344", "is_canonical": true}, {"name": "Kabụverdịanụ", "bcp_47_code": "ig", "locale_id": "lang:002832", "is_canonical": true}, {"name": "grænhöfðeyska", "bcp_47_code": "is", "locale_id": "lang:006417", "is_canonical": true}, {"name": "capoverdiano", "bcp_47_code": "it", "locale_id": "lang:005147", "is_canonical": true}, {"name": "カーボベルデ・クレオール語", "bcp_47_code": "ja", "locale_id": "lang:005185", "is_canonical": true}, {"name": "Kabuverdianu", "bcp_47_code": "jv", "locale_id": "lang:006418", "is_canonical": true}, {"name": "კაბუვერდიანუ", "bcp_47_code": "ka", "locale_id": "lang:005687", "is_canonical": true}, {"name": "Takapverdit", "bcp_47_code": "kab", "locale_id": "lang:002124", "is_canonical": true}, {"name": "kabuverdianu", "bcp_47_code": "kea", "locale_id": "lang:000423", "is_canonical": true}, {"name": "pu-tánh-vĩ", "bcp_47_code": "kgp", "locale_id": "lang:005254", "is_canonical": true}, {"name": "кабувердьяну тілі", "bcp_47_code": "kk", "locale_id": "lang:001017", "is_canonical": true}, {"name": "កាប៊ូវឺឌៀនូ", "bcp_47_code": "km", "locale_id": "lang:000690", "is_canonical": true}, {"name": "ಕಬುವೆರ್ಡಿಯನು", "bcp_47_code": "kn", "locale_id": "lang:006289", "is_canonical": true}, {"name": "크리올어", "bcp_47_code": "ko", "locale_id": "lang:000685", "is_canonical": true}, {"name": "काबुवर्डियनु", "bcp_47_code": "kok", "locale_id": "lang:001978", "is_canonical": true}, {"name": "Kapvärdesch", "bcp_47_code": "ksh", "locale_id": "lang:000776", "is_canonical": true}, {"name": "kapverdî", "bcp_47_code": "ku", "locale_id": "lang:003565", "is_canonical": true}, {"name": "кабувердиче", "bcp_47_code": "ky", "locale_id": "lang:003193", "is_canonical": true}, {"name": "Kabuverdianu", "bcp_47_code": "lb", "locale_id": "lang:003324", "is_canonical": true}, {"name": "cappoverdian", "bcp_47_code": "lij", "locale_id": "lang:004453", "is_canonical": true}, {"name": "ຄາເວີເດຍນູ", "bcp_47_code": "lo", "locale_id": "lang:002848", "is_canonical": true}, {"name": "کاباردینو", "bcp_47_code": "lrc", "locale_id": "lang:001958", "is_canonical": true}, {"name": "žaliojo kyšulio kreolų", "bcp_47_code": "lt", "locale_id": "lang:000996", "is_canonical": true}, {"name": "kaboverdiešu", "bcp_47_code": "lv", "locale_id": "lang:006606", "is_canonical": true}, {"name": "काबुबरदियानु", "bcp_47_code": "mai", "locale_id": "lang:005797", "is_canonical": true}, {"name": "Kapuwētianu", "bcp_47_code": "mi", "locale_id": "lang:005897", "is_canonical": true}, {"name": "кабувердиану", "bcp_47_code": "mk", "locale_id": "lang:001683", "is_canonical": true}, {"name": "കബുവെർദിയാനു", "bcp_47_code": "ml", "locale_id": "lang:001880", "is_canonical": true}, {"name": "кабүвердиану", "bcp_47_code": "mn", "locale_id": "lang:005506", "is_canonical": true}, {"name": "काबवर्दियानु", "bcp_47_code": "mr", "locale_id": "lang:003376", "is_canonical": true}, {"name": "Kabuverdianu", "bcp_47_code": "ms", "locale_id": "lang:001263", "is_canonical": true}, {"name": "Cape Verdjan", "bcp_47_code": "mt", "locale_id": "lang:004371", "is_canonical": true}, {"name": "ကဘူဗာဒီအာနူ", "bcp_47_code": "my", "locale_id": "lang:004196", "is_canonical": true}, {"name": "کیپ وُردی", "bcp_47_code": "mzn", "locale_id": "lang:005912", "is_canonical": true}, {"name": "काबुभेर्डियानु", "bcp_47_code": "ne", "locale_id": "lang:004630", "is_canonical": true}, {"name": "Kaapverdisch Creools", "bcp_47_code": "nl", "locale_id": "lang:006448", "is_canonical": true}, {"name": "kappverdisk", "bcp_47_code": "no", "locale_id": "lang:002536", "is_canonical": true}, {"name": "ߜߙߋߞߎ߲ߝߙߌߛߌߞߊ߲", "bcp_47_code": "nqo", "locale_id": "lang:006401", "is_canonical": true}, {"name": "କାବୁଭେରଡିଆନୁ", "bcp_47_code": "or", "locale_id": "lang:001930", "is_canonical": true}, {"name": "ਕਾਬੁਵੇਰਦਿਆਨੂ", "bcp_47_code": "pa", "locale_id": "lang:003658", "is_canonical": true}, {"name": "Kábúvẹrdiánu Lángwej", "bcp_47_code": "pcm", "locale_id": "lang:002108", "is_canonical": true}, {"name": "kreolski wysp zielonego przylądka", "bcp_47_code": "pl", "locale_id": "lang:001433", "is_canonical": true}, {"name": "کابوورډیانو", "bcp_47_code": "ps", "locale_id": "lang:006281", "is_canonical": true}, {"name": "crioulo cabo-verdiano", "bcp_47_code": "pt", "locale_id": "lang:001977", "is_canonical": true}, {"name": "Caboverdiano Simi", "bcp_47_code": "qu", "locale_id": "lang:000991", "is_canonical": true}, {"name": "cabverdian", "bcp_47_code": "rm", "locale_id": "lang:004318", "is_canonical": true}, {"name": "kabuverdianu", "bcp_47_code": "ro", "locale_id": "lang:006592", "is_canonical": true}, {"name": "кабувердьяну", "bcp_47_code": "ru", "locale_id": "lang:006745", "is_canonical": true}, {"name": "ᱠᱟᱵᱩᱣᱟᱹᱨᱰᱤᱭᱟᱹᱱᱩ", "bcp_47_code": "sat", "locale_id": "lang:006025", "is_canonical": true}, {"name": "cabubirdianu", "bcp_47_code": "sc", "locale_id": "lang:000376", "is_canonical": true}, {"name": "ڪيبيو ويرڊيانو", "bcp_47_code": "sd", "locale_id": "lang:002987", "is_canonical": true}, {"name": "කබුවෙර්ඩියානු", "bcp_47_code": "si", "locale_id": "lang:000326", "is_canonical": true}, {"name": "kapverdčina", "bcp_47_code": "sk", "locale_id": "lang:005464", "is_canonical": true}, {"name": "zelenortskootoška kreolščina", "bcp_47_code": "sl", "locale_id": "lang:004352", "is_canonical": true}, {"name": "Kap Verde kreoli", "bcp_47_code": "smn", "locale_id": "lang:000203", "is_canonical": true}, {"name": "Kabuferdiyanu", "bcp_47_code": "so", "locale_id": "lang:000435", "is_canonical": true}, {"name": "kreolishte e Kepit të Gjelbër", "bcp_47_code": "sq", "locale_id": "lang:006275", "is_canonical": true}, {"name": "зеленортски", "bcp_47_code": "sr", "locale_id": "lang:002701", "is_canonical": true}, {"name": "kapverdiska", "bcp_47_code": "sv", "locale_id": "lang:004782", "is_canonical": true}, {"name": "Kikabuverdianu", "bcp_47_code": "sw", "locale_id": "lang:001597", "is_canonical": true}, {"name": "kreolski Wysp Zielōnego Przilōndka", "bcp_47_code": "szl", "locale_id": "lang:002207", "is_canonical": true}, {"name": "கபுவெர்தியானு", "bcp_47_code": "ta", "locale_id": "lang:002996", "is_canonical": true}, {"name": "కాబువేర్దియను", "bcp_47_code": "te", "locale_id": "lang:000508", "is_canonical": true}, {"name": "คาบูเวอร์เดียนู", "bcp_47_code": "th", "locale_id": "lang:000248", "is_canonical": true}, {"name": "ክርዮል ኬፕ ቨርድኛ", "bcp_47_code": "ti", "locale_id": "lang:002196", "is_canonical": true}, {"name": "kabuwerdianu dili", "bcp_47_code": "tk", "locale_id": "lang:002001", "is_canonical": true}, {"name": "lea fakakapuvelitianu", "bcp_47_code": "to", "locale_id": "lang:006037", "is_canonical": true}, {"name": "Kabuverdianu", "bcp_47_code": "tr", "locale_id": "lang:000917", "is_canonical": true}, {"name": "كابۇۋېردىيانچە", "bcp_47_code": "ug", "locale_id": "lang:003330", "is_canonical": true}, {"name": "кабувердіану", "bcp_47_code": "uk", "locale_id": "lang:001994", "is_canonical": true}, {"name": "کابويرديانو", "bcp_47_code": "ur", "locale_id": "lang:001103", "is_canonical": true}, {"name": "kabuverdianu", "bcp_47_code": "uz", "locale_id": "lang:003386", "is_canonical": true}, {"name": "tiếng Kabuverdianu", "bcp_47_code": "vi", "locale_id": "lang:004523", "is_canonical": true}, {"name": "Kabufadíánù", "bcp_47_code": "yo", "locale_id": "lang:003132", "is_canonical": true}, {"name": "kiriuru kabu-suikiriwara", "bcp_47_code": "yrl", "locale_id": "lang:006863", "is_canonical": true}, {"name": "卡布威爾第文", "bcp_47_code": "yue", "locale_id": "lang:005108", "is_canonical": true}, {"name": "卡布佛得鲁语", "bcp_47_code": "cmn", "locale_id": "lang:004378", "is_canonical": true}, {"name": "isi-Kabuverdianu", "bcp_47_code": "zu", "locale_id": "lang:007247", "is_canonical": true}, {"name": "Kaap Verdiese Kreools", "bcp_47_code": "af", "locale_id": "lang:006849", "is_canonical": null}, {"name": "የኬፕ ቨርዴ ክሪዮል", "bcp_47_code": "am", "locale_id": "lang:000379", "is_canonical": null}, {"name": "كريولية الرأس الأخضر", "bcp_47_code": "ar", "locale_id": "lang:000884", "is_canonical": null}, {"name": "কাপে ভাৰ্ডীন ক্ৰেয়ল", "bcp_47_code": "as", "locale_id": "lang:003208", "is_canonical": null}, {"name": "Kabo-Verde Kreol", "bcp_47_code": "az", "locale_id": "lang:000492", "is_canonical": null}, {"name": "кабавердыянская крэольская", "bcp_47_code": "be", "locale_id": "lang:004942", "is_canonical": null}, {"name": "কেপ ভার্দিয়ান ক্রেওল", "bcp_47_code": "bn", "locale_id": "lang:000178", "is_canonical": null}, {"name": "kreolski sa zelenoortskih ostrva", "bcp_47_code": "bs", "locale_id": "lang:005177", "is_canonical": null}, {"name": "kreolština", "bcp_47_code": "cs", "locale_id": "lang:007371", "is_canonical": null}, {"name": "kapverdisk kreolsk", "bcp_47_code": "da", "locale_id": "lang:006478", "is_canonical": null}, {"name": "Kapverdisches Kreol", "bcp_47_code": "de", "locale_id": "lang:006636", "is_canonical": null}, {"name": "Κρεόλ Πράσινου Ακρωτηρίου", "bcp_47_code": "el", "locale_id": "lang:002331", "is_canonical": null}, {"name": "criollo de cabo verde", "bcp_47_code": "es", "locale_id": "lang:005944", "is_canonical": null}, {"name": "roheneemesaarte kreooli", "bcp_47_code": "et", "locale_id": "lang:007279", "is_canonical": null}, {"name": "کریول کیبپ ورد", "bcp_47_code": "fa", "locale_id": "lang:005211", "is_canonical": null}, {"name": "kap verden kreoli", "bcp_47_code": "fi", "locale_id": "lang:005250", "is_canonical": null}, {"name": "Cape Verdean Creole", "bcp_47_code": "fil", "locale_id": "lang:004854", "is_canonical": null}, {"name": "créole du cap-vert", "bcp_47_code": "fr", "locale_id": "lang:002512", "is_canonical": null}, {"name": "Crioulo caboverdiano", "bcp_47_code": "gl", "locale_id": "lang:006921", "is_canonical": null}, {"name": "Kapverdisches Kreol", "bcp_47_code": "gsw", "locale_id": "lang:006414", "is_canonical": null}, {"name": "કેપ વર્ડીયન ક્રેઓલ", "bcp_47_code": "gu", "locale_id": "lang:006797", "is_canonical": null}, {"name": "קריאולית כף ורדה", "bcp_47_code": "he", "locale_id": "lang:000780", "is_canonical": true}, {"name": "केप वर्डियन क्रिओल", "bcp_47_code": "hi", "locale_id": "lang:005010", "is_canonical": null}, {"name": "kabuverdianu", "bcp_47_code": "hr", "locale_id": "lang:001280", "is_canonical": null}, {"name": "zöld-foki-szigeteki kreol", "bcp_47_code": "hu", "locale_id": "lang:004445", "is_canonical": null}, {"name": "կաբուվերդյանու", "bcp_47_code": "hy", "locale_id": "lang:006918", "is_canonical": null}, {"name": "Kreol Tanjung Verde", "bcp_47_code": "id", "locale_id": "lang:005344", "is_canonical": null}, {"name": "Kreol Tanjung Verde", "bcp_47_code": "in", "locale_id": "lang:005344", "is_canonical": true}, {"name": "grænhöfðeyskt kreólamál", "bcp_47_code": "is", "locale_id": "lang:006417", "is_canonical": null}, {"name": "creolo capoverdiano", "bcp_47_code": "it", "locale_id": "lang:005147", "is_canonical": null}, {"name": "カーボベルデ クレオール語", "bcp_47_code": "ja", "locale_id": "lang:005185", "is_canonical": null}, {"name": "კაბო-ვერდეს კრეოლი", "bcp_47_code": "ka", "locale_id": "lang:005687", "is_canonical": null}, {"name": "Кабо-вердиану", "bcp_47_code": "kk", "locale_id": "lang:001017", "is_canonical": null}, {"name": "កាប់វែរគ្រីអូល", "bcp_47_code": "km", "locale_id": "lang:000690", "is_canonical": null}, {"name": "ಕೇಪ್ ವರ್ಡಿಯನ್ ಕ್ರಿಯೋಲ್", "bcp_47_code": "kn", "locale_id": "lang:006289", "is_canonical": null}, {"name": "카보베르데 크리올", "bcp_47_code": "ko", "locale_id": "lang:000685", "is_canonical": null}, {"name": "Кабо-верделик креолчо", "bcp_47_code": "ky", "locale_id": "lang:003193", "is_canonical": null}, {"name": "Créole du Cap-Vert", "bcp_47_code": "ln", "locale_id": "lang:005075", "is_canonical": true}, {"name": "ເຄບ ເວີດີນ ຄຣີໂອ", "bcp_47_code": "lo", "locale_id": "lang:002848", "is_canonical": null}, {"name": "žaliojo kyšulio kreolų kalba", "bcp_47_code": "lt", "locale_id": "lang:000996", "is_canonical": null}, {"name": "kaboverdes kreoliskā", "bcp_47_code": "lv", "locale_id": "lang:006606", "is_canonical": null}, {"name": "креолски", "bcp_47_code": "mk", "locale_id": "lang:001683", "is_canonical": null}, {"name": "കേപ് വേർഡിയൻ ക്രിയോൾ", "bcp_47_code": "ml", "locale_id": "lang:001880", "is_canonical": null}, {"name": "Кабо Вердийн Креол", "bcp_47_code": "mn", "locale_id": "lang:005506", "is_canonical": null}, {"name": "Creolă din Capul Verde", "bcp_47_code": "mo", "locale_id": "lang:006592", "is_canonical": true}, {"name": "केप व्हर्डेन क्रेओल", "bcp_47_code": "mr", "locale_id": "lang:003376", "is_canonical": null}, {"name": "Bahasa Creole Cape Verde", "bcp_47_code": "ms", "locale_id": "lang:001263", "is_canonical": null}, {"name": "ကိပ် ဗာဒီအန် ခရီအိုး", "bcp_47_code": "my", "locale_id": "lang:004196", "is_canonical": null}, {"name": "kappverdisk kreol", "bcp_47_code": "nb", "locale_id": "lang:000958", "is_canonical": true}, {"name": "केप भर्डेन क्रियोल", "bcp_47_code": "ne", "locale_id": "lang:004630", "is_canonical": null}, {"name": "kappverdisk kreol", "bcp_47_code": "no", "locale_id": "lang:002536", "is_canonical": null}, {"name": "କେପ୍ ଭର୍ଦିୟନ କ୍ରେଓଲେ", "bcp_47_code": "or", "locale_id": "lang:001930", "is_canonical": null}, {"name": "ਕੇਪ ਵਰਡੀਅਨ ਕ੍ਰੀਓਲ", "bcp_47_code": "pa", "locale_id": "lang:003658", "is_canonical": null}, {"name": "kreolski – zielony przylądek", "bcp_47_code": "pl", "locale_id": "lang:001433", "is_canonical": null}, {"name": "creolă din capul verde", "bcp_47_code": "ro", "locale_id": "lang:006592", "is_canonical": null}, {"name": "кабуверду", "bcp_47_code": "ru", "locale_id": "lang:006745", "is_canonical": null}, {"name": "කේප් වෙර්ඩේ ක්රියෝල්", "bcp_47_code": "si", "locale_id": "lang:000326", "is_canonical": null}, {"name": "Kapverdská kreolčina", "bcp_47_code": "sk", "locale_id": "lang:005464", "is_canonical": null}, {"name": "zelenoortska kreolščina", "bcp_47_code": "sl", "locale_id": "lang:004352", "is_canonical": null}, {"name": "Kreolishte e Kepit të Gjelbër", "bcp_47_code": "sq", "locale_id": "lang:006275", "is_canonical": null}, {"name": "кабувердиану", "bcp_47_code": "sr", "locale_id": "lang:002701", "is_canonical": null}, {"name": "kapverdisk kreol", "bcp_47_code": "sv", "locale_id": "lang:004782", "is_canonical": null}, {"name": "Krioli ya Kepuvede", "bcp_47_code": "sw", "locale_id": "lang:001597", "is_canonical": null}, {"name": "கேப் வெர்டியன் கிரியோல்", "bcp_47_code": "ta", "locale_id": "lang:002996", "is_canonical": null}, {"name": "కేప్ వెర్డీన్ క్రియోల్", "bcp_47_code": "te", "locale_id": "lang:000508", "is_canonical": null}, {"name": "ครีโอลเคปเวิร์ด", "bcp_47_code": "th", "locale_id": "lang:000248", "is_canonical": null}, {"name": "Cape Verdean Creole", "bcp_47_code": "tl", "locale_id": "lang:002540", "is_canonical": true}, {"name": "Cape Verde Kreolcesi", "bcp_47_code": "tr", "locale_id": "lang:000917", "is_canonical": null}, {"name": "кабувердьяну", "bcp_47_code": "uk", "locale_id": "lang:001994", "is_canonical": null}, {"name": "کیپ ورڈین کریول", "bcp_47_code": "ur", "locale_id": "lang:001103", "is_canonical": null}, {"name": "kabuverdu", "bcp_47_code": "uz", "locale_id": "lang:003386", "is_canonical": null}, {"name": "tiếng Creole Ở Cape Verde", "bcp_47_code": "vi", "locale_id": "lang:004523", "is_canonical": null}, {"name": "佛得角克里奥尔语", "bcp_47_code": "cmn", "locale_id": "lang:004378", "is_canonical": null}, {"name": "isi-Cape Verdean Creole", "bcp_47_code": "zu", "locale_id": "lang:007247", "is_canonical": null}, {"name": "kabo-verda kreolo", "bcp_47_code": "eo", "locale_id": "lang:001065", "is_canonical": null}, {"name": "Lenga kabuverdianu", "bcp_47_code": "pms", "locale_id": "lang:003480", "is_canonical": true}, {"name": "język kreolski wysp zielonego przylądka", "bcp_47_code": "pl", "locale_id": "lang:001433", "is_canonical": null}, {"name": "kapverdská kreolština", "bcp_47_code": "cs", "locale_id": "lang:007371", "is_canonical": null}, {"name": "кабовердиански език", "bcp_47_code": "bg", "locale_id": "lang:003294", "is_canonical": null}, {"name": "Кабувердьяну", "bcp_47_code": "kv", "locale_id": "lang:000812", "is_canonical": true}, {"name": "krioli", "bcp_47_code": "sv", "locale_id": "lang:004782", "is_canonical": null}, {"name": "Kaapverdisch-Creools", "bcp_47_code": "nl", "locale_id": "lang:006448", "is_canonical": null}, {"name": "creòl de cap verd", "bcp_47_code": "oc", "locale_id": "lang:003832", "is_canonical": true}, {"name": "Kaapverdiaans", "bcp_47_code": "li", "locale_id": "lang:000599", "is_canonical": true}, {"name": "creoło caoverdian", "bcp_47_code": "vec", "locale_id": "lang:004329", "is_canonical": true}, {"name": "Capoverdean", "bcp_47_code": "lfn", "locale_id": null, "is_canonical": true}, {"name": "criollu cabuverdianu", "bcp_47_code": "ast", "locale_id": "lang:006965", "is_canonical": null}, {"name": "維德角克里奧爾語", "bcp_47_code": "cmn", "locale_id": "lang:004378", "is_canonical": null}, {"name": "لهجة الرأس الأخضر", "bcp_47_code": "ar", "locale_id": "lang:000884", "is_canonical": null}, {"name": "كريول د الراس لخضر", "bcp_47_code": "ary", "locale_id": "lang:001493", "is_canonical": true}, {"name": "creolu capiverdianu", "bcp_47_code": "co", "locale_id": "lang:006406", "is_canonical": true}, {"name": "Kikaboverde", "bcp_47_code": "sw", "locale_id": "lang:001597", "is_canonical": null}, {"name": "Creole Cabo Verde", "bcp_47_code": "cy", "locale_id": "lang:005257", "is_canonical": null}, {"name": "কেপ ভার্ডিয়ান ক্রেওল", "bcp_47_code": "bn", "locale_id": "lang:000178", "is_canonical": null}, {"name": "kap verde-kreol", "bcp_47_code": "da", "locale_id": "lang:006478", "is_canonical": null}, {"name": "кабувэрд’яну", "bcp_47_code": "be", "locale_id": "lang:004942", "is_canonical": null}, {"name": "zelenortska kreolščina", "bcp_47_code": "sl", "locale_id": "lang:004352", "is_canonical": null}, {"name": "kabuverdianu", "bcp_47_code": "pt", "locale_id": "lang:001977", "is_canonical": null}, {"name": "crioulo caboverdiano", "bcp_47_code": "pt", "locale_id": "lang:001977", "is_canonical": null}, {"name": "crioulos de cabo verde", "bcp_47_code": "pt", "locale_id": "lang:001977", "is_canonical": null}, {"name": "crioulo de cabo verde", "bcp_47_code": "pt", "locale_id": "lang:001977", "is_canonical": null}, {"name": "kriolu", "bcp_47_code": "pt", "locale_id": "lang:001977", "is_canonical": null}, {"name": "kriol", "bcp_47_code": "pt", "locale_id": "lang:001977", "is_canonical": null}, {"name": "língua cabo-verdiana", "bcp_47_code": "pt", "locale_id": "lang:001977", "is_canonical": null}, {"name": "kabverda kreolo", "bcp_47_code": "eo", "locale_id": "lang:001065", "is_canonical": null}, {"name": "kabo-verda lingvo", "bcp_47_code": "eo", "locale_id": "lang:001065", "is_canonical": null}, {"name": "кабовердиану", "bcp_47_code": "ru", "locale_id": "lang:006745", "is_canonical": null}, {"name": "португальский язык в кабо-верде", "bcp_47_code": "ru", "locale_id": "lang:006745", "is_canonical": null}, {"name": "creole du cap-vert", "bcp_47_code": "fr", "locale_id": "lang:002512", "is_canonical": null}, {"name": "les différents créoles du cap-vert", "bcp_47_code": "fr", "locale_id": "lang:002512", "is_canonical": null}, {"name": "créole cap-verdien", "bcp_47_code": "fr", "locale_id": "lang:002512", "is_canonical": null}, {"name": "créoles du cap-vert", "bcp_47_code": "fr", "locale_id": "lang:002512", "is_canonical": null}, {"name": "criollo cabo-verdiano", "bcp_47_code": "es", "locale_id": "lang:005944", "is_canonical": null}, {"name": "criollo cabo verdiano", "bcp_47_code": "es", "locale_id": "lang:005944", "is_canonical": null}, {"name": "creolo di capo verde", "bcp_47_code": "it", "locale_id": "lang:005147", "is_canonical": null}, {"name": "lingua creola capoverdiana", "bcp_47_code": "it", "locale_id": "lang:005147", "is_canonical": null}, {"name": "クリオウロ・カーボ・ヴェルディアーノ", "bcp_47_code": "ja", "locale_id": "lang:005185", "is_canonical": null}, {"name": "カーボベルディアン・クレオール", "bcp_47_code": "ja", "locale_id": "lang:005185", "is_canonical": null}, {"name": "カーボ・ヴェルデ・クレオール語", "bcp_47_code": "ja", "locale_id": "lang:005185", "is_canonical": null}, {"name": "kap verde-kreol", "bcp_47_code": "sv", "locale_id": "lang:004782", "is_canonical": null}, {"name": "Kaapverdisch", "bcp_47_code": "nl", "locale_id": "lang:006448", "is_canonical": null}, {"name": "Crioulo", "bcp_47_code": "nl", "locale_id": "lang:006448", "is_canonical": null}, {"name": "Kriolu", "bcp_47_code": "en", "locale_id": "lang:004172", "is_canonical": null}, {"name": "língua kabuverdianu", "bcp_47_code": "kea", "locale_id": "lang:000423", "is_canonical": null}, {"name": "kriolu", "bcp_47_code": "kea", "locale_id": "lang:000423", "is_canonical": null}, {"name": "kriol", "bcp_47_code": "kea", "locale_id": "lang:000423", "is_canonical": null}, {"name": "佛得角克里奧爾語", "bcp_47_code": "cmn", "locale_id": "lang:004378", "is_canonical": null}, {"name": "creolu capuverdianu", "bcp_47_code": "co", "locale_id": "lang:006406", "is_canonical": null}]