[{"name": "Varhadi-Nagpuri", "bcp_47_code": "en", "locale_id": "lang:004172", "is_canonical": true}, {"name": "Varhadi", "bcp_47_code": "en", "locale_id": "lang:004172", "is_canonical": null}, {"name": "वर्हाडी बोली", "bcp_47_code": "hi", "locale_id": "lang:005010", "is_canonical": true}, {"name": "वऱ्हाडी बोलीभाषा", "bcp_47_code": "mr", "locale_id": "lang:003376", "is_canonical": true}, {"name": "Lenga varhadi-nagpuri", "bcp_47_code": "pms", "locale_id": "lang:003480", "is_canonical": true}, {"name": "ヴァルハディ＝ナーグプリ語", "bcp_47_code": "ja", "locale_id": "lang:005185", "is_canonical": true}, {"name": "varhadi-nagpuri", "bcp_47_code": "fi", "locale_id": "lang:005250", "is_canonical": true}, {"name": "Kivarhadi-Nagpuri", "bcp_47_code": "sw", "locale_id": "lang:001597", "is_canonical": true}, {"name": "varhadi", "bcp_47_code": "fr", "locale_id": "lang:002512", "is_canonical": true}, {"name": "Wikaing Varhadi", "bcp_47_code": "tl", "locale_id": "lang:002540", "is_canonical": true}, {"name": "varhadi-nagpuri", "bcp_47_code": "es", "locale_id": "lang:005944", "is_canonical": true}, {"name": "वऱ्हाडी बोली", "bcp_47_code": "gom", "locale_id": "lang:001345", "is_canonical": true}, {"name": "瓦尔哈迪语", "bcp_47_code": "cmn", "locale_id": "lang:004378", "is_canonical": true}, {"name": "ਵਰਹਾਡੀ", "bcp_47_code": "pa", "locale_id": "lang:003658", "is_canonical": true}, {"name": "বর্হাডী বোলী", "bcp_47_code": "bn", "locale_id": "lang:000178", "is_canonical": true}, {"name": "ורהאדית", "bcp_47_code": "he", "locale_id": "lang:000780", "is_canonical": true}, {"name": "Varhadi Dialect", "bcp_47_code": "en", "locale_id": "lang:004172", "is_canonical": null}, {"name": "varhadi-nagpuri", "bcp_47_code": "fr", "locale_id": "lang:002512", "is_canonical": null}, {"name": "ਵਰਹਾਡੀ-ਨਾਗਪੁਰੀ", "bcp_47_code": "pa", "locale_id": "lang:003658", "is_canonical": null}, {"name": "বর্হাডি-নাগপুরি", "bcp_47_code": "bn", "locale_id": "lang:000178", "is_canonical": null}, {"name": "বর্হাডি উপভাষা", "bcp_47_code": "bn", "locale_id": "lang:000178", "is_canonical": null}, {"name": "वऱ्हाडी", "bcp_47_code": "vah", "locale_id": "lang:000468", "is_canonical": true}, {"name": "Varhadi", "bcp_47_code": "vah", "locale_id": "lang:000468", "is_canonical": null}]