[{"name": "Remontado Dumagat", "bcp_47_code": "en", "locale_id": "lang:004172", "is_canonical": true}, {"name": "Hatang Kayi", "bcp_47_code": "en", "locale_id": "lang:004172", "is_canonical": true}, {"name": "Remontado Agta", "bcp_47_code": "en", "locale_id": "lang:004172", "is_canonical": null}, {"name": "Lenga agta", "bcp_47_code": "pms", "locale_id": "lang:003480", "is_canonical": true}, {"name": "Sinauna", "bcp_47_code": "en", "locale_id": "lang:004172", "is_canonical": null}, {"name": "remontado jezik agta", "bcp_47_code": "hr", "locale_id": "lang:001280", "is_canonical": true}, {"name": "Kidumagat-Remontado", "bcp_47_code": "sw", "locale_id": "lang:001597", "is_canonical": true}, {"name": "Agta Remontado", "bcp_47_code": "ilo", "locale_id": "lang:007408", "is_canonical": true}, {"name": "Tataramon na Remontado Agta", "bcp_47_code": "bcl", "locale_id": "lang:005135", "is_canonical": true}, {"name": "bahasa Hatang-Kayi", "bcp_47_code": "id", "locale_id": "lang:005344", "is_canonical": true}, {"name": "Wikang Remontado Agta", "bcp_47_code": "tl", "locale_id": "lang:002540", "is_canonical": true}, {"name": "língua remontado dumagat", "bcp_47_code": "pt", "locale_id": "lang:001977", "is_canonical": true}, {"name": "remontado agta jezik", "bcp_47_code": "hr", "locale_id": "lang:001280", "is_canonical": null}, {"name": "bahasa Sinauna", "bcp_47_code": "id", "locale_id": "lang:005344", "is_canonical": null}, {"name": "bahasa Remontado", "bcp_47_code": "id", "locale_id": "lang:005344", "is_canonical": null}, {"name": "bahasa Kabalat", "bcp_47_code": "id", "locale_id": "lang:005344", "is_canonical": null}, {"name": "Hatang-Kayi", "bcp_47_code": "id", "locale_id": "lang:005344", "is_canonical": null}, {"name": "Remontado", "bcp_47_code": "id", "locale_id": "lang:005344", "is_canonical": null}, {"name": "Kabalat", "bcp_47_code": "id", "locale_id": "lang:005344", "is_canonical": null}]