[{"name": "Bhattiyali", "bcp_47_code": "en", "locale_id": "lang:004172", "is_canonical": true}, {"name": "bhattiyali jezik", "bcp_47_code": "hr", "locale_id": "lang:001280", "is_canonical": true}, {"name": "Bhateali", "bcp_47_code": "en", "locale_id": "lang:004172", "is_canonical": null}, {"name": "Lenga bhattiyali", "bcp_47_code": "pms", "locale_id": "lang:003480", "is_canonical": true}, {"name": "Kibhattiyali", "bcp_47_code": "sw", "locale_id": "lang:001597", "is_canonical": true}, {"name": "バッティヤリ語", "bcp_47_code": "ja", "locale_id": "lang:005185", "is_canonical": true}, {"name": "ভটিয়ালী ভাষা", "bcp_47_code": "bn", "locale_id": "lang:000178", "is_canonical": true}, {"name": "بھٹیالی", "bcp_47_code": "pnb", "locale_id": "lang:003334", "is_canonical": true}, {"name": "ਭਟਿਆਲੀ", "bcp_47_code": "pa", "locale_id": "lang:003658", "is_canonical": true}, {"name": "भटियाली", "bcp_47_code": "hi", "locale_id": "lang:005010", "is_canonical": true}, {"name": "ভটিয়ালী", "bcp_47_code": "as", "locale_id": "lang:003208", "is_canonical": true}, {"name": "בהאטיאלי", "bcp_47_code": "he", "locale_id": "lang:000780", "is_canonical": true}, {"name": "Bhatteali", "bcp_47_code": "en", "locale_id": "lang:004172", "is_canonical": null}, {"name": "Lenga Bhattiyali", "bcp_47_code": "pms", "locale_id": "lang:003480", "is_canonical": null}]