[{"name": "Anor", "bcp_47_code": "en", "locale_id": "lang:004172", "is_canonical": true}, {"name": "Lenga Anor", "bcp_47_code": "pms", "locale_id": "lang:003480", "is_canonical": true}, {"name": "anoreg", "bcp_47_code": "br", "locale_id": "lang:003643", "is_canonical": true}, {"name": "anor jezik", "bcp_47_code": "hr", "locale_id": "lang:001280", "is_canonical": true}, {"name": "idioma anor", "bcp_47_code": "es", "locale_id": "lang:005944", "is_canonical": true}, {"name": "Kianor", "bcp_47_code": "sw", "locale_id": "lang:001597", "is_canonical": true}, {"name": "język anor", "bcp_47_code": "pl", "locale_id": "lang:001433", "is_canonical": true}, {"name": "Anor", "bcp_47_code": "ilo", "locale_id": "lang:007408", "is_canonical": true}, {"name": "anor", "bcp_47_code": "fr", "locale_id": "lang:002512", "is_canonical": true}, {"name": "idioma anor", "bcp_47_code": "ast", "locale_id": "lang:006965", "is_canonical": true}]