[{"name": "Kedah Malay", "bcp_47_code": "en", "locale_id": "lang:004172", "is_canonical": true}, {"name": "Kedah-Maleis", "bcp_47_code": "af", "locale_id": "lang:006849", "is_canonical": true}, {"name": "ከዳህ ማሌይ", "bcp_47_code": "am", "locale_id": "lang:000379", "is_canonical": true}, {"name": "الماليزية القداحية", "bcp_47_code": "ar", "locale_id": "lang:000884", "is_canonical": true}, {"name": "কেডাহ মালয়", "bcp_47_code": "as", "locale_id": "lang:003208", "is_canonical": true}, {"name": "Kedah Malay", "bcp_47_code": "az", "locale_id": "lang:000492", "is_canonical": true}, {"name": "кедахская малайская", "bcp_47_code": "be", "locale_id": "lang:004942", "is_canonical": true}, {"name": "кедахан", "bcp_47_code": "bg", "locale_id": "lang:003294", "is_canonical": true}, {"name": "কেদাহ মালয়", "bcp_47_code": "bn", "locale_id": "lang:000178", "is_canonical": true}, {"name": "kedah malajski", "bcp_47_code": "bs", "locale_id": "lang:005177", "is_canonical": true}, {"name": "malai de kedah", "bcp_47_code": "ca", "locale_id": "lang:000334", "is_canonical": true}, {"name": "malajština", "bcp_47_code": "cs", "locale_id": "lang:007371", "is_canonical": true}, {"name": "kedah-malajisk", "bcp_47_code": "da", "locale_id": "lang:006478", "is_canonical": true}, {"name": "Kedah-Malaiisch", "bcp_47_code": "de", "locale_id": "lang:006636", "is_canonical": true}, {"name": "Κένταχ Μαλάι", "bcp_47_code": "el", "locale_id": "lang:002331", "is_canonical": true}, {"name": "malayo", "bcp_47_code": "es", "locale_id": "lang:005944", "is_canonical": true}, {"name": "kedahi malai", "bcp_47_code": "et", "locale_id": "lang:007279", "is_canonical": true}, {"name": "kedahko malaysiera", "bcp_47_code": "eu", "locale_id": "lang:004920", "is_canonical": true}, {"name": "مالایی کداح", "bcp_47_code": "fa", "locale_id": "lang:005211", "is_canonical": true}, {"name": "malaiji", "bcp_47_code": "fi", "locale_id": "lang:005250", "is_canonical": true}, {"name": "Kedah Malay", "bcp_47_code": "fil", "locale_id": "lang:004854", "is_canonical": true}, {"name": "malais de kedah", "bcp_47_code": "fr", "locale_id": "lang:002512", "is_canonical": true}, {"name": "Malaio Kedah", "bcp_47_code": "gl", "locale_id": "lang:006921", "is_canonical": true}, {"name": "Kedah-Malaiisch", "bcp_47_code": "gsw", "locale_id": "lang:006414", "is_canonical": true}, {"name": "કેદાહ મલય", "bcp_47_code": "gu", "locale_id": "lang:006797", "is_canonical": true}, {"name": "केडाह मलय", "bcp_47_code": "hi", "locale_id": "lang:005010", "is_canonical": true}, {"name": "kedah malajski", "bcp_47_code": "hr", "locale_id": "lang:001280", "is_canonical": true}, {"name": "kedahi maláj", "bcp_47_code": "hu", "locale_id": "lang:004445", "is_canonical": true}, {"name": "մալայերեն", "bcp_47_code": "hy", "locale_id": "lang:006918", "is_canonical": true}, {"name": "Melayu Kedah", "bcp_47_code": "id", "locale_id": "lang:005344", "is_canonical": true}, {"name": "Melayu Kedah", "bcp_47_code": "in", "locale_id": "lang:005344", "is_canonical": true}, {"name": "kedah-malajíska", "bcp_47_code": "is", "locale_id": "lang:006417", "is_canonical": true}, {"name": "malese", "bcp_47_code": "it", "locale_id": "lang:005147", "is_canonical": true}, {"name": "קדה מלזית", "bcp_47_code": "he", "locale_id": "lang:000780", "is_canonical": true}, {"name": "ケダ マレー語", "bcp_47_code": "ja", "locale_id": "lang:005185", "is_canonical": true}, {"name": "მალაიური კედაჰი", "bcp_47_code": "ka", "locale_id": "lang:005687", "is_canonical": true}, {"name": "Кедах Малай", "bcp_47_code": "kk", "locale_id": "lang:001017", "is_canonical": true}, {"name": "ម៉ាឡេស៊ីបែបគេដា", "bcp_47_code": "km", "locale_id": "lang:000690", "is_canonical": true}, {"name": "ಕೆದಹ್ ಮಲೈ", "bcp_47_code": "kn", "locale_id": "lang:006289", "is_canonical": true}, {"name": "크다 말레이어", "bcp_47_code": "ko", "locale_id": "lang:000685", "is_canonical": true}, {"name": "Кедах малайча", "bcp_47_code": "ky", "locale_id": "lang:003193", "is_canonical": true}, {"name": "Malais de Kedah", "bcp_47_code": "ln", "locale_id": "lang:005075", "is_canonical": true}, {"name": "ເຄດາ ມາເລ", "bcp_47_code": "lo", "locale_id": "lang:002848", "is_canonical": true}, {"name": "malajų kalba", "bcp_47_code": "lt", "locale_id": "lang:000996", "is_canonical": true}, {"name": "malajiešu", "bcp_47_code": "lv", "locale_id": "lang:006606", "is_canonical": true}, {"name": "кедахски малајски", "bcp_47_code": "mk", "locale_id": "lang:001683", "is_canonical": true}, {"name": "ഖേദാ മലയ്", "bcp_47_code": "ml", "locale_id": "lang:001880", "is_canonical": true}, {"name": "Кедах Малай", "bcp_47_code": "mn", "locale_id": "lang:005506", "is_canonical": true}, {"name": "Malaieză Kedah", "bcp_47_code": "mo", "locale_id": "lang:006592", "is_canonical": true}, {"name": "केद मलय", "bcp_47_code": "mr", "locale_id": "lang:003376", "is_canonical": true}, {"name": "Melayu Kedah", "bcp_47_code": "ms", "locale_id": "lang:001263", "is_canonical": true}, {"name": "ကီးဒါရ် မလေး", "bcp_47_code": "my", "locale_id": "lang:004196", "is_canonical": true}, {"name": "kedah-malayisk", "bcp_47_code": "nb", "locale_id": "lang:000958", "is_canonical": true}, {"name": "केदाह मलाय", "bcp_47_code": "ne", "locale_id": "lang:004630", "is_canonical": true}, {"name": "Kedah Maleis", "bcp_47_code": "nl", "locale_id": "lang:006448", "is_canonical": true}, {"name": "kedah-malayisk", "bcp_47_code": "no", "locale_id": "lang:002536", "is_canonical": true}, {"name": "କେଦା ମାଲାୟ", "bcp_47_code": "or", "locale_id": "lang:001930", "is_canonical": true}, {"name": "ਕੇਦਾਹ ਮਲਾਏ", "bcp_47_code": "pa", "locale_id": "lang:003658", "is_canonical": true}, {"name": "malajski kedah", "bcp_47_code": "pl", "locale_id": "lang:001433", "is_canonical": true}, {"name": "malaio de quedá", "bcp_47_code": "pt", "locale_id": "lang:001977", "is_canonical": true}, {"name": "malaieză kedah", "bcp_47_code": "ro", "locale_id": "lang:006592", "is_canonical": true}, {"name": "малайский", "bcp_47_code": "ru", "locale_id": "lang:006745", "is_canonical": true}, {"name": "කෙඩා මැලේ", "bcp_47_code": "si", "locale_id": "lang:000326", "is_canonical": true}, {"name": "Kedah – malajčina", "bcp_47_code": "sk", "locale_id": "lang:005464", "is_canonical": true}, {"name": "kedaška malajščina", "bcp_47_code": "sl", "locale_id": "lang:004352", "is_canonical": true}, {"name": "Kedahishte malajzeze", "bcp_47_code": "sq", "locale_id": "lang:006275", "is_canonical": true}, {"name": "кедах малајска", "bcp_47_code": "sr", "locale_id": "lang:002701", "is_canonical": true}, {"name": "malaysiska", "bcp_47_code": "sv", "locale_id": "lang:004782", "is_canonical": true}, {"name": "Kimalesia cha Kedah", "bcp_47_code": "sw", "locale_id": "lang:001597", "is_canonical": true}, {"name": "கெடா மலாய்", "bcp_47_code": "ta", "locale_id": "lang:002996", "is_canonical": true}, {"name": "కెడా మలయ్", "bcp_47_code": "te", "locale_id": "lang:000508", "is_canonical": true}, {"name": "มลายูเกอดะฮ์", "bcp_47_code": "th", "locale_id": "lang:000248", "is_canonical": true}, {"name": "Kedah Malay", "bcp_47_code": "tl", "locale_id": "lang:002540", "is_canonical": true}, {"name": "Kedah Malayca", "bcp_47_code": "tr", "locale_id": "lang:000917", "is_canonical": true}, {"name": "кедахська малайська", "bcp_47_code": "uk", "locale_id": "lang:001994", "is_canonical": true}, {"name": "کیدہ مالائی", "bcp_47_code": "ur", "locale_id": "lang:001103", "is_canonical": true}, {"name": "kedax-malay", "bcp_47_code": "uz", "locale_id": "lang:003386", "is_canonical": true}, {"name": "tiếng Kedah Malay", "bcp_47_code": "vi", "locale_id": "lang:004523", "is_canonical": true}, {"name": "吉打马来语", "bcp_47_code": "cmn", "locale_id": "lang:004378", "is_canonical": true}, {"name": "i-Kedah Malay", "bcp_47_code": "zu", "locale_id": "lang:007247", "is_canonical": true}, {"name": "Kedah-Perak-Perlis-Penang Malay", "bcp_47_code": "en", "locale_id": "lang:004172", "is_canonical": null}, {"name": "ภาษามลายูเกอดะฮ์", "bcp_47_code": "th", "locale_id": "lang:000248", "is_canonical": null}, {"name": "bahasa Melayu Kedah", "bcp_47_code": "ms", "locale_id": "lang:001263", "is_canonical": null}, {"name": "Kedah Lenga Malay", "bcp_47_code": "pms", "locale_id": "lang:003480", "is_canonical": true}, {"name": "Kimalay ya Kedah", "bcp_47_code": "sw", "locale_id": "lang:001597", "is_canonical": null}, {"name": "کداح مالای", "bcp_47_code": "fa", "locale_id": "lang:005211", "is_canonical": null}, {"name": "Malayo Kedah", "bcp_47_code": "ilo", "locale_id": "lang:007408", "is_canonical": true}, {"name": "Melayu Kedah-Perak-Perlis-Penang", "bcp_47_code": "id", "locale_id": "lang:005344", "is_canonical": null}, {"name": "吉打馬來語", "bcp_47_code": "cmn", "locale_id": "lang:004378", "is_canonical": null}, {"name": "کداح مالای دیلی", "bcp_47_code": "azb", "locale_id": "lang:003109", "is_canonical": true}, {"name": "Malayo na Kedah", "bcp_47_code": "bcl", "locale_id": "lang:005135", "is_canonical": true}, {"name": "język malajski stanu kedah", "bcp_47_code": "pl", "locale_id": "lang:001433", "is_canonical": null}, {"name": "ภาษามลายูถิ่นสตูล", "bcp_47_code": "th", "locale_id": "lang:000248", "is_canonical": null}, {"name": "ภาษามลายูเกดะห์", "bcp_47_code": "th", "locale_id": "lang:000248", "is_canonical": null}, {"name": "bahasa Melayu Kedah Perlis", "bcp_47_code": "ms", "locale_id": "lang:001263", "is_canonical": null}, {"name": "吉打马来人", "bcp_47_code": "cmn", "locale_id": "lang:004378", "is_canonical": null}, {"name": "吉打馬來人", "bcp_47_code": "cmn", "locale_id": "lang:004378", "is_canonical": null}, {"name": "吉打話", "bcp_47_code": "cmn", "locale_id": "lang:004378", "is_canonical": null}, {"name": "bahasa Melayu Kedah", "bcp_47_code": "id", "locale_id": "lang:005344", "is_canonical": null}, {"name": "kedaškomalajski jezik", "bcp_47_code": "sl", "locale_id": "lang:004352", "is_canonical": null}, {"name": "Pelat Utagha", "bcp_47_code": "meo", "locale_id": "lang:000160", "is_canonical": true}, {"name": "Kedah-Perak Malay", "bcp_47_code": "en", "locale_id": "lang:004172", "is_canonical": true}]