[{"name": "Bankon", "bcp_47_code": "en", "locale_id": "lang:004172", "is_canonical": true}, {"name": "Lingua abo", "bcp_47_code": "gl", "locale_id": "lang:006921", "is_canonical": true}, {"name": "Kibankon", "bcp_47_code": "sw", "locale_id": "lang:001597", "is_canonical": true}, {"name": "Bankon", "bcp_47_code": "de", "locale_id": "lang:006636", "is_canonical": true}, {"name": "Lenga Bankon", "bcp_47_code": "pms", "locale_id": "lang:003480", "is_canonical": true}, {"name": "bankon", "bcp_47_code": "fr", "locale_id": "lang:002512", "is_canonical": true}, {"name": "bankon", "bcp_47_code": "hr", "locale_id": "lang:001280", "is_canonical": true}, {"name": "bankon", "bcp_47_code": "ca", "locale_id": "lang:000334", "is_canonical": true}, {"name": "bankon", "bcp_47_code": "oc", "locale_id": "lang:003832", "is_canonical": true}, {"name": "bankon", "bcp_47_code": "es", "locale_id": "lang:005944", "is_canonical": true}, {"name": "Bankon", "bcp_47_code": "li", "locale_id": "lang:000599", "is_canonical": true}, {"name": "bankoni keel", "bcp_47_code": "et", "locale_id": "lang:007279", "is_canonical": true}, {"name": "Wikang Bankon", "bcp_47_code": "tl", "locale_id": "lang:002540", "is_canonical": true}, {"name": "język bankon", "bcp_47_code": "pl", "locale_id": "lang:001433", "is_canonical": true}, {"name": "Γλώσσα Μπανκόν", "bcp_47_code": "el", "locale_id": "lang:002331", "is_canonical": true}, {"name": "Bankon", "bcp_47_code": "bar", "locale_id": "lang:002296", "is_canonical": true}, {"name": "Bankon", "bcp_47_code": "ig", "locale_id": "lang:002832", "is_canonical": true}, {"name": "Abo", "bcp_47_code": "gl", "locale_id": "lang:006921", "is_canonical": null}, {"name": "abaw", "bcp_47_code": "fr", "locale_id": "lang:002512", "is_canonical": null}, {"name": "abo", "bcp_47_code": "fr", "locale_id": "lang:002512", "is_canonical": null}, {"name": "bo", "bcp_47_code": "fr", "locale_id": "lang:002512", "is_canonical": null}, {"name": "bon", "bcp_47_code": "fr", "locale_id": "lang:002512", "is_canonical": null}]