[{"name": "Larike-Wakasihu", "bcp_47_code": "en", "locale_id": "lang:004172", "is_canonical": true}, {"name": "larike", "bcp_47_code": "fr", "locale_id": "lang:002512", "is_canonical": true}, {"name": "Lenga Larike-Wakasihu", "bcp_47_code": "pms", "locale_id": "lang:003480", "is_canonical": true}, {"name": "Wakasihu", "bcp_47_code": "en", "locale_id": "lang:004172", "is_canonical": null}, {"name": "Kilarike-Wakasihu", "bcp_47_code": "sw", "locale_id": "lang:001597", "is_canonical": true}, {"name": "Wakasihu", "bcp_47_code": "ilo", "locale_id": "lang:007408", "is_canonical": true}, {"name": "larike-wakasihu jezik", "bcp_47_code": "hr", "locale_id": "lang:001280", "is_canonical": true}, {"name": "Wikang Wakasihu", "bcp_47_code": "tl", "locale_id": "lang:002540", "is_canonical": true}, {"name": "język larike-wakasihu", "bcp_47_code": "pl", "locale_id": "lang:001433", "is_canonical": true}, {"name": "瓦卡西胡语", "bcp_47_code": "cmn", "locale_id": "lang:004378", "is_canonical": true}]