[{"name": "Hunzib", "bcp_47_code": "en", "locale_id": "lang:004172", "is_canonical": true}, {"name": "língua hunzib", "bcp_47_code": "pt", "locale_id": "lang:001977", "is_canonical": true}, {"name": "hounzibeg", "bcp_47_code": "br", "locale_id": "lang:003643", "is_canonical": true}, {"name": "język chunzybski", "bcp_47_code": "pl", "locale_id": "lang:001433", "is_canonical": true}, {"name": "hunzib", "bcp_47_code": "fr", "locale_id": "lang:002512", "is_canonical": true}, {"name": "гунзибский язык", "bcp_47_code": "ru", "locale_id": "lang:006745", "is_canonical": true}, {"name": "хунзипски јазик", "bcp_47_code": "mk", "locale_id": "lang:001683", "is_canonical": true}, {"name": "hunzibin kieli", "bcp_47_code": "fi", "locale_id": "lang:005250", "is_canonical": true}, {"name": "гунзибська мова", "bcp_47_code": "uk", "locale_id": "lang:001994", "is_canonical": true}, {"name": "Lenga Hunzib", "bcp_47_code": "pms", "locale_id": "lang:003480", "is_canonical": true}, {"name": "Hunzibskŏ gŏdka", "bcp_47_code": "szl", "locale_id": "lang:002207", "is_canonical": true}, {"name": "フンズィブ語", "bcp_47_code": "ja", "locale_id": "lang:005185", "is_canonical": true}, {"name": "Kihunzib", "bcp_47_code": "sw", "locale_id": "lang:001597", "is_canonical": true}, {"name": "hunzibština", "bcp_47_code": "cs", "locale_id": "lang:007371", "is_canonical": true}, {"name": "хунзибски језик", "bcp_47_code": "sr", "locale_id": "lang:002701", "is_canonical": true}, {"name": "hunzib", "bcp_47_code": "it", "locale_id": "lang:005147", "is_canonical": true}, {"name": "hunzib", "bcp_47_code": "oc", "locale_id": "lang:003832", "is_canonical": true}, {"name": "Hunzib", "bcp_47_code": "nl", "locale_id": "lang:006448", "is_canonical": true}, {"name": "hunzib", "bcp_47_code": "vec", "locale_id": "lang:004329", "is_canonical": true}, {"name": "Гунзиб теле", "bcp_47_code": "tt", "locale_id": "lang:003939", "is_canonical": true}, {"name": "bahasa Hunzib", "bcp_47_code": "id", "locale_id": "lang:005344", "is_canonical": true}, {"name": "洪兹布语", "bcp_47_code": "cmn", "locale_id": "lang:004378", "is_canonical": true}, {"name": "нахадинский язык", "bcp_47_code": "ru", "locale_id": "lang:006745", "is_canonical": null}, {"name": "gunzibin kieli", "bcp_47_code": "fi", "locale_id": "lang:005250", "is_canonical": null}, {"name": "フンザフ語", "bcp_47_code": "ja", "locale_id": "lang:005185", "is_canonical": null}, {"name": "フンジブ語", "bcp_47_code": "ja", "locale_id": "lang:005185", "is_canonical": null}, {"name": "lingua hunzib", "bcp_47_code": "it", "locale_id": "lang:005147", "is_canonical": null}, {"name": "хунзибски јазик", "bcp_47_code": "mk", "locale_id": "lang:001683", "is_canonical": null}]