[{"name": "Dogosé", "bcp_47_code": "en", "locale_id": "lang:004172", "is_canonical": true}, {"name": "Kidogose", "bcp_47_code": "sw", "locale_id": "lang:001597", "is_canonical": true}, {"name": "Lenga Dogose", "bcp_47_code": "pms", "locale_id": "lang:003480", "is_canonical": true}, {"name": "Doghose", "bcp_47_code": "en", "locale_id": "lang:004172", "is_canonical": null}, {"name": "lingua dogosé", "bcp_47_code": "it", "locale_id": "lang:005147", "is_canonical": true}, {"name": "dogosé", "bcp_47_code": "fr", "locale_id": "lang:002512", "is_canonical": true}, {"name": "dogosé", "bcp_47_code": "vec", "locale_id": "lang:004329", "is_canonical": true}, {"name": "zimanê dogose", "bcp_47_code": "ku", "locale_id": "lang:003565", "is_canonical": true}, {"name": "Asụsụ Doghose", "bcp_47_code": "ig", "locale_id": "lang:002832", "is_canonical": true}, {"name": "Dogose", "bcp_47_code": "en", "locale_id": "lang:004172", "is_canonical": null}, {"name": "dogose", "bcp_47_code": "fr", "locale_id": "lang:002512", "is_canonical": null}, {"name": "dɔgɔsɛ", "bcp_47_code": "fr", "locale_id": "lang:002512", "is_canonical": null}]