[{"name": "Phunoi", "bcp_47_code": "en", "locale_id": "lang:004172", "is_canonical": true}, {"name": "Lenga Phunoi", "bcp_47_code": "pms", "locale_id": "lang:003480", "is_canonical": true}, {"name": "pounoieg", "bcp_47_code": "br", "locale_id": "lang:003643", "is_canonical": true}, {"name": "プーノーイ語", "bcp_47_code": "ja", "locale_id": "lang:005185", "is_canonical": true}, {"name": "phunoi jezik", "bcp_47_code": "hr", "locale_id": "lang:001280", "is_canonical": true}, {"name": "Wikang Phunoi", "bcp_47_code": "tl", "locale_id": "lang:002540", "is_canonical": true}, {"name": "phunoi", "bcp_47_code": "fr", "locale_id": "lang:002512", "is_canonical": true}, {"name": "普内语", "bcp_47_code": "cmn", "locale_id": "lang:004378", "is_canonical": true}, {"name": "ภาษาผู้น้อย", "bcp_47_code": "th", "locale_id": "lang:000248", "is_canonical": true}]