[{"name": "Kugama", "bcp_47_code": "en", "locale_id": "lang:004172", "is_canonical": true}, {"name": "Gengle-Kugama", "bcp_47_code": "en", "locale_id": "lang:004172", "is_canonical": true}, {"name": "Kikugama", "bcp_47_code": "sw", "locale_id": "lang:001597", "is_canonical": true}, {"name": "Lenga Kugama", "bcp_47_code": "pms", "locale_id": "lang:003480", "is_canonical": true}, {"name": "kugama", "bcp_47_code": "fr", "locale_id": "lang:002512", "is_canonical": true}, {"name": "Wikang Kugama", "bcp_47_code": "tl", "locale_id": "lang:002540", "is_canonical": true}, {"name": "кугама", "bcp_47_code": "ru", "locale_id": "lang:006745", "is_canonical": true}, {"name": "kugama", "bcp_47_code": "oc", "locale_id": "lang:003832", "is_canonical": true}, {"name": "Asụsụ Kugama", "bcp_47_code": "ig", "locale_id": "lang:002832", "is_canonical": true}, {"name": "кугамма", "bcp_47_code": "ru", "locale_id": "lang:006745", "is_canonical": null}, {"name": "вегам", "bcp_47_code": "ru", "locale_id": "lang:006745", "is_canonical": null}, {"name": "ямале", "bcp_47_code": "ru", "locale_id": "lang:006745", "is_canonical": null}, {"name": "ямало", "bcp_47_code": "ru", "locale_id": "lang:006745", "is_canonical": null}]