[{"name": "Dela-Oenale", "bcp_47_code": "en", "locale_id": "lang:004172", "is_canonical": true}, {"name": "Lenga Dela-Oenale", "bcp_47_code": "pms", "locale_id": "lang:003480", "is_canonical": true}, {"name": "Kidela-Oenale", "bcp_47_code": "sw", "locale_id": "lang:001597", "is_canonical": true}, {"name": "Dela-Oenale", "bcp_47_code": "id", "locale_id": "lang:005344", "is_canonical": true}, {"name": "língua dela-oenele", "bcp_47_code": "pt", "locale_id": "lang:001977", "is_canonical": true}, {"name": "Dela-Oenale", "bcp_47_code": "ilo", "locale_id": "lang:007408", "is_canonical": true}, {"name": "dela-oenale", "bcp_47_code": "fr", "locale_id": "lang:002512", "is_canonical": true}, {"name": "język dela-oenale", "bcp_47_code": "pl", "locale_id": "lang:001433", "is_canonical": true}, {"name": "Delha", "bcp_47_code": "en", "locale_id": "lang:004172", "is_canonical": null}, {"name": "Oe Nale", "bcp_47_code": "en", "locale_id": "lang:004172", "is_canonical": null}, {"name": "bahasa Delha", "bcp_47_code": "id", "locale_id": "lang:005344", "is_canonical": null}, {"name": "bahasa Dela-Oenale", "bcp_47_code": "id", "locale_id": "lang:005344", "is_canonical": null}, {"name": "bahasa Oe Nale", "bcp_47_code": "id", "locale_id": "lang:005344", "is_canonical": null}]