[{"name": "Malaccan Creole Portuguese", "bcp_47_code": "en", "locale_id": "lang:004172", "is_canonical": true}, {"name": "Malacca-Batavia Portuguese Creole", "bcp_47_code": "en", "locale_id": "lang:004172", "is_canonical": true}, {"name": "Kristang", "bcp_47_code": "en", "locale_id": "lang:004172", "is_canonical": null}, {"name": "língua cristã", "bcp_47_code": "pt", "locale_id": "lang:001977", "is_canonical": true}, {"name": "Lenga malaccan creole portuguese", "bcp_47_code": "pms", "locale_id": "lang:003480", "is_canonical": true}, {"name": "малайско-португальский креольский язык", "bcp_47_code": "ru", "locale_id": "lang:006745", "is_canonical": true}, {"name": "ภาษากริซตัง", "bcp_47_code": "th", "locale_id": "lang:000248", "is_canonical": true}, {"name": "kristang", "bcp_47_code": "nb", "locale_id": "lang:000958", "is_canonical": true}, {"name": "papiá kristang", "bcp_47_code": "pl", "locale_id": "lang:001433", "is_canonical": true}, {"name": "克里斯坦語", "bcp_47_code": "cmn", "locale_id": "lang:004378", "is_canonical": true}, {"name": "克里斯坦语", "bcp_47_code": "cmn", "locale_id": "lang:004378", "is_canonical": null}, {"name": "kristang", "bcp_47_code": "ca", "locale_id": "lang:000334", "is_canonical": true}, {"name": "kristang", "bcp_47_code": "fr", "locale_id": "lang:002512", "is_canonical": true}, {"name": "kristanga lingvo", "bcp_47_code": "eo", "locale_id": "lang:001065", "is_canonical": true}, {"name": "Wikang Kristang", "bcp_47_code": "tl", "locale_id": "lang:002540", "is_canonical": true}, {"name": "Cristang", "bcp_47_code": "lfn", "locale_id": null, "is_canonical": true}, {"name": "tiếng Kristang", "bcp_47_code": "vi", "locale_id": "lang:004523", "is_canonical": true}, {"name": "kristang", "bcp_47_code": "fi", "locale_id": "lang:005250", "is_canonical": true}, {"name": "bahasa Kristang", "bcp_47_code": "id", "locale_id": "lang:005344", "is_canonical": true}, {"name": "Bahasa Kristang", "bcp_47_code": "ms", "locale_id": "lang:001263", "is_canonical": true}, {"name": "マラッカ・クレオール・ポルトガル語", "bcp_47_code": "ja", "locale_id": "lang:005185", "is_canonical": true}, {"name": "Kristangs", "bcp_47_code": "af", "locale_id": "lang:006849", "is_canonical": true}, {"name": "papiá kristáng", "bcp_47_code": "pt", "locale_id": "lang:001977", "is_canonical": null}, {"name": "papia kristang", "bcp_47_code": "pt", "locale_id": "lang:001977", "is_canonical": null}, {"name": "português de malaca", "bcp_47_code": "pt", "locale_id": "lang:001977", "is_canonical": null}, {"name": "kristáng", "bcp_47_code": "pt", "locale_id": "lang:001977", "is_canonical": null}, {"name": "crioulo de malaca", "bcp_47_code": "pt", "locale_id": "lang:001977", "is_canonical": null}, {"name": "papiá", "bcp_47_code": "pt", "locale_id": "lang:001977", "is_canonical": null}, {"name": "papia", "bcp_47_code": "pt", "locale_id": "lang:001977", "is_canonical": null}, {"name": "cristang", "bcp_47_code": "pt", "locale_id": "lang:001977", "is_canonical": null}, {"name": "papiá kristang", "bcp_47_code": "pt", "locale_id": "lang:001977", "is_canonical": null}, {"name": "малайско-португальский язык", "bcp_47_code": "ru", "locale_id": "lang:006745", "is_canonical": null}, {"name": "Papia Kristang", "bcp_47_code": "en", "locale_id": "lang:004172", "is_canonical": null}, {"name": "Cristão", "bcp_47_code": "en", "locale_id": "lang:004172", "is_canonical": null}, {"name": "Cristan", "bcp_47_code": "en", "locale_id": "lang:004172", "is_canonical": null}, {"name": "Portugues Di Melaka", "bcp_47_code": "en", "locale_id": "lang:004172", "is_canonical": null}, {"name": "Linggu Mai", "bcp_47_code": "en", "locale_id": "lang:004172", "is_canonical": null}, {"name": "Papia", "bcp_47_code": "en", "locale_id": "lang:004172", "is_canonical": null}, {"name": "Portugis", "bcp_47_code": "en", "locale_id": "lang:004172", "is_canonical": null}, {"name": "portugues malaca", "bcp_47_code": "nb", "locale_id": "lang:000958", "is_canonical": null}, {"name": "papiá", "bcp_47_code": "nb", "locale_id": "lang:000958", "is_canonical": null}, {"name": "português malaca", "bcp_47_code": "nb", "locale_id": "lang:000958", "is_canonical": null}, {"name": "portugues malacca", "bcp_47_code": "nb", "locale_id": "lang:000958", "is_canonical": null}, {"name": "português de malaca", "bcp_47_code": "nb", "locale_id": "lang:000958", "is_canonical": null}, {"name": "papiá cristão", "bcp_47_code": "nb", "locale_id": "lang:000958", "is_canonical": null}, {"name": "papiá kristang", "bcp_47_code": "nb", "locale_id": "lang:000958", "is_canonical": null}, {"name": "português malacca", "bcp_47_code": "nb", "locale_id": "lang:000958", "is_canonical": null}, {"name": "kristangin kieli", "bcp_47_code": "fi", "locale_id": "lang:005250", "is_canonical": null}, {"name": "ภาษากริสตัง", "bcp_47_code": "th", "locale_id": "lang:000248", "is_canonical": null}, {"name": "kristang", "bcp_47_code": "no", "locale_id": "lang:002536", "is_canonical": true}]