[{"name": "Kanowit-Tanjong Melanau", "bcp_47_code": "en", "locale_id": "lang:004172", "is_canonical": true}, {"name": "Kanowit", "bcp_47_code": "en", "locale_id": "lang:004172", "is_canonical": null}, {"name": "Lenga kanowit", "bcp_47_code": "pms", "locale_id": "lang:003480", "is_canonical": true}, {"name": "Kimelanau ya Kanowit-Tanjong", "bcp_47_code": "sw", "locale_id": "lang:001597", "is_canonical": true}, {"name": "Kanowit", "bcp_47_code": "ilo", "locale_id": "lang:007408", "is_canonical": true}, {"name": "kanowit", "bcp_47_code": "fr", "locale_id": "lang:002512", "is_canonical": true}, {"name": "Wikang Kanowit", "bcp_47_code": "tl", "locale_id": "lang:002540", "is_canonical": true}, {"name": "Tataramon na Kanowit", "bcp_47_code": "bcl", "locale_id": "lang:005135", "is_canonical": true}, {"name": "Bahasa Kanowit", "bcp_47_code": "ms", "locale_id": "lang:001263", "is_canonical": true}, {"name": "Tanjong", "bcp_47_code": "en", "locale_id": "lang:004172", "is_canonical": null}]