[{"name": "Gurindji", "bcp_47_code": "en", "locale_id": "lang:004172", "is_canonical": true}, {"name": "gurinji", "bcp_47_code": "sv", "locale_id": "lang:004782", "is_canonical": true}, {"name": "Lenga gurinji", "bcp_47_code": "pms", "locale_id": "lang:003480", "is_canonical": true}, {"name": "Gurinji", "bcp_47_code": "en", "locale_id": "lang:004172", "is_canonical": null}, {"name": "グリンジ語", "bcp_47_code": "ja", "locale_id": "lang:005185", "is_canonical": true}, {"name": "Kigurinji", "bcp_47_code": "sw", "locale_id": "lang:001597", "is_canonical": true}, {"name": "gurindji", "bcp_47_code": "fr", "locale_id": "lang:002512", "is_canonical": true}, {"name": "gurindži keel", "bcp_47_code": "et", "locale_id": "lang:007279", "is_canonical": true}]