[{"name": "Doso", "bcp_47_code": "en", "locale_id": "lang:004172", "is_canonical": true}, {"name": "досо", "bcp_47_code": "ru", "locale_id": "lang:006745", "is_canonical": true}, {"name": "dosoeg", "bcp_47_code": "br", "locale_id": "lang:003643", "is_canonical": true}, {"name": "Lenga doso", "bcp_47_code": "pms", "locale_id": "lang:003480", "is_canonical": true}, {"name": "Kidoso", "bcp_47_code": "sw", "locale_id": "lang:001597", "is_canonical": true}, {"name": "Doso", "bcp_47_code": "ilo", "locale_id": "lang:007408", "is_canonical": true}, {"name": "doso", "bcp_47_code": "fr", "locale_id": "lang:002512", "is_canonical": true}]