[{"name": "Bats", "bcp_47_code": "en", "locale_id": "lang:004172", "is_canonical": true}, {"name": "Lenga Bats", "bcp_47_code": "pms", "locale_id": "lang:003480", "is_canonical": true}, {"name": "bacba lingvo", "bcp_47_code": "eo", "locale_id": "lang:001065", "is_canonical": true}, {"name": "język bacbijski", "bcp_47_code": "pl", "locale_id": "lang:001433", "is_canonical": true}, {"name": "ბაცბური ნინა", "bcp_47_code": "xmf", "locale_id": "lang:002772", "is_canonical": true}, {"name": "bats", "bcp_47_code": "fr", "locale_id": "lang:002512", "is_canonical": true}, {"name": "бацбийский язык", "bcp_47_code": "ru", "locale_id": "lang:006745", "is_canonical": true}, {"name": "באצבית", "bcp_47_code": "he", "locale_id": "lang:000780", "is_canonical": true}, {"name": "Batsça", "bcp_47_code": "tr", "locale_id": "lang:000917", "is_canonical": true}, {"name": "ภาษาบัตส์", "bcp_47_code": "th", "locale_id": "lang:000248", "is_canonical": true}, {"name": "батски јазик", "bcp_47_code": "mk", "locale_id": "lang:001683", "is_canonical": true}, {"name": "batsin kieli", "bcp_47_code": "fi", "locale_id": "lang:005250", "is_canonical": true}, {"name": "бацбійська мова", "bcp_47_code": "uk", "locale_id": "lang:001994", "is_canonical": true}, {"name": "lingua bats", "bcp_47_code": "it", "locale_id": "lang:005147", "is_canonical": true}, {"name": "Batsisch", "bcp_47_code": "de", "locale_id": "lang:006636", "is_canonical": true}, {"name": "バツ語", "bcp_47_code": "ja", "locale_id": "lang:005185", "is_canonical": true}, {"name": "bats", "bcp_47_code": "nn", "locale_id": "lang:005019", "is_canonical": true}, {"name": "batseg", "bcp_47_code": "br", "locale_id": "lang:003643", "is_canonical": true}, {"name": "бацбийски език", "bcp_47_code": "bg", "locale_id": "lang:003294", "is_canonical": true}, {"name": "ბაცბური ენა", "bcp_47_code": "ka", "locale_id": "lang:005687", "is_canonical": true}, {"name": "bacbijski jezik", "bcp_47_code": "hr", "locale_id": "lang:001280", "is_canonical": true}, {"name": "batsisk", "bcp_47_code": "nb", "locale_id": "lang:000958", "is_canonical": true}, {"name": "Batsigiella", "bcp_47_code": "se", "locale_id": "lang:000771", "is_canonical": true}, {"name": "bats", "bcp_47_code": "sv", "locale_id": "lang:004782", "is_canonical": true}, {"name": "língua bats", "bcp_47_code": "pt", "locale_id": "lang:001977", "is_canonical": true}, {"name": "Бацойн мотт", "bcp_47_code": "ce", "locale_id": "lang:000120", "is_canonical": true}, {"name": "زبان بتسی", "bcp_47_code": "fa", "locale_id": "lang:005211", "is_canonical": true}, {"name": "Bacbiskŏ gŏdka", "bcp_47_code": "szl", "locale_id": "lang:002207", "is_canonical": true}, {"name": "بتسی دیلی", "bcp_47_code": "azb", "locale_id": "lang:003109", "is_canonical": true}, {"name": "бацбијски језик", "bcp_47_code": "sr", "locale_id": "lang:002701", "is_canonical": true}, {"name": "batsbi keel", "bcp_47_code": "et", "locale_id": "lang:007279", "is_canonical": true}, {"name": "巴茨語", "bcp_47_code": "cmn", "locale_id": "lang:004378", "is_canonical": true}, {"name": "巴茨语", "bcp_47_code": "cmn", "locale_id": "lang:004378", "is_canonical": null}, {"name": "Bats", "bcp_47_code": "nl", "locale_id": "lang:006448", "is_canonical": true}, {"name": "bats", "bcp_47_code": "oc", "locale_id": "lang:003832", "is_canonical": true}, {"name": "바츠어", "bcp_47_code": "ko", "locale_id": "lang:000685", "is_canonical": true}, {"name": "bats", "bcp_47_code": "vec", "locale_id": "lang:004329", "is_canonical": true}, {"name": "bats", "bcp_47_code": "ca", "locale_id": "lang:000334", "is_canonical": true}, {"name": "język bacyjski", "bcp_47_code": "pl", "locale_id": "lang:001433", "is_canonical": null}, {"name": "batsba", "bcp_47_code": "fr", "locale_id": "lang:002512", "is_canonical": null}, {"name": "бацбский язык", "bcp_47_code": "ru", "locale_id": "lang:006745", "is_canonical": null}, {"name": "цова-тушинский язык", "bcp_47_code": "ru", "locale_id": "lang:006745", "is_canonical": null}, {"name": "צובה-תושית", "bcp_47_code": "he", "locale_id": "lang:000780", "is_canonical": null}, {"name": "בטסב", "bcp_47_code": "he", "locale_id": "lang:000780", "is_canonical": null}, {"name": "באצב", "bcp_47_code": "he", "locale_id": "lang:000780", "is_canonical": null}, {"name": "Bats dili", "bcp_47_code": "tr", "locale_id": "lang:000917", "is_canonical": null}, {"name": "бацбийська мова", "bcp_47_code": "uk", "locale_id": "lang:001994", "is_canonical": null}, {"name": "Tsova-Tush", "bcp_47_code": "de", "locale_id": "lang:006636", "is_canonical": null}, {"name": "batsische Sprache", "bcp_47_code": "de", "locale_id": "lang:006636", "is_canonical": null}, {"name": "batsisk", "bcp_47_code": "nn", "locale_id": "lang:005019", "is_canonical": null}, {"name": "бацийски езици", "bcp_47_code": "bg", "locale_id": "lang:003294", "is_canonical": null}, {"name": "წოვათუშური ენა", "bcp_47_code": "ka", "locale_id": "lang:005687", "is_canonical": null}, {"name": "წოვა-თუშური ენა", "bcp_47_code": "ka", "locale_id": "lang:005687", "is_canonical": null}, {"name": "Batsi", "bcp_47_code": "en", "locale_id": "lang:004172", "is_canonical": null}, {"name": "Batsbi", "bcp_47_code": "en", "locale_id": "lang:004172", "is_canonical": null}, {"name": "Batsb", "bcp_47_code": "en", "locale_id": "lang:004172", "is_canonical": null}, {"name": "Batsaw", "bcp_47_code": "en", "locale_id": "lang:004172", "is_canonical": null}, {"name": "Tsova-Tush", "bcp_47_code": "en", "locale_id": "lang:004172", "is_canonical": null}, {"name": "batsbi", "bcp_47_code": "ca", "locale_id": "lang:000334", "is_canonical": null}, {"name": "tsova-tush", "bcp_47_code": "ca", "locale_id": "lang:000334", "is_canonical": null}, {"name": "batsisk", "bcp_47_code": "no", "locale_id": "lang:002536", "is_canonical": true}]