[{"name": "Tayo", "bcp_47_code": "en", "locale_id": "lang:004172", "is_canonical": true}, {"name": "タヨ語", "bcp_47_code": "ja", "locale_id": "lang:005185", "is_canonical": true}, {"name": "тайо", "bcp_47_code": "ru", "locale_id": "lang:006745", "is_canonical": true}, {"name": "tayo", "bcp_47_code": "fr", "locale_id": "lang:002512", "is_canonical": true}, {"name": "타요", "bcp_47_code": "ko", "locale_id": "lang:000685", "is_canonical": true}, {"name": "tayo jezik", "bcp_47_code": "hr", "locale_id": "lang:001280", "is_canonical": true}, {"name": "Tayo", "bcp_47_code": "de", "locale_id": "lang:006636", "is_canonical": true}, {"name": "Lenga tayo", "bcp_47_code": "pms", "locale_id": "lang:003480", "is_canonical": true}, {"name": "tayo", "bcp_47_code": "ca", "locale_id": "lang:000334", "is_canonical": true}, {"name": "Kitayo", "bcp_47_code": "sw", "locale_id": "lang:001597", "is_canonical": true}, {"name": "tayo", "bcp_47_code": "pt", "locale_id": "lang:001977", "is_canonical": true}, {"name": "tayo", "bcp_47_code": "nb", "locale_id": "lang:000958", "is_canonical": true}, {"name": "idioma tayo", "bcp_47_code": "es", "locale_id": "lang:005944", "is_canonical": true}, {"name": "tayon kieli", "bcp_47_code": "fi", "locale_id": "lang:005250", "is_canonical": true}, {"name": "tayo", "bcp_47_code": "sv", "locale_id": "lang:004782", "is_canonical": true}]