[{"name": "Dusun Witu", "bcp_47_code": "en", "locale_id": "lang:004172", "is_canonical": true}, {"name": "Dusun Witu", "bcp_47_code": "nl", "locale_id": "lang:006448", "is_canonical": true}, {"name": "dusun witu", "bcp_47_code": "fr", "locale_id": "lang:002512", "is_canonical": true}, {"name": "bahasa Dusun Witu", "bcp_47_code": "id", "locale_id": "lang:005344", "is_canonical": true}, {"name": "Lenga Dusun Witu", "bcp_47_code": "pms", "locale_id": "lang:003480", "is_canonical": true}, {"name": "дусун-виту", "bcp_47_code": "ru", "locale_id": "lang:006745", "is_canonical": true}, {"name": "Kidusun-Witu", "bcp_47_code": "sw", "locale_id": "lang:001597", "is_canonical": true}, {"name": "Dusun Witu", "bcp_47_code": "ilo", "locale_id": "lang:007408", "is_canonical": true}, {"name": "Wikang Dusun Witu", "bcp_47_code": "tl", "locale_id": "lang:002540", "is_canonical": true}, {"name": "Bahasa Dusun Witu", "bcp_47_code": "ms", "locale_id": "lang:001263", "is_canonical": true}, {"name": "Tataramon na Dusun Witu", "bcp_47_code": "bcl", "locale_id": "lang:005135", "is_canonical": true}, {"name": "język dusun witu", "bcp_47_code": "pl", "locale_id": "lang:001433", "is_canonical": true}]