[{"name": "Cuvok", "bcp_47_code": "en", "locale_id": "lang:004172", "is_canonical": true}, {"name": "Kicuvok", "bcp_47_code": "sw", "locale_id": "lang:001597", "is_canonical": true}, {"name": "cuvok jezik", "bcp_47_code": "hr", "locale_id": "lang:001280", "is_canonical": true}, {"name": "кувок", "bcp_47_code": "ru", "locale_id": "lang:006745", "is_canonical": true}, {"name": "Lenga Cuvok", "bcp_47_code": "pms", "locale_id": "lang:003480", "is_canonical": true}, {"name": "tchouvokeg", "bcp_47_code": "br", "locale_id": "lang:003643", "is_canonical": true}, {"name": "cuvok", "bcp_47_code": "fr", "locale_id": "lang:002512", "is_canonical": true}, {"name": "Wikang Cuvok", "bcp_47_code": "tl", "locale_id": "lang:002540", "is_canonical": true}, {"name": "cuvok", "bcp_47_code": "oc", "locale_id": "lang:003832", "is_canonical": true}, {"name": "Cuvok", "bcp_47_code": "ig", "locale_id": "lang:002832", "is_canonical": true}]