[{"name": "Monsang Naga", "bcp_47_code": "en", "locale_id": "lang:004172", "is_canonical": true}, {"name": "monsangeg", "bcp_47_code": "br", "locale_id": "lang:003643", "is_canonical": true}, {"name": "Kinaga ya Monsang", "bcp_47_code": "sw", "locale_id": "lang:001597", "is_canonical": true}, {"name": "Lenga Naga", "bcp_47_code": "pms", "locale_id": "lang:003480", "is_canonical": true}, {"name": "monsang", "bcp_47_code": "oc", "locale_id": "lang:003832", "is_canonical": true}, {"name": "ਮੋਨਸਾਂਗ", "bcp_47_code": "pa", "locale_id": "lang:003658", "is_canonical": true}, {"name": "ꯃꯣꯟꯁꯥꯡ ꯂꯣꯟ", "bcp_47_code": "mni", "locale_id": "lang:004974", "is_canonical": true}, {"name": "ਮੋਨਸਾਂਗ ਨਾਗਾ", "bcp_47_code": "pa", "locale_id": "lang:003658", "is_canonical": null}, {"name": "ਮੋਨਸਾਂਗ ਭਾਸ਼ਾ", "bcp_47_code": "pa", "locale_id": "lang:003658", "is_canonical": null}]