[{"name": "Bua", "bcp_47_code": "en", "locale_id": "lang:004172", "is_canonical": true}, {"name": "Bua", "bcp_47_code": "de", "locale_id": "lang:006636", "is_canonical": true}, {"name": "Lenga Bua", "bcp_47_code": "pms", "locale_id": "lang:003480", "is_canonical": true}, {"name": "boueg", "bcp_47_code": "br", "locale_id": "lang:003643", "is_canonical": true}, {"name": "bua jezik", "bcp_47_code": "hr", "locale_id": "lang:001280", "is_canonical": true}, {"name": "Kibua", "bcp_47_code": "sw", "locale_id": "lang:001597", "is_canonical": true}, {"name": "bua", "bcp_47_code": "es", "locale_id": "lang:005944", "is_canonical": true}, {"name": "lingua bua", "bcp_47_code": "it", "locale_id": "lang:005147", "is_canonical": true}, {"name": "bua", "bcp_47_code": "bar", "locale_id": "lang:002296", "is_canonical": true}, {"name": "bua", "bcp_47_code": "vec", "locale_id": "lang:004329", "is_canonical": true}, {"name": "Bua", "bcp_47_code": "ig", "locale_id": "lang:002832", "is_canonical": true}, {"name": "bueg", "bcp_47_code": "br", "locale_id": "lang:003643", "is_canonical": null}]