[{"name": "South Central Banda", "bcp_47_code": "en", "locale_id": "lang:004172", "is_canonical": true}, {"name": "banda central du sud", "bcp_47_code": "fr", "locale_id": "lang:002512", "is_canonical": true}, {"name": "Kibanda ya Kusini", "bcp_47_code": "sw", "locale_id": "lang:001597", "is_canonical": true}, {"name": "Lenga Banda sud sentral", "bcp_47_code": "pms", "locale_id": "lang:003480", "is_canonical": true}, {"name": "Südzentral-Banda", "bcp_47_code": "de", "locale_id": "lang:006636", "is_canonical": true}, {"name": "южно-центральный банда", "bcp_47_code": "ru", "locale_id": "lang:006745", "is_canonical": true}]