[{"name": "Valencian", "bcp_47_code": "en", "locale_id": "lang:004172", "is_canonical": null}, {"name": "акаталан", "bcp_47_code": "ab", "locale_id": "lang:006291", "is_canonical": true}, {"name": "Katalaans", "bcp_47_code": "af", "locale_id": "lang:006849", "is_canonical": true}, {"name": "ካታላንኛ", "bcp_47_code": "am", "locale_id": "lang:000379", "is_canonical": true}, {"name": "الكتالانية", "bcp_47_code": "ar", "locale_id": "lang:000884", "is_canonical": true}, {"name": "কাতালান", "bcp_47_code": "as", "locale_id": "lang:003208", "is_canonical": true}, {"name": "catalán", "bcp_47_code": "ast", "locale_id": "lang:006965", "is_canonical": true}, {"name": "katalan", "bcp_47_code": "az", "locale_id": "lang:000492", "is_canonical": true}, {"name": "каталанская", "bcp_47_code": "be", "locale_id": "lang:004942", "is_canonical": true}, {"name": "каталонски", "bcp_47_code": "bg", "locale_id": "lang:003294", "is_canonical": true}, {"name": "کاتالانی", "bcp_47_code": "bgn", "locale_id": "lang:004443", "is_canonical": true}, {"name": "কাতালান", "bcp_47_code": "bn", "locale_id": "lang:000178", "is_canonical": true}, {"name": "katalaneg", "bcp_47_code": "br", "locale_id": "lang:003643", "is_canonical": true}, {"name": "कातालान", "bcp_47_code": "brx", "locale_id": "lang:003716", "is_canonical": true}, {"name": "katalonski", "bcp_47_code": "bs", "locale_id": "lang:005177", "is_canonical": true}, {"name": "ካታላንኛ", "bcp_47_code": "byn", "locale_id": "lang:001586", "is_canonical": true}, {"name": "català", "bcp_47_code": "ca", "locale_id": "lang:000334", "is_canonical": true}, {"name": "𑄇𑄖𑄣𑄚𑄴", "bcp_47_code": "ccp", "locale_id": "lang:004815", "is_canonical": true}, {"name": "каталонийн", "bcp_47_code": "ce", "locale_id": "lang:000120", "is_canonical": true}, {"name": "ᎨᏔᎳᏂ", "bcp_47_code": "chr", "locale_id": "lang:004490", "is_canonical": true}, {"name": "كاتالۆنی", "bcp_47_code": "ckb", "locale_id": "lang:002255", "is_canonical": true}, {"name": "katalánština", "bcp_47_code": "cs", "locale_id": "lang:007371", "is_canonical": true}, {"name": "Catalaneg", "bcp_47_code": "cy", "locale_id": "lang:005257", "is_canonical": true}, {"name": "catalansk", "bcp_47_code": "da", "locale_id": "lang:006478", "is_canonical": true}, {"name": "Katalanisch", "bcp_47_code": "de", "locale_id": "lang:006636", "is_canonical": true}, {"name": "katanlanšćina", "bcp_47_code": "dsb", "locale_id": "lang:007093", "is_canonical": true}, {"name": "ཀེ་ཊ་ལཱན་ཁ", "bcp_47_code": "dz", "locale_id": "lang:001019", "is_canonical": true}, {"name": "katalagbe", "bcp_47_code": "ee", "locale_id": "lang:007099", "is_canonical": true}, {"name": "Καταλανικά", "bcp_47_code": "el", "locale_id": "lang:002331", "is_canonical": true}, {"name": "kataluna", "bcp_47_code": "eo", "locale_id": "lang:001065", "is_canonical": true}, {"name": "catalán", "bcp_47_code": "es", "locale_id": "lang:005944", "is_canonical": true}, {"name": "katalaani", "bcp_47_code": "et", "locale_id": "lang:007279", "is_canonical": true}, {"name": "katalana", "bcp_47_code": "eu", "locale_id": "lang:004920", "is_canonical": true}, {"name": "کاتالان", "bcp_47_code": "fa", "locale_id": "lang:005211", "is_canonical": true}, {"name": "katalaani", "bcp_47_code": "fi", "locale_id": "lang:005250", "is_canonical": true}, {"name": "Catalan", "bcp_47_code": "fil", "locale_id": "lang:004854", "is_canonical": true}, {"name": "katalani", "bcp_47_code": "fo", "locale_id": "lang:005789", "is_canonical": true}, {"name": "catalan", "bcp_47_code": "fr", "locale_id": "lang:002512", "is_canonical": true}, {"name": "catalan", "bcp_47_code": "fur", "locale_id": "lang:004668", "is_canonical": true}, {"name": "Katalaansk", "bcp_47_code": "fy", "locale_id": "lang:000608", "is_canonical": true}, {"name": "Catalóinis", "bcp_47_code": "ga", "locale_id": "lang:005513", "is_canonical": true}, {"name": "Katalan", "bcp_47_code": "gaa", "locale_id": "lang:006506", "is_canonical": true}, {"name": "Catalanais", "bcp_47_code": "gd", "locale_id": "lang:005113", "is_canonical": true}, {"name": "ካታላንኛ", "bcp_47_code": "gez", "locale_id": null, "is_canonical": true}, {"name": "catalán", "bcp_47_code": "gl", "locale_id": "lang:006921", "is_canonical": true}, {"name": "Katalaanisch", "bcp_47_code": "gsw", "locale_id": "lang:006414", "is_canonical": true}, {"name": "કતલાન", "bcp_47_code": "gu", "locale_id": "lang:006797", "is_canonical": true}, {"name": "Kataloniyanci", "bcp_47_code": "ha", "locale_id": "lang:006769", "is_canonical": true}, {"name": "קטלאנית", "bcp_47_code": "he", "locale_id": "lang:000780", "is_canonical": true}, {"name": "कातालान", "bcp_47_code": "hi", "locale_id": "lang:005010", "is_canonical": true}, {"name": "katalonski", "bcp_47_code": "hr", "locale_id": "lang:001280", "is_canonical": true}, {"name": "katalanšćina", "bcp_47_code": "hsb", "locale_id": "lang:002868", "is_canonical": true}, {"name": "katalán", "bcp_47_code": "hu", "locale_id": "lang:004445", "is_canonical": true}, {"name": "կատալաներեն", "bcp_47_code": "hy", "locale_id": "lang:006918", "is_canonical": true}, {"name": "catalano", "bcp_47_code": "ia", "locale_id": "lang:008680", "is_canonical": true}, {"name": "Katalan", "bcp_47_code": "id", "locale_id": "lang:005344", "is_canonical": true}, {"name": "Catalan", "bcp_47_code": "ig", "locale_id": "lang:002832", "is_canonical": true}, {"name": "katalónska", "bcp_47_code": "is", "locale_id": "lang:006417", "is_canonical": true}, {"name": "catalano", "bcp_47_code": "it", "locale_id": "lang:005147", "is_canonical": true}, {"name": "カタロニア語", "bcp_47_code": "ja", "locale_id": "lang:005185", "is_canonical": true}, {"name": "Katala", "bcp_47_code": "jv", "locale_id": "lang:006418", "is_canonical": true}, {"name": "კატალანური", "bcp_47_code": "ka", "locale_id": "lang:005687", "is_canonical": true}, {"name": "Takaṭalant", "bcp_47_code": "kab", "locale_id": "lang:002124", "is_canonical": true}, {"name": "katalãu", "bcp_47_code": "kea", "locale_id": "lang:000423", "is_canonical": true}, {"name": "katarũg", "bcp_47_code": "kgp", "locale_id": "lang:005254", "is_canonical": true}, {"name": "каталан тілі", "bcp_47_code": "kk", "locale_id": "lang:001017", "is_canonical": true}, {"name": "កាតាឡាន", "bcp_47_code": "km", "locale_id": "lang:000690", "is_canonical": true}, {"name": "ಕೆಟಲಾನ್", "bcp_47_code": "kn", "locale_id": "lang:006289", "is_canonical": true}, {"name": "카탈로니아어", "bcp_47_code": "ko", "locale_id": "lang:000685", "is_canonical": true}, {"name": "कटलान", "bcp_47_code": "kok", "locale_id": "lang:001978", "is_canonical": true}, {"name": "کَتلان", "bcp_47_code": "ks", "locale_id": "lang:004361", "is_canonical": true}, {"name": "Kattalahnesch", "bcp_47_code": "ksh", "locale_id": "lang:000776", "is_canonical": true}, {"name": "katalanî", "bcp_47_code": "ku", "locale_id": "lang:003565", "is_canonical": true}, {"name": "каталончо", "bcp_47_code": "ky", "locale_id": "lang:003193", "is_canonical": true}, {"name": "Catalana", "bcp_47_code": "la", "locale_id": "lang:016110", "is_canonical": true}, {"name": "Katalanesch", "bcp_47_code": "lb", "locale_id": "lang:003324", "is_canonical": true}, {"name": "catalan", "bcp_47_code": "lij", "locale_id": "lang:004453", "is_canonical": true}, {"name": "Catalan Iyápi", "bcp_47_code": "lkt", "locale_id": "lang:002236", "is_canonical": true}, {"name": "ຄາຕາລານ", "bcp_47_code": "lo", "locale_id": "lang:002848", "is_canonical": true}, {"name": "کاتالان", "bcp_47_code": "lrc", "locale_id": "lang:001958", "is_canonical": true}, {"name": "katalonų", "bcp_47_code": "lt", "locale_id": "lang:000996", "is_canonical": true}, {"name": "katalāņu", "bcp_47_code": "lv", "locale_id": "lang:006606", "is_canonical": true}, {"name": "केटालान", "bcp_47_code": "mai", "locale_id": "lang:005797", "is_canonical": true}, {"name": "Katarana", "bcp_47_code": "mi", "locale_id": "lang:005897", "is_canonical": true}, {"name": "каталонски", "bcp_47_code": "mk", "locale_id": "lang:001683", "is_canonical": true}, {"name": "കറ്റാലാൻ", "bcp_47_code": "ml", "locale_id": "lang:001880", "is_canonical": true}, {"name": "каталан", "bcp_47_code": "mn", "locale_id": "lang:005506", "is_canonical": true}, {"name": "कातालान", "bcp_47_code": "mr", "locale_id": "lang:003376", "is_canonical": true}, {"name": "Catalonia", "bcp_47_code": "ms", "locale_id": "lang:001263", "is_canonical": true}, {"name": "Katalan", "bcp_47_code": "mt", "locale_id": "lang:004371", "is_canonical": true}, {"name": "ကတ်တလန်", "bcp_47_code": "my", "locale_id": "lang:004196", "is_canonical": true}, {"name": "کاتالونی", "bcp_47_code": "mzn", "locale_id": "lang:005912", "is_canonical": true}, {"name": "Katalaansch", "bcp_47_code": "nds", "locale_id": "lang:001710", "is_canonical": true}, {"name": "क्याटालन", "bcp_47_code": "ne", "locale_id": "lang:004630", "is_canonical": true}, {"name": "Catalaans", "bcp_47_code": "nl", "locale_id": "lang:006448", "is_canonical": true}, {"name": "katalansk", "bcp_47_code": "no", "locale_id": "lang:002536", "is_canonical": true}, {"name": "ߞߕߊߟߊ߲ߞߊ߲", "bcp_47_code": "nqo", "locale_id": "lang:006401", "is_canonical": true}, {"name": "catalan", "bcp_47_code": "oc", "locale_id": "lang:003832", "is_canonical": true}, {"name": "Afaan Katalaa", "bcp_47_code": "om", "locale_id": "lang:000417", "is_canonical": true}, {"name": "କାଟାଲାନ୍", "bcp_47_code": "or", "locale_id": "lang:001930", "is_canonical": true}, {"name": "каталайнаг", "bcp_47_code": "os", "locale_id": "lang:000303", "is_canonical": true}, {"name": "ਕੈਟਾਲਾਨ", "bcp_47_code": "pa", "locale_id": "lang:003658", "is_canonical": true}, {"name": "Kátála Lángwej", "bcp_47_code": "pcm", "locale_id": "lang:002108", "is_canonical": true}, {"name": "kataloński", "bcp_47_code": "pl", "locale_id": "lang:001433", "is_canonical": true}, {"name": "کټلاني", "bcp_47_code": "ps", "locale_id": "lang:006281", "is_canonical": true}, {"name": "catalão", "bcp_47_code": "pt", "locale_id": "lang:001977", "is_canonical": true}, {"name": "Catalan Simi", "bcp_47_code": "qu", "locale_id": "lang:000991", "is_canonical": true}, {"name": "catalan", "bcp_47_code": "rm", "locale_id": "lang:004318", "is_canonical": true}, {"name": "catalană", "bcp_47_code": "ro", "locale_id": "lang:006592", "is_canonical": true}, {"name": "каталанский", "bcp_47_code": "ru", "locale_id": "lang:006745", "is_canonical": true}, {"name": "Igikatalani", "bcp_47_code": "rw", "locale_id": "lang:005054", "is_canonical": true}, {"name": "Каталаанныы", "bcp_47_code": "sah", "locale_id": "lang:000767", "is_canonical": true}, {"name": "ᱠᱟᱴᱟᱞᱟᱱ", "bcp_47_code": "sat", "locale_id": "lang:006025", "is_canonical": true}, {"name": "catalanu", "bcp_47_code": "sc", "locale_id": "lang:000376", "is_canonical": true}, {"name": "catalanu", "bcp_47_code": "scn", "locale_id": "lang:002425", "is_canonical": true}, {"name": "ڪيٽالان", "bcp_47_code": "sd", "locale_id": "lang:002987", "is_canonical": true}, {"name": "katalánagiella", "bcp_47_code": "se", "locale_id": "lang:000771", "is_canonical": true}, {"name": "කැටලන්", "bcp_47_code": "si", "locale_id": "lang:000326", "is_canonical": true}, {"name": "katalánčina", "bcp_47_code": "sk", "locale_id": "lang:005464", "is_canonical": true}, {"name": "katalonščina", "bcp_47_code": "sl", "locale_id": "lang:004352", "is_canonical": true}, {"name": "katalankielâ", "bcp_47_code": "smn", "locale_id": "lang:000203", "is_canonical": true}, {"name": "Katalaan", "bcp_47_code": "so", "locale_id": "lang:000435", "is_canonical": true}, {"name": "katalonisht", "bcp_47_code": "sq", "locale_id": "lang:006275", "is_canonical": true}, {"name": "каталонски", "bcp_47_code": "sr", "locale_id": "lang:002701", "is_canonical": true}, {"name": "Se-catalia", "bcp_47_code": "st", "locale_id": "lang:004234", "is_canonical": true}, {"name": "katalanska", "bcp_47_code": "sv", "locale_id": "lang:004782", "is_canonical": true}, {"name": "Kikatalani", "bcp_47_code": "sw", "locale_id": "lang:001597", "is_canonical": true}, {"name": "katalōński", "bcp_47_code": "szl", "locale_id": "lang:002207", "is_canonical": true}, {"name": "கேட்டலான்", "bcp_47_code": "ta", "locale_id": "lang:002996", "is_canonical": true}, {"name": "కాటలాన్", "bcp_47_code": "te", "locale_id": "lang:000508", "is_canonical": true}, {"name": "каталонӣ", "bcp_47_code": "tg", "locale_id": "lang:002532", "is_canonical": true}, {"name": "คาตาลัน", "bcp_47_code": "th", "locale_id": "lang:000248", "is_canonical": true}, {"name": "ካታላን", "bcp_47_code": "ti", "locale_id": "lang:002196", "is_canonical": true}, {"name": "ካታላንኛ", "bcp_47_code": "tig", "locale_id": "lang:005434", "is_canonical": true}, {"name": "katalan dili", "bcp_47_code": "tk", "locale_id": "lang:002001", "is_canonical": true}, {"name": "Catalan", "bcp_47_code": "tn", "locale_id": "lang:004062", "is_canonical": true}, {"name": "lea fakakatalani", "bcp_47_code": "to", "locale_id": "lang:006037", "is_canonical": true}, {"name": "Katalanca", "bcp_47_code": "tr", "locale_id": "lang:000917", "is_canonical": true}, {"name": "каталан", "bcp_47_code": "tt", "locale_id": "lang:003939", "is_canonical": true}, {"name": "كاتالانچە", "bcp_47_code": "ug", "locale_id": "lang:003330", "is_canonical": true}, {"name": "каталонська", "bcp_47_code": "uk", "locale_id": "lang:001994", "is_canonical": true}, {"name": "کیٹالان", "bcp_47_code": "ur", "locale_id": "lang:001103", "is_canonical": true}, {"name": "katalan", "bcp_47_code": "uz", "locale_id": "lang:003386", "is_canonical": true}, {"name": "tiếng Catalan", "bcp_47_code": "vi", "locale_id": "lang:004523", "is_canonical": true}, {"name": "Katalaniš", "bcp_47_code": "wae", "locale_id": "lang:001423", "is_canonical": true}, {"name": "Katalan", "bcp_47_code": "wo", "locale_id": "lang:003933", "is_canonical": true}, {"name": "isi-Calatan", "bcp_47_code": "xh", "locale_id": "lang:002158", "is_canonical": true}, {"name": "קאַטאַלאניש", "bcp_47_code": "yi", "locale_id": "lang:002081", "is_canonical": true}, {"name": "Èdè Catala", "bcp_47_code": "yo", "locale_id": "lang:003132", "is_canonical": true}, {"name": "katará", "bcp_47_code": "yrl", "locale_id": "lang:006863", "is_canonical": true}, {"name": "加泰羅尼亞文", "bcp_47_code": "yue", "locale_id": "lang:005108", "is_canonical": true}, {"name": "加泰罗尼亚语", "bcp_47_code": "cmn", "locale_id": "lang:004378", "is_canonical": true}, {"name": "isi-Catalan", "bcp_47_code": "zu", "locale_id": "lang:007247", "is_canonical": true}, {"name": "Valencia", "bcp_47_code": "af", "locale_id": "lang:006849", "is_canonical": null}, {"name": "ቫሌንሲያኛ", "bcp_47_code": "am", "locale_id": "lang:000379", "is_canonical": null}, {"name": "البلنسية", "bcp_47_code": "ar", "locale_id": "lang:000884", "is_canonical": null}, {"name": "ভেলেঞ্চিয়ান", "bcp_47_code": "as", "locale_id": "lang:003208", "is_canonical": null}, {"name": "Valensiya", "bcp_47_code": "az", "locale_id": "lang:000492", "is_canonical": null}, {"name": "валенсійская", "bcp_47_code": "be", "locale_id": "lang:004942", "is_canonical": null}, {"name": "валенсиански", "bcp_47_code": "bg", "locale_id": "lang:003294", "is_canonical": null}, {"name": "Valencian", "bcp_47_code": "bn", "locale_id": "lang:000178", "is_canonical": null}, {"name": "valencijski", "bcp_47_code": "bs", "locale_id": "lang:005177", "is_canonical": null}, {"name": "valencià", "bcp_47_code": "ca", "locale_id": "lang:000334", "is_canonical": null}, {"name": "valencijština", "bcp_47_code": "cs", "locale_id": "lang:007371", "is_canonical": null}, {"name": "valenciansk", "bcp_47_code": "da", "locale_id": "lang:006478", "is_canonical": null}, {"name": "Valencianisch", "bcp_47_code": "de", "locale_id": "lang:006636", "is_canonical": null}, {"name": "Βαλενθιακά", "bcp_47_code": "el", "locale_id": "lang:002331", "is_canonical": null}, {"name": "valenciano", "bcp_47_code": "es", "locale_id": "lang:005944", "is_canonical": null}, {"name": "valencia katalaani", "bcp_47_code": "et", "locale_id": "lang:007279", "is_canonical": null}, {"name": "valentziarra", "bcp_47_code": "eu", "locale_id": "lang:004920", "is_canonical": null}, {"name": "والنسیایی", "bcp_47_code": "fa", "locale_id": "lang:005211", "is_canonical": null}, {"name": "valencia", "bcp_47_code": "fi", "locale_id": "lang:005250", "is_canonical": null}, {"name": "Valencian", "bcp_47_code": "fil", "locale_id": "lang:004854", "is_canonical": null}, {"name": "valencien", "bcp_47_code": "fr", "locale_id": "lang:002512", "is_canonical": null}, {"name": "Valenciano", "bcp_47_code": "gl", "locale_id": "lang:006921", "is_canonical": null}, {"name": "Valencianisch", "bcp_47_code": "gsw", "locale_id": "lang:006414", "is_canonical": null}, {"name": "વેલેન્સિયન", "bcp_47_code": "gu", "locale_id": "lang:006797", "is_canonical": null}, {"name": "ולנסית", "bcp_47_code": "he", "locale_id": "lang:000780", "is_canonical": true}, {"name": "वलेंशियन", "bcp_47_code": "hi", "locale_id": "lang:005010", "is_canonical": null}, {"name": "valencijski", "bcp_47_code": "hr", "locale_id": "lang:001280", "is_canonical": null}, {"name": "valenciai", "bcp_47_code": "hu", "locale_id": "lang:004445", "is_canonical": null}, {"name": "վալենսերեն", "bcp_47_code": "hy", "locale_id": "lang:006918", "is_canonical": null}, {"name": "Valencia", "bcp_47_code": "id", "locale_id": "lang:005344", "is_canonical": null}, {"name": "Valencia", "bcp_47_code": "in", "locale_id": "lang:005344", "is_canonical": true}, {"name": "valensískt", "bcp_47_code": "is", "locale_id": "lang:006417", "is_canonical": null}, {"name": "valenciano", "bcp_47_code": "it", "locale_id": "lang:005147", "is_canonical": null}, {"name": "バレンシア語", "bcp_47_code": "ja", "locale_id": "lang:005185", "is_canonical": null}, {"name": "ვალენსიური", "bcp_47_code": "ka", "locale_id": "lang:005687", "is_canonical": null}, {"name": "Валенсия", "bcp_47_code": "kk", "locale_id": "lang:001017", "is_canonical": null}, {"name": "វ៉ាឡង់ស្យា", "bcp_47_code": "km", "locale_id": "lang:000690", "is_canonical": null}, {"name": "ವ್ಯಾಲೆನ್ಸಿಯನ್", "bcp_47_code": "kn", "locale_id": "lang:006289", "is_canonical": null}, {"name": "발렌시아어", "bcp_47_code": "ko", "locale_id": "lang:000685", "is_canonical": null}, {"name": "Валенсийче", "bcp_47_code": "ky", "locale_id": "lang:003193", "is_canonical": null}, {"name": "Valencien", "bcp_47_code": "ln", "locale_id": "lang:005075", "is_canonical": true}, {"name": "ວາເລນຊຽນ", "bcp_47_code": "lo", "locale_id": "lang:002848", "is_canonical": null}, {"name": "valensiečių kalba", "bcp_47_code": "lt", "locale_id": "lang:000996", "is_canonical": null}, {"name": "valensiešu", "bcp_47_code": "lv", "locale_id": "lang:006606", "is_canonical": null}, {"name": "валенсиски", "bcp_47_code": "mk", "locale_id": "lang:001683", "is_canonical": null}, {"name": "വലൻസിയൻ", "bcp_47_code": "ml", "locale_id": "lang:001880", "is_canonical": null}, {"name": "Валенсия", "bcp_47_code": "mn", "locale_id": "lang:005506", "is_canonical": null}, {"name": "Valenciană", "bcp_47_code": "mo", "locale_id": "lang:006592", "is_canonical": true}, {"name": "व्हेलेनसियन", "bcp_47_code": "mr", "locale_id": "lang:003376", "is_canonical": null}, {"name": "Valencia", "bcp_47_code": "ms", "locale_id": "lang:001263", "is_canonical": null}, {"name": "ဗာလန်စီရန်", "bcp_47_code": "my", "locale_id": "lang:004196", "is_canonical": null}, {"name": "valensiansk", "bcp_47_code": "nb", "locale_id": "lang:000958", "is_canonical": true}, {"name": "भ्यालेन्सेली", "bcp_47_code": "ne", "locale_id": "lang:004630", "is_canonical": null}, {"name": "Valenciaans", "bcp_47_code": "nl", "locale_id": "lang:006448", "is_canonical": null}, {"name": "valensiansk", "bcp_47_code": "no", "locale_id": "lang:002536", "is_canonical": null}, {"name": "ଭାଲେନସିଆନ୍", "bcp_47_code": "or", "locale_id": "lang:001930", "is_canonical": null}, {"name": "ਵੇਲਿਸ਼ਿਅਨ", "bcp_47_code": "pa", "locale_id": "lang:003658", "is_canonical": null}, {"name": "walencki", "bcp_47_code": "pl", "locale_id": "lang:001433", "is_canonical": null}, {"name": "valenciano", "bcp_47_code": "pt", "locale_id": "lang:001977", "is_canonical": null}, {"name": "valenciană", "bcp_47_code": "ro", "locale_id": "lang:006592", "is_canonical": null}, {"name": "валенсийский", "bcp_47_code": "ru", "locale_id": "lang:006745", "is_canonical": null}, {"name": "වැලෙන්සියානු", "bcp_47_code": "si", "locale_id": "lang:000326", "is_canonical": null}, {"name": "Valencíjština", "bcp_47_code": "sk", "locale_id": "lang:005464", "is_canonical": null}, {"name": "valencijščina", "bcp_47_code": "sl", "locale_id": "lang:004352", "is_canonical": null}, {"name": "Valencianisht", "bcp_47_code": "sq", "locale_id": "lang:006275", "is_canonical": null}, {"name": "валенсијска", "bcp_47_code": "sr", "locale_id": "lang:002701", "is_canonical": null}, {"name": "valencianska", "bcp_47_code": "sv", "locale_id": "lang:004782", "is_canonical": null}, {"name": "Kivalensia", "bcp_47_code": "sw", "locale_id": "lang:001597", "is_canonical": null}, {"name": "வாலேன்சியன்", "bcp_47_code": "ta", "locale_id": "lang:002996", "is_canonical": null}, {"name": "వ్యాలెన్షియన్", "bcp_47_code": "te", "locale_id": "lang:000508", "is_canonical": null}, {"name": "บาเลนเซีย", "bcp_47_code": "th", "locale_id": "lang:000248", "is_canonical": null}, {"name": "Valencian", "bcp_47_code": "tl", "locale_id": "lang:002540", "is_canonical": true}, {"name": "Valensiyaca", "bcp_47_code": "tr", "locale_id": "lang:000917", "is_canonical": null}, {"name": "валенсійська", "bcp_47_code": "uk", "locale_id": "lang:001994", "is_canonical": null}, {"name": "ویلینسین", "bcp_47_code": "ur", "locale_id": "lang:001103", "is_canonical": null}, {"name": "valensiya", "bcp_47_code": "uz", "locale_id": "lang:003386", "is_canonical": null}, {"name": "tiếng Valencia", "bcp_47_code": "vi", "locale_id": "lang:004523", "is_canonical": null}, {"name": "巴伦西亚语", "bcp_47_code": "cmn", "locale_id": "lang:004378", "is_canonical": null}, {"name": "i-Valencian", "bcp_47_code": "zu", "locale_id": "lang:007247", "is_canonical": null}, {"name": "каталанӣ", "bcp_47_code": "tg", "locale_id": "lang:002532", "is_canonical": null}, {"name": "کیٹلونی", "bcp_47_code": "pnb", "locale_id": "lang:003334", "is_canonical": true}, {"name": "каталонски јазик", "bcp_47_code": "mk", "locale_id": "lang:001683", "is_canonical": null}, {"name": "কাতালান ভাষা", "bcp_47_code": "bn", "locale_id": "lang:000178", "is_canonical": null}, {"name": "isiKhathalani", "bcp_47_code": "zu", "locale_id": "lang:007247", "is_canonical": null}, {"name": "katalonų kalba", "bcp_47_code": "lt", "locale_id": "lang:000996", "is_canonical": null}, {"name": "قیطلونی", "bcp_47_code": "ur", "locale_id": "lang:001103", "is_canonical": null}, {"name": "каталанська мова", "bcp_47_code": "uk", "locale_id": "lang:001994", "is_canonical": null}, {"name": "Luenga catalana", "bcp_47_code": "ext", "locale_id": "lang:004333", "is_canonical": true}, {"name": "加泰隆尼亞語", "bcp_47_code": "cmn", "locale_id": "lang:004378", "is_canonical": null}, {"name": "Каталанонь кель", "bcp_47_code": "myv", "locale_id": "lang:003656", "is_canonical": true}, {"name": "קאטאלאניש", "bcp_47_code": "yi", "locale_id": "lang:002081", "is_canonical": null}, {"name": "An Chatalóinis", "bcp_47_code": "ga", "locale_id": "lang:005513", "is_canonical": null}, {"name": "Katalońsczi jãzëk", "bcp_47_code": "csb", "locale_id": "lang:001879", "is_canonical": true}, {"name": "Catalan", "bcp_47_code": "sco", "locale_id": "lang:003876", "is_canonical": true}, {"name": "Kataluonu kalba", "bcp_47_code": "sgs", "locale_id": "lang:005783", "is_canonical": true}, {"name": "Lia-katalaun", "bcp_47_code": "tet", "locale_id": "lang:004970", "is_canonical": true}, {"name": "katalan dili", "bcp_47_code": "az", "locale_id": "lang:000492", "is_canonical": null}, {"name": "کاتالونیایی زوون", "bcp_47_code": "mzn", "locale_id": "lang:005912", "is_canonical": null}, {"name": "katalonski jezik", "bcp_47_code": "sr", "locale_id": "lang:002701", "is_canonical": null}, {"name": "Bahasa Catalonia", "bcp_47_code": "ms", "locale_id": "lang:001263", "is_canonical": null}, {"name": "कैटलन भाषा", "bcp_47_code": "hi", "locale_id": "lang:005010", "is_canonical": null}, {"name": "каталан теле", "bcp_47_code": "tt", "locale_id": "lang:003939", "is_canonical": null}, {"name": "Lenga catalan-a", "bcp_47_code": "pms", "locale_id": "lang:003480", "is_canonical": true}, {"name": "Katalan tili", "bcp_47_code": "crh", "locale_id": "lang:002905", "is_canonical": true}, {"name": "காட்டலான் மொழி", "bcp_47_code": "ta", "locale_id": "lang:002996", "is_canonical": null}, {"name": "limba catalană", "bcp_47_code": "ro", "locale_id": "lang:006592", "is_canonical": null}, {"name": "Catalan", "bcp_47_code": "nrm", "locale_id": "lang:003955", "is_canonical": true}, {"name": "Katalan tili", "bcp_47_code": "kaa", "locale_id": "lang:000630", "is_canonical": true}, {"name": "ພາສາກາຕາລັງ", "bcp_47_code": "lo", "locale_id": "lang:002848", "is_canonical": null}, {"name": "Kikatalunya", "bcp_47_code": "sw", "locale_id": "lang:001597", "is_canonical": null}, {"name": "Katalan", "bcp_47_code": "bcl", "locale_id": "lang:005135", "is_canonical": true}, {"name": "katalāņu valoda", "bcp_47_code": "lv", "locale_id": "lang:006606", "is_canonical": null}, {"name": "Limba catalanã", "bcp_47_code": "rup", "locale_id": "lang:002940", "is_canonical": true}, {"name": "Reo Tatarūnia", "bcp_47_code": "ty", "locale_id": "lang:002446", "is_canonical": true}, {"name": "Cataloanish", "bcp_47_code": "gv", "locale_id": "lang:002789", "is_canonical": true}, {"name": "कातालान भाषा", "bcp_47_code": "mai", "locale_id": "lang:005797", "is_canonical": null}, {"name": "Katalanki", "bcp_47_code": "diq", "locale_id": "lang:003839", "is_canonical": true}, {"name": "Katalan", "bcp_47_code": "pih", "locale_id": "lang:002908", "is_canonical": true}, {"name": "katalan tili", "bcp_47_code": "uz", "locale_id": "lang:003386", "is_canonical": null}, {"name": "língua catalã", "bcp_47_code": "pt", "locale_id": "lang:001977", "is_canonical": null}, {"name": "Kataluniana linguo", "bcp_47_code": "io", "locale_id": "lang:009754", "is_canonical": true}, {"name": "каталанский язык", "bcp_47_code": "ru", "locale_id": "lang:006745", "is_canonical": null}, {"name": "Catalan", "bcp_47_code": "tl", "locale_id": "lang:002540", "is_canonical": null}, {"name": "Idioma catalán", "bcp_47_code": "an", "locale_id": "lang:000439", "is_canonical": true}, {"name": "Catalàn", "bcp_47_code": "eml", "locale_id": null, "is_canonical": true}, {"name": "Katalanan kel'", "bcp_47_code": "vep", "locale_id": "lang:002743", "is_canonical": true}, {"name": "kataluna lingvo", "bcp_47_code": "eo", "locale_id": "lang:001065", "is_canonical": null}, {"name": "Fa'aCatalan", "bcp_47_code": "sm", "locale_id": "lang:003737", "is_canonical": true}, {"name": "Amanung Katalan", "bcp_47_code": "pam", "locale_id": "lang:003114", "is_canonical": true}, {"name": "Kinatalan", "bcp_47_code": "war", "locale_id": "lang:005633", "is_canonical": true}, {"name": "القطلونية", "bcp_47_code": "ar", "locale_id": "lang:000884", "is_canonical": null}, {"name": "كاتالان تىلى", "bcp_47_code": "ug", "locale_id": "lang:003330", "is_canonical": null}, {"name": "Katalounesch", "bcp_47_code": "lb", "locale_id": "lang:003324", "is_canonical": null}, {"name": "katalaani keel", "bcp_47_code": "et", "locale_id": "lang:007279", "is_canonical": null}, {"name": "каталайнаг æвзаг", "bcp_47_code": "os", "locale_id": "lang:000303", "is_canonical": null}, {"name": "katalansk", "bcp_47_code": "nn", "locale_id": "lang:005019", "is_canonical": true}, {"name": "katalanum", "bcp_47_code": "nov", "locale_id": null, "is_canonical": true}, {"name": "lingua catalá", "bcp_47_code": "gl", "locale_id": "lang:006921", "is_canonical": null}, {"name": "Lingua catalana", "bcp_47_code": "rm", "locale_id": "lang:004318", "is_canonical": null}, {"name": "കാറ്റലൻ ഭാഷ", "bcp_47_code": "ml", "locale_id": "lang:001880", "is_canonical": null}, {"name": "Catalan", "bcp_47_code": "frp", "locale_id": "lang:006722", "is_canonical": true}, {"name": "lingua Catalana", "bcp_47_code": "la", "locale_id": "lang:016110", "is_canonical": null}, {"name": "कातालान भाषा", "bcp_47_code": "mr", "locale_id": "lang:003376", "is_canonical": null}, {"name": "Katalanskt mál", "bcp_47_code": "fo", "locale_id": "lang:005789", "is_canonical": null}, {"name": "𐌺𐌰𐍄𐌰𐌻𐍉𐌽𐌹𐍃𐌺𐌰 𐍂𐌰𐌶𐌳𐌰", "bcp_47_code": "got", "locale_id": null, "is_canonical": true}, {"name": "Basa Katalan", "bcp_47_code": "jv", "locale_id": "lang:006418", "is_canonical": null}, {"name": "Каталан хэл", "bcp_47_code": "mn", "locale_id": "lang:005506", "is_canonical": null}, {"name": "Catalaans", "bcp_47_code": "li", "locale_id": "lang:000599", "is_canonical": true}, {"name": "Katalaani kiil", "bcp_47_code": "vro", "locale_id": "lang:001751", "is_canonical": true}, {"name": "Каталан тил", "bcp_47_code": "krc", "locale_id": "lang:003586", "is_canonical": true}, {"name": "bahasa Katala", "bcp_47_code": "id", "locale_id": "lang:005344", "is_canonical": null}, {"name": "ภาษากาตาลา", "bcp_47_code": "th", "locale_id": "lang:000248", "is_canonical": null}, {"name": "ਕੈਟਲਨ ਬੋਲੀ", "bcp_47_code": "pa", "locale_id": "lang:003658", "is_canonical": null}, {"name": "catalan", "bcp_47_code": "wa", "locale_id": "lang:002518", "is_canonical": true}, {"name": "Katalan", "bcp_47_code": "ilo", "locale_id": "lang:007408", "is_canonical": true}, {"name": "Pinulongang Katalan", "bcp_47_code": "ceb", "locale_id": "lang:006077", "is_canonical": true}, {"name": "katalansk", "bcp_47_code": "nb", "locale_id": "lang:000958", "is_canonical": null}, {"name": "ភាសាកាតាឡាន", "bcp_47_code": "km", "locale_id": "lang:000690", "is_canonical": null}, {"name": "Takatalant", "bcp_47_code": "kab", "locale_id": "lang:002124", "is_canonical": null}, {"name": "каталонски език", "bcp_47_code": "bg", "locale_id": "lang:003294", "is_canonical": null}, {"name": "katalan", "bcp_47_code": "eu", "locale_id": "lang:004920", "is_canonical": null}, {"name": "კატალონიური ნინა", "bcp_47_code": "xmf", "locale_id": "lang:002772", "is_canonical": true}, {"name": "Katalonänapük", "bcp_47_code": "vo", "locale_id": "lang:008677", "is_canonical": true}, {"name": "Lingua katalana", "bcp_47_code": "lad", "locale_id": "lang:001121", "is_canonical": true}, {"name": "catalanu", "bcp_47_code": "co", "locale_id": "lang:006406", "is_canonical": true}, {"name": "catałan", "bcp_47_code": "vec", "locale_id": "lang:004329", "is_canonical": true}, {"name": "Catalunya-gí", "bcp_47_code": "nan", "locale_id": "lang:001296", "is_canonical": true}, {"name": "Katalã ñe'ẽ", "bcp_47_code": "gn", "locale_id": "lang:003909", "is_canonical": true}, {"name": "زبان کاتالان", "bcp_47_code": "fa", "locale_id": "lang:005211", "is_canonical": null}, {"name": "katalonski jezik", "bcp_47_code": "bs", "locale_id": "lang:005177", "is_canonical": null}, {"name": "katalonski jezik", "bcp_47_code": "sh", "locale_id": "lang:003245", "is_canonical": true}, {"name": "加泰隆尼亞文", "bcp_47_code": "yue", "locale_id": "lang:005108", "is_canonical": null}, {"name": "Каталан теле", "bcp_47_code": "ba", "locale_id": "lang:003847", "is_canonical": true}, {"name": "Каталан тыла", "bcp_47_code": "sah", "locale_id": "lang:000767", "is_canonical": null}, {"name": "Catalan sprǣc", "bcp_47_code": "ang", "locale_id": null, "is_canonical": true}, {"name": "Katalůńsko godka", "bcp_47_code": "szl", "locale_id": "lang:002207", "is_canonical": null}, {"name": "Katalança", "bcp_47_code": "tk", "locale_id": "lang:002001", "is_canonical": null}, {"name": "Catalan bhasa", "bcp_47_code": "hif", "locale_id": "lang:004553", "is_canonical": true}, {"name": "क्यातालान भाषा", "bcp_47_code": "new", "locale_id": "lang:004118", "is_canonical": true}, {"name": "Lenghe catalane", "bcp_47_code": "fur", "locale_id": "lang:004668", "is_canonical": null}, {"name": "каталянская мова", "bcp_47_code": "be", "locale_id": "lang:004942", "is_canonical": null}, {"name": "카탈루냐어", "bcp_47_code": "ko", "locale_id": "lang:000685", "is_canonical": null}, {"name": "Lang katalan", "bcp_47_code": "ht", "locale_id": "lang:006632", "is_canonical": true}, {"name": "каталанская мова", "bcp_47_code": "be", "locale_id": "lang:004942", "is_canonical": null}, {"name": "კატალანური ენა", "bcp_47_code": "ka", "locale_id": "lang:005687", "is_canonical": null}, {"name": "Каталанхойн мотт", "bcp_47_code": "ce", "locale_id": "lang:000120", "is_canonical": null}, {"name": "Каталан кыв", "bcp_47_code": "kv", "locale_id": "lang:000812", "is_canonical": true}, {"name": "Kataloansk", "bcp_47_code": "stq", "locale_id": "lang:005247", "is_canonical": true}, {"name": "Kattelaans", "bcp_47_code": "nds", "locale_id": "lang:001710", "is_canonical": null}, {"name": "język kataloński", "bcp_47_code": "pl", "locale_id": "lang:001433", "is_canonical": null}, {"name": "Каталан кыл", "bcp_47_code": "udm", "locale_id": "lang:005491", "is_canonical": true}, {"name": "Каталан тілі", "bcp_47_code": "kk", "locale_id": "lang:001017", "is_canonical": null}, {"name": "Katalaans", "bcp_47_code": "frr", "locale_id": "lang:007274", "is_canonical": true}, {"name": "Cataloans", "bcp_47_code": "vls", "locale_id": "lang:000883", "is_canonical": true}, {"name": "каталан йылме", "bcp_47_code": "mhr", "locale_id": "lang:003056", "is_canonical": true}, {"name": "cadelanu", "bcp_47_code": "sc", "locale_id": "lang:000376", "is_canonical": null}, {"name": "ketelanî", "bcp_47_code": "ku", "locale_id": "lang:003565", "is_canonical": null}, {"name": "كاتالانى", "bcp_47_code": "arz", "locale_id": "lang:004060", "is_canonical": true}, {"name": "Catalantlahtōlli", "bcp_47_code": "nah", "locale_id": null, "is_canonical": true}, {"name": "Katalan simi", "bcp_47_code": "qu", "locale_id": "lang:000991", "is_canonical": null}, {"name": "کاتالان دیلی", "bcp_47_code": "azb", "locale_id": "lang:003109", "is_canonical": true}, {"name": "Katalanek", "bcp_47_code": "kw", "locale_id": "lang:007183", "is_canonical": true}, {"name": "Catalàn", "bcp_47_code": "lij", "locale_id": "lang:004453", "is_canonical": null}, {"name": "Katalanisch", "bcp_47_code": "bar", "locale_id": "lang:002296", "is_canonical": true}, {"name": "каталонски језик", "bcp_47_code": "sr", "locale_id": "lang:002701", "is_canonical": null}, {"name": "katalonski jezik", "bcp_47_code": "hr", "locale_id": "lang:001280", "is_canonical": null}, {"name": "カタルーニャ語", "bcp_47_code": "ja", "locale_id": "lang:005185", "is_canonical": null}, {"name": "catalan", "bcp_47_code": "lfn", "locale_id": null, "is_canonical": true}, {"name": "katalanischi Sproch", "bcp_47_code": "gsw", "locale_id": "lang:006414", "is_canonical": null}, {"name": "Lengua catalana", "bcp_47_code": "lmo", "locale_id": "lang:003614", "is_canonical": true}, {"name": "Kâ-thai-lò-nì-â-ngî", "bcp_47_code": "hak", "locale_id": "lang:002711", "is_canonical": true}, {"name": "Fiteny katalàna", "bcp_47_code": "mg", "locale_id": "lang:001318", "is_canonical": true}, {"name": "加泰罗尼亚语", "bcp_47_code": "wuu", "locale_id": "lang:006830", "is_canonical": true}, {"name": "زمانی کەتەلانی", "bcp_47_code": "ckb", "locale_id": "lang:002255", "is_canonical": null}, {"name": "Catalan", "bcp_47_code": "ie", "locale_id": "lang:008683", "is_canonical": true}, {"name": "ᱠᱟᱛᱟᱞᱟᱱ ᱯᱟᱹᱨᱥᱤ", "bcp_47_code": "sat", "locale_id": "lang:006025", "is_canonical": null}, {"name": "Lengua catalán", "bcp_47_code": "cbk", "locale_id": "lang:007069", "is_canonical": true}, {"name": "لكاطالانية", "bcp_47_code": "ary", "locale_id": "lang:001493", "is_canonical": true}, {"name": "Katalan", "bcp_47_code": "bi", "locale_id": "lang:005294", "is_canonical": true}, {"name": "Catalan", "bcp_47_code": "na", "locale_id": "lang:006028", "is_canonical": true}, {"name": "ꯀꯇꯂꯥꯟ ꯂꯣꯟ", "bcp_47_code": "mni", "locale_id": "lang:004974", "is_canonical": true}, {"name": "Kinatalan", "bcp_47_code": "krj", "locale_id": "lang:004106", "is_canonical": true}, {"name": "lengua catalana", "bcp_47_code": "nap", "locale_id": "lang:001448", "is_canonical": true}, {"name": "katalaanǩiõll", "bcp_47_code": "sms", "locale_id": "lang:001931", "is_canonical": true}, {"name": "katalaankielâ", "bcp_47_code": "smn", "locale_id": "lang:000203", "is_canonical": null}, {"name": "toki Katala", "bcp_47_code": "tok", "locale_id": null, "is_canonical": true}, {"name": "કેટલાન", "bcp_47_code": "gu", "locale_id": "lang:006797", "is_canonical": null}, {"name": "कैटलन भाषा", "bcp_47_code": "anp", "locale_id": "lang:007347", "is_canonical": true}, {"name": "Katalan", "bcp_47_code": "pap", "locale_id": "lang:002895", "is_canonical": true}, {"name": "Քաթալոներէն", "bcp_47_code": "hyw", "locale_id": "lang:002332", "is_canonical": true}, {"name": "لغة كتالانية", "bcp_47_code": "ar", "locale_id": "lang:000884", "is_canonical": null}, {"name": "اللغة الكتالانية", "bcp_47_code": "ar", "locale_id": "lang:000884", "is_canonical": null}, {"name": "كتالونية", "bcp_47_code": "ar", "locale_id": "lang:000884", "is_canonical": null}, {"name": "الكتالونية", "bcp_47_code": "ar", "locale_id": "lang:000884", "is_canonical": null}, {"name": "каталонская мова", "bcp_47_code": "be", "locale_id": "lang:004942", "is_canonical": null}, {"name": "langue catalane", "bcp_47_code": "fr", "locale_id": "lang:002512", "is_canonical": null}, {"name": "català", "bcp_47_code": "fr", "locale_id": "lang:002512", "is_canonical": null}, {"name": "Catalan-Valencian-Balearic", "bcp_47_code": "en", "locale_id": "lang:004172", "is_canonical": null}, {"name": "Català", "bcp_47_code": "en", "locale_id": "lang:004172", "is_canonical": null}, {"name": "Valencià", "bcp_47_code": "en", "locale_id": "lang:004172", "is_canonical": null}, {"name": "加泰羅尼亞語", "bcp_47_code": "cmn", "locale_id": "lang:004378", "is_canonical": null}, {"name": "加泰隆語", "bcp_47_code": "cmn", "locale_id": "lang:004378", "is_canonical": null}, {"name": "lingua catalana", "bcp_47_code": "it", "locale_id": "lang:005147", "is_canonical": null}, {"name": "katalanska rěč", "bcp_47_code": "hsb", "locale_id": "lang:002868", "is_canonical": null}, {"name": "llingua catalana", "bcp_47_code": "ast", "locale_id": "lang:006965", "is_canonical": null}, {"name": "valencianu", "bcp_47_code": "ast", "locale_id": "lang:006965", "is_canonical": null}, {"name": "لغة كاتالونى", "bcp_47_code": "arz", "locale_id": "lang:004060", "is_canonical": null}, {"name": "كاتالان", "bcp_47_code": "arz", "locale_id": "lang:004060", "is_canonical": null}, {"name": "كاتالا", "bcp_47_code": "arz", "locale_id": "lang:004060", "is_canonical": null}, {"name": "tiếng Catalunya", "bcp_47_code": "vi", "locale_id": "lang:004523", "is_canonical": null}, {"name": "tiếng Catala", "bcp_47_code": "vi", "locale_id": "lang:004523", "is_canonical": null}, {"name": "Wikang Catalan", "bcp_47_code": "tl", "locale_id": "lang:002540", "is_canonical": null}, {"name": "каталонська мова", "bcp_47_code": "uk", "locale_id": "lang:001994", "is_canonical": null}, {"name": "мова каталанська", "bcp_47_code": "uk", "locale_id": "lang:001994", "is_canonical": null}, {"name": "валенсий теле", "bcp_47_code": "tt", "locale_id": "lang:003939", "is_canonical": null}, {"name": "каталанча", "bcp_47_code": "tt", "locale_id": "lang:003939", "is_canonical": null}, {"name": "idioma catalão", "bcp_47_code": "pt", "locale_id": "lang:001977", "is_canonical": null}, {"name": "linguagem catalã", "bcp_47_code": "pt", "locale_id": "lang:001977", "is_canonical": null}, {"name": "lingua catalana", "bcp_47_code": "scn", "locale_id": "lang:002425", "is_canonical": null}, {"name": "lingua catalan", "bcp_47_code": "ia", "locale_id": "lang:008680", "is_canonical": null}, {"name": "katalánský jazyk", "bcp_47_code": "cs", "locale_id": "lang:007371", "is_canonical": null}, {"name": "каталонский язык", "bcp_47_code": "ru", "locale_id": "lang:006745", "is_canonical": null}, {"name": "каталонский", "bcp_47_code": "ru", "locale_id": "lang:006745", "is_canonical": null}, {"name": "காட்டலான்", "bcp_47_code": "ta", "locale_id": "lang:002996", "is_canonical": null}, {"name": "காத்தலான் மொழி", "bcp_47_code": "ta", "locale_id": "lang:002996", "is_canonical": null}, {"name": "lengua aragonesa propia del área oriental", "bcp_47_code": "es", "locale_id": "lang:005944", "is_canonical": null}, {"name": "カタラン語", "bcp_47_code": "ja", "locale_id": "lang:005185", "is_canonical": null}, {"name": "katalaanin kieli", "bcp_47_code": "fi", "locale_id": "lang:005250", "is_canonical": null}, {"name": "Gjuha katalane", "bcp_47_code": "sq", "locale_id": "lang:006275", "is_canonical": null}, {"name": "katalanische Sprache", "bcp_47_code": "de", "locale_id": "lang:006636", "is_canonical": null}, {"name": "Català", "bcp_47_code": "de", "locale_id": "lang:006636", "is_canonical": null}, {"name": "Catalán", "bcp_47_code": "de", "locale_id": "lang:006636", "is_canonical": null}, {"name": "llengua catalana", "bcp_47_code": "ca", "locale_id": "lang:000334", "is_canonical": null}, {"name": "idioma català", "bcp_47_code": "ca", "locale_id": "lang:000334", "is_canonical": null}, {"name": "català-valencià-balear", "bcp_47_code": "ca", "locale_id": "lang:000334", "is_canonical": null}, {"name": "kataloniešu valoda", "bcp_47_code": "lv", "locale_id": "lang:006606", "is_canonical": null}, {"name": "katalansk språk", "bcp_47_code": "nn", "locale_id": "lang:005019", "is_canonical": null}, {"name": "Καταλανική γλώσσα", "bcp_47_code": "el", "locale_id": "lang:002331", "is_canonical": null}, {"name": "zimanê katalanî zimanê ketelanî", "bcp_47_code": "ku", "locale_id": "lang:003565", "is_canonical": null}, {"name": "iaith Catalwnia", "bcp_47_code": "cy", "locale_id": "lang:005257", "is_canonical": null}, {"name": "Valensieg", "bcp_47_code": "cy", "locale_id": "lang:005257", "is_canonical": null}, {"name": "Kinatalunyanhën", "bcp_47_code": "krj", "locale_id": "lang:004106", "is_canonical": null}, {"name": "Kinatalonyanhun", "bcp_47_code": "krj", "locale_id": "lang:004106", "is_canonical": null}, {"name": "limba cadelana", "bcp_47_code": "sc", "locale_id": "lang:000376", "is_canonical": null}, {"name": "lingua catalana", "bcp_47_code": "co", "locale_id": "lang:006406", "is_canonical": null}, {"name": "bahasa Catala", "bcp_47_code": "id", "locale_id": "lang:005344", "is_canonical": null}, {"name": "katalanca", "bcp_47_code": "az", "locale_id": "lang:000492", "is_canonical": null}, {"name": "Valensiya dili", "bcp_47_code": "az", "locale_id": "lang:000492", "is_canonical": null}, {"name": "valensiyaca", "bcp_47_code": "az", "locale_id": "lang:000492", "is_canonical": null}, {"name": "balear", "bcp_47_code": "ast", "locale_id": "lang:006965", "is_canonical": null}, {"name": "balearai", "bcp_47_code": "lt", "locale_id": "lang:000996", "is_canonical": null}, {"name": "Balearisch", "bcp_47_code": "de", "locale_id": "lang:006636", "is_canonical": null}, {"name": "català balear", "bcp_47_code": "ca", "locale_id": "lang:000334", "is_canonical": null}, {"name": "idioma valenciano", "bcp_47_code": "es", "locale_id": "lang:005944", "is_canonical": true}, {"name": "Catalan", "bcp_47_code": "en", "locale_id": "lang:004172", "is_canonical": true}, {"name": "Catal&#224;", "bcp_47_code": "ca", "locale_id": "lang:000334", "is_canonical": false}]