[{"name": "Southeastern Pomo", "bcp_47_code": "en", "locale_id": "lang:004172", "is_canonical": true}, {"name": "pomo du sud-est", "bcp_47_code": "fr", "locale_id": "lang:002512", "is_canonical": true}, {"name": "Lenga pomo sud oriental", "bcp_47_code": "pms", "locale_id": "lang:003480", "is_canonical": true}, {"name": "yezhoù pomoek ar gevred", "bcp_47_code": "br", "locale_id": "lang:003643", "is_canonical": true}, {"name": "southeastern pomo", "bcp_47_code": "es", "locale_id": "lang:005944", "is_canonical": true}, {"name": "юго-восточный помо", "bcp_47_code": "ru", "locale_id": "lang:006745", "is_canonical": true}, {"name": "pomo del sud-est", "bcp_47_code": "ca", "locale_id": "lang:000334", "is_canonical": true}, {"name": "kagupomo keel", "bcp_47_code": "et", "locale_id": "lang:007279", "is_canonical": true}, {"name": "Wikang Timog-silangang Pomo", "bcp_47_code": "tl", "locale_id": "lang:002540", "is_canonical": true}, {"name": "Elem Pomo", "bcp_47_code": "en", "locale_id": "lang:004172", "is_canonical": null}]