[{"name": "Venda", "bcp_47_code": "en", "locale_id": "lang:004172", "is_canonical": true}, {"name": "авенда", "bcp_47_code": "ab", "locale_id": "lang:006291", "is_canonical": true}, {"name": "Venda", "bcp_47_code": "af", "locale_id": "lang:006849", "is_canonical": true}, {"name": "ቬንዳ", "bcp_47_code": "am", "locale_id": "lang:000379", "is_canonical": true}, {"name": "الفيندا", "bcp_47_code": "ar", "locale_id": "lang:000884", "is_canonical": true}, {"name": "ভেণ্ডা", "bcp_47_code": "as", "locale_id": "lang:003208", "is_canonical": true}, {"name": "venda", "bcp_47_code": "ast", "locale_id": "lang:006965", "is_canonical": true}, {"name": "venda", "bcp_47_code": "az", "locale_id": "lang:000492", "is_canonical": true}, {"name": "венда", "bcp_47_code": "be", "locale_id": "lang:004942", "is_canonical": true}, {"name": "венда", "bcp_47_code": "bg", "locale_id": "lang:003294", "is_canonical": true}, {"name": "وینڈایی", "bcp_47_code": "bgn", "locale_id": "lang:004443", "is_canonical": true}, {"name": "ভেন্ডা", "bcp_47_code": "bn", "locale_id": "lang:000178", "is_canonical": true}, {"name": "venda", "bcp_47_code": "br", "locale_id": "lang:003643", "is_canonical": true}, {"name": "भेन्डा", "bcp_47_code": "brx", "locale_id": "lang:003716", "is_canonical": true}, {"name": "venda", "bcp_47_code": "bs", "locale_id": "lang:005177", "is_canonical": true}, {"name": "venda", "bcp_47_code": "ca", "locale_id": "lang:000334", "is_canonical": true}, {"name": "𑄞𑄬𑄚𑄴𑄓", "bcp_47_code": "ccp", "locale_id": "lang:004815", "is_canonical": true}, {"name": "венда", "bcp_47_code": "ce", "locale_id": "lang:000120", "is_canonical": true}, {"name": "ᏫᏂᏓ", "bcp_47_code": "chr", "locale_id": "lang:004490", "is_canonical": true}, {"name": "ڤێندا", "bcp_47_code": "ckb", "locale_id": "lang:002255", "is_canonical": true}, {"name": "venda", "bcp_47_code": "cs", "locale_id": "lang:007371", "is_canonical": true}, {"name": "Fendeg", "bcp_47_code": "cy", "locale_id": "lang:005257", "is_canonical": true}, {"name": "venda", "bcp_47_code": "da", "locale_id": "lang:006478", "is_canonical": true}, {"name": "Venda", "bcp_47_code": "de", "locale_id": "lang:006636", "is_canonical": true}, {"name": "vendašćina", "bcp_47_code": "dsb", "locale_id": "lang:007093", "is_canonical": true}, {"name": "vendagbe", "bcp_47_code": "ee", "locale_id": "lang:007099", "is_canonical": true}, {"name": "Βέντα", "bcp_47_code": "el", "locale_id": "lang:002331", "is_canonical": true}, {"name": "vendaa", "bcp_47_code": "eo", "locale_id": "lang:001065", "is_canonical": true}, {"name": "venda", "bcp_47_code": "es", "locale_id": "lang:005944", "is_canonical": true}, {"name": "venda", "bcp_47_code": "et", "locale_id": "lang:007279", "is_canonical": true}, {"name": "vendera", "bcp_47_code": "eu", "locale_id": "lang:004920", "is_canonical": true}, {"name": "وندایی", "bcp_47_code": "fa", "locale_id": "lang:005211", "is_canonical": true}, {"name": "venda", "bcp_47_code": "fi", "locale_id": "lang:005250", "is_canonical": true}, {"name": "Venda", "bcp_47_code": "fil", "locale_id": "lang:004854", "is_canonical": true}, {"name": "venda", "bcp_47_code": "fo", "locale_id": "lang:005789", "is_canonical": true}, {"name": "venda", "bcp_47_code": "fr", "locale_id": "lang:002512", "is_canonical": true}, {"name": "venda", "bcp_47_code": "fur", "locale_id": "lang:004668", "is_canonical": true}, {"name": "Venda", "bcp_47_code": "fy", "locale_id": "lang:000608", "is_canonical": true}, {"name": "Veindis", "bcp_47_code": "ga", "locale_id": "lang:005513", "is_canonical": true}, {"name": "Venda", "bcp_47_code": "gd", "locale_id": "lang:005113", "is_canonical": true}, {"name": "venda", "bcp_47_code": "gl", "locale_id": "lang:006921", "is_canonical": true}, {"name": "Venda-Schpraach", "bcp_47_code": "gsw", "locale_id": "lang:006414", "is_canonical": true}, {"name": "વેન્દા", "bcp_47_code": "gu", "locale_id": "lang:006797", "is_canonical": true}, {"name": "Venda", "bcp_47_code": "ha", "locale_id": "lang:006769", "is_canonical": true}, {"name": "וונדה", "bcp_47_code": "he", "locale_id": "lang:000780", "is_canonical": true}, {"name": "वेन्दा", "bcp_47_code": "hi", "locale_id": "lang:005010", "is_canonical": true}, {"name": "venda", "bcp_47_code": "hr", "locale_id": "lang:001280", "is_canonical": true}, {"name": "vendašćina", "bcp_47_code": "hsb", "locale_id": "lang:002868", "is_canonical": true}, {"name": "venda", "bcp_47_code": "hu", "locale_id": "lang:004445", "is_canonical": true}, {"name": "վենդա", "bcp_47_code": "hy", "locale_id": "lang:006918", "is_canonical": true}, {"name": "venda", "bcp_47_code": "ia", "locale_id": "lang:008680", "is_canonical": true}, {"name": "Venda", "bcp_47_code": "id", "locale_id": "lang:005344", "is_canonical": true}, {"name": "Venda", "bcp_47_code": "ig", "locale_id": "lang:002832", "is_canonical": true}, {"name": "venda", "bcp_47_code": "is", "locale_id": "lang:006417", "is_canonical": true}, {"name": "venda", "bcp_47_code": "it", "locale_id": "lang:005147", "is_canonical": true}, {"name": "ベンダ語", "bcp_47_code": "ja", "locale_id": "lang:005185", "is_canonical": true}, {"name": "Venda", "bcp_47_code": "jv", "locale_id": "lang:006418", "is_canonical": true}, {"name": "ვენდა", "bcp_47_code": "ka", "locale_id": "lang:005687", "is_canonical": true}, {"name": "Tavendat", "bcp_47_code": "kab", "locale_id": "lang:002124", "is_canonical": true}, {"name": "vẽna", "bcp_47_code": "kgp", "locale_id": "lang:005254", "is_canonical": true}, {"name": "венда тілі", "bcp_47_code": "kk", "locale_id": "lang:001017", "is_canonical": true}, {"name": "វេនដា", "bcp_47_code": "km", "locale_id": "lang:000690", "is_canonical": true}, {"name": "ವೆಂಡಾ", "bcp_47_code": "kn", "locale_id": "lang:006289", "is_canonical": true}, {"name": "벤다어", "bcp_47_code": "ko", "locale_id": "lang:000685", "is_canonical": true}, {"name": "वेंदा", "bcp_47_code": "kok", "locale_id": "lang:001978", "is_canonical": true}, {"name": "ویندا", "bcp_47_code": "ks", "locale_id": "lang:004361", "is_canonical": true}, {"name": "Wenda", "bcp_47_code": "ksh", "locale_id": "lang:000776", "is_canonical": true}, {"name": "вендача", "bcp_47_code": "ky", "locale_id": "lang:003193", "is_canonical": true}, {"name": "venda-Sprooch", "bcp_47_code": "lb", "locale_id": "lang:003324", "is_canonical": true}, {"name": "venda", "bcp_47_code": "lij", "locale_id": "lang:004453", "is_canonical": true}, {"name": "ເວນດາ", "bcp_47_code": "lo", "locale_id": "lang:002848", "is_canonical": true}, {"name": "vendų", "bcp_47_code": "lt", "locale_id": "lang:000996", "is_canonical": true}, {"name": "vendu", "bcp_47_code": "lv", "locale_id": "lang:006606", "is_canonical": true}, {"name": "बेंदा", "bcp_47_code": "mai", "locale_id": "lang:005797", "is_canonical": true}, {"name": "Wenēra", "bcp_47_code": "mi", "locale_id": "lang:005897", "is_canonical": true}, {"name": "венда", "bcp_47_code": "mk", "locale_id": "lang:001683", "is_canonical": true}, {"name": "വെന്ദ", "bcp_47_code": "ml", "locale_id": "lang:001880", "is_canonical": true}, {"name": "венда", "bcp_47_code": "mn", "locale_id": "lang:005506", "is_canonical": true}, {"name": "व्हेंदा", "bcp_47_code": "mr", "locale_id": "lang:003376", "is_canonical": true}, {"name": "Venda", "bcp_47_code": "ms", "locale_id": "lang:001263", "is_canonical": true}, {"name": "Venda", "bcp_47_code": "mt", "locale_id": "lang:004371", "is_canonical": true}, {"name": "ဗင်န်ဒါ", "bcp_47_code": "my", "locale_id": "lang:004196", "is_canonical": true}, {"name": "Venda", "bcp_47_code": "nds", "locale_id": "lang:001710", "is_canonical": true}, {"name": "भेन्डा", "bcp_47_code": "ne", "locale_id": "lang:004630", "is_canonical": true}, {"name": "Venda", "bcp_47_code": "nl", "locale_id": "lang:006448", "is_canonical": true}, {"name": "venda", "bcp_47_code": "no", "locale_id": "lang:002536", "is_canonical": true}, {"name": "venda", "bcp_47_code": "oc", "locale_id": "lang:003832", "is_canonical": true}, {"name": "ଭେଣ୍ଡା", "bcp_47_code": "or", "locale_id": "lang:001930", "is_canonical": true}, {"name": "ਵੇਂਡਾ", "bcp_47_code": "pa", "locale_id": "lang:003658", "is_canonical": true}, {"name": "Vẹ́nda Lángwej", "bcp_47_code": "pcm", "locale_id": "lang:002108", "is_canonical": true}, {"name": "venda", "bcp_47_code": "pl", "locale_id": "lang:001433", "is_canonical": true}, {"name": "ویندا", "bcp_47_code": "ps", "locale_id": "lang:006281", "is_canonical": true}, {"name": "venda", "bcp_47_code": "pt", "locale_id": "lang:001977", "is_canonical": true}, {"name": "Venda Simi", "bcp_47_code": "qu", "locale_id": "lang:000991", "is_canonical": true}, {"name": "venda", "bcp_47_code": "rm", "locale_id": "lang:004318", "is_canonical": true}, {"name": "venda", "bcp_47_code": "ro", "locale_id": "lang:006592", "is_canonical": true}, {"name": "венда", "bcp_47_code": "ru", "locale_id": "lang:006745", "is_canonical": true}, {"name": "ᱣᱮᱱᱰᱟ", "bcp_47_code": "sat", "locale_id": "lang:006025", "is_canonical": true}, {"name": "venda", "bcp_47_code": "sc", "locale_id": "lang:000376", "is_canonical": true}, {"name": "وينڊا", "bcp_47_code": "sd", "locale_id": "lang:002987", "is_canonical": true}, {"name": "වෙන්ඩා", "bcp_47_code": "si", "locale_id": "lang:000326", "is_canonical": true}, {"name": "vendčina", "bcp_47_code": "sk", "locale_id": "lang:005464", "is_canonical": true}, {"name": "venda", "bcp_47_code": "sl", "locale_id": "lang:004352", "is_canonical": true}, {"name": "vendakielâ", "bcp_47_code": "smn", "locale_id": "lang:000203", "is_canonical": true}, {"name": "Venda", "bcp_47_code": "so", "locale_id": "lang:000435", "is_canonical": true}, {"name": "vendaisht", "bcp_47_code": "sq", "locale_id": "lang:006275", "is_canonical": true}, {"name": "венда", "bcp_47_code": "sr", "locale_id": "lang:002701", "is_canonical": true}, {"name": "venda", "bcp_47_code": "sv", "locale_id": "lang:004782", "is_canonical": true}, {"name": "Kivenda", "bcp_47_code": "sw", "locale_id": "lang:001597", "is_canonical": true}, {"name": "வென்டா", "bcp_47_code": "ta", "locale_id": "lang:002996", "is_canonical": true}, {"name": "వెండా", "bcp_47_code": "te", "locale_id": "lang:000508", "is_canonical": true}, {"name": "венда", "bcp_47_code": "tg", "locale_id": "lang:002532", "is_canonical": true}, {"name": "เวนดา", "bcp_47_code": "th", "locale_id": "lang:000248", "is_canonical": true}, {"name": "ቨንዳ", "bcp_47_code": "ti", "locale_id": "lang:002196", "is_canonical": true}, {"name": "wenda dili", "bcp_47_code": "tk", "locale_id": "lang:002001", "is_canonical": true}, {"name": "lea fakavenitā", "bcp_47_code": "to", "locale_id": "lang:006037", "is_canonical": true}, {"name": "Venda dili", "bcp_47_code": "tr", "locale_id": "lang:000917", "is_canonical": true}, {"name": "венда", "bcp_47_code": "tt", "locale_id": "lang:003939", "is_canonical": true}, {"name": "ۋېنداچە", "bcp_47_code": "ug", "locale_id": "lang:003330", "is_canonical": true}, {"name": "венда", "bcp_47_code": "uk", "locale_id": "lang:001994", "is_canonical": true}, {"name": "وینڈا", "bcp_47_code": "ur", "locale_id": "lang:001103", "is_canonical": true}, {"name": "venda", "bcp_47_code": "uz", "locale_id": "lang:003386", "is_canonical": true}, {"name": "Tshivenḓa", "bcp_47_code": "ve", "locale_id": "lang:000270", "is_canonical": true}, {"name": "tiếng Venda", "bcp_47_code": "vi", "locale_id": "lang:004523", "is_canonical": true}, {"name": "Venda", "bcp_47_code": "wae", "locale_id": "lang:001423", "is_canonical": true}, {"name": "Wenda", "bcp_47_code": "wo", "locale_id": "lang:003933", "is_canonical": true}, {"name": "Èdè Fenda", "bcp_47_code": "yo", "locale_id": "lang:003132", "is_canonical": true}, {"name": "wẽda", "bcp_47_code": "yrl", "locale_id": "lang:006863", "is_canonical": true}, {"name": "溫達文", "bcp_47_code": "yue", "locale_id": "lang:005108", "is_canonical": true}, {"name": "文达语", "bcp_47_code": "cmn", "locale_id": "lang:004378", "is_canonical": true}, {"name": "isi-Venda", "bcp_47_code": "zu", "locale_id": "lang:007247", "is_canonical": true}, {"name": "ቬንዳኛ", "bcp_47_code": "am", "locale_id": "lang:000379", "is_canonical": null}, {"name": "الفندا", "bcp_47_code": "ar", "locale_id": "lang:000884", "is_canonical": null}, {"name": "ভেন্দা", "bcp_47_code": "as", "locale_id": "lang:003208", "is_canonical": null}, {"name": "Venda", "bcp_47_code": "az", "locale_id": "lang:000492", "is_canonical": null}, {"name": "vendatarra", "bcp_47_code": "eu", "locale_id": "lang:004920", "is_canonical": null}, {"name": "وندا", "bcp_47_code": "fa", "locale_id": "lang:005211", "is_canonical": null}, {"name": "Venda", "bcp_47_code": "gl", "locale_id": "lang:006921", "is_canonical": null}, {"name": "Venda", "bcp_47_code": "gsw", "locale_id": "lang:006414", "is_canonical": null}, {"name": "વેન્ડા", "bcp_47_code": "gu", "locale_id": "lang:006797", "is_canonical": null}, {"name": "ונדה", "bcp_47_code": "he", "locale_id": "lang:000780", "is_canonical": true}, {"name": "वेंडा", "bcp_47_code": "hi", "locale_id": "lang:005010", "is_canonical": null}, {"name": "vendski", "bcp_47_code": "hr", "locale_id": "lang:001280", "is_canonical": null}, {"name": "Venda", "bcp_47_code": "in", "locale_id": "lang:005344", "is_canonical": true}, {"name": "ヴェンダ語", "bcp_47_code": "ja", "locale_id": "lang:005185", "is_canonical": null}, {"name": "ვენდური", "bcp_47_code": "ka", "locale_id": "lang:005687", "is_canonical": null}, {"name": "Венда", "bcp_47_code": "kk", "locale_id": "lang:001017", "is_canonical": null}, {"name": "Вендача", "bcp_47_code": "ky", "locale_id": "lang:003193", "is_canonical": null}, {"name": "Venda", "bcp_47_code": "ln", "locale_id": "lang:005075", "is_canonical": true}, {"name": "vendų kalba", "bcp_47_code": "lt", "locale_id": "lang:000996", "is_canonical": null}, {"name": "വേണ്ട", "bcp_47_code": "ml", "locale_id": "lang:001880", "is_canonical": null}, {"name": "Венда", "bcp_47_code": "mn", "locale_id": "lang:005506", "is_canonical": null}, {"name": "Venda", "bcp_47_code": "mo", "locale_id": "lang:006592", "is_canonical": true}, {"name": "वेंडा", "bcp_47_code": "mr", "locale_id": "lang:003376", "is_canonical": null}, {"name": "ဗန်ဒါ", "bcp_47_code": "my", "locale_id": "lang:004196", "is_canonical": null}, {"name": "venda", "bcp_47_code": "nb", "locale_id": "lang:000958", "is_canonical": true}, {"name": "වෙණ්ඩා", "bcp_47_code": "si", "locale_id": "lang:000326", "is_canonical": null}, {"name": "vendajski jeziki", "bcp_47_code": "sl", "locale_id": "lang:004352", "is_canonical": null}, {"name": "Vendaisht", "bcp_47_code": "sq", "locale_id": "lang:006275", "is_canonical": null}, {"name": "வெண்டா", "bcp_47_code": "ta", "locale_id": "lang:002996", "is_canonical": null}, {"name": "Venda", "bcp_47_code": "tl", "locale_id": "lang:002540", "is_canonical": true}, {"name": "Venda", "bcp_47_code": "tr", "locale_id": "lang:000917", "is_canonical": null}, {"name": "Venda dili", "bcp_47_code": "az", "locale_id": "lang:000492", "is_canonical": null}, {"name": "vendeg", "bcp_47_code": "br", "locale_id": "lang:003643", "is_canonical": null}, {"name": "Tshivenda", "bcp_47_code": "de", "locale_id": "lang:006636", "is_canonical": null}, {"name": "venda lingvo", "bcp_47_code": "eo", "locale_id": "lang:001065", "is_canonical": null}, {"name": "vendan kieli", "bcp_47_code": "fi", "locale_id": "lang:005250", "is_canonical": null}, {"name": "venda jezik", "bcp_47_code": "hr", "locale_id": "lang:001280", "is_canonical": null}, {"name": "Вендабзэ", "bcp_47_code": "kbd", "locale_id": "lang:002649", "is_canonical": true}, {"name": "Венда", "bcp_47_code": "kv", "locale_id": "lang:000812", "is_canonical": true}, {"name": "Vendatlahtōlli", "bcp_47_code": "nah", "locale_id": null, "is_canonical": true}, {"name": "Vendum", "bcp_47_code": "nov", "locale_id": null, "is_canonical": true}, {"name": "Sevenda", "bcp_47_code": "nso", "locale_id": "lang:005268", "is_canonical": true}, {"name": "język venda", "bcp_47_code": "pl", "locale_id": "lang:001433", "is_canonical": null}, {"name": "Lenga Venda", "bcp_47_code": "pms", "locale_id": "lang:003480", "is_canonical": true}, {"name": "língua venda", "bcp_47_code": "pt", "locale_id": "lang:001977", "is_canonical": null}, {"name": "Ikivenda", "bcp_47_code": "rw", "locale_id": "lang:005054", "is_canonical": true}, {"name": "venda jezik", "bcp_47_code": "sh", "locale_id": "lang:003245", "is_canonical": true}, {"name": "Gjuha venda", "bcp_47_code": "sq", "locale_id": "lang:006275", "is_canonical": null}, {"name": "வேந்த மொழி", "bcp_47_code": "ta", "locale_id": "lang:002996", "is_canonical": null}, {"name": "TshiVenḓa", "bcp_47_code": "ve", "locale_id": "lang:000270", "is_canonical": null}, {"name": "ვენდა", "bcp_47_code": "xmf", "locale_id": "lang:002772", "is_canonical": true}, {"name": "文達語", "bcp_47_code": "cmn", "locale_id": "lang:004378", "is_canonical": null}, {"name": "вэндзкая мова", "bcp_47_code": "be", "locale_id": "lang:004942", "is_canonical": null}, {"name": "زبان وندا", "bcp_47_code": "fa", "locale_id": "lang:005211", "is_canonical": null}, {"name": "Venda mál", "bcp_47_code": "fo", "locale_id": "lang:005789", "is_canonical": null}, {"name": "TshiVenda", "bcp_47_code": "zu", "locale_id": "lang:007247", "is_canonical": null}, {"name": "الفيندية", "bcp_47_code": "ar", "locale_id": "lang:000884", "is_canonical": null}, {"name": "tshivenda", "bcp_47_code": "nn", "locale_id": "lang:005019", "is_canonical": true}, {"name": "bahasa Venda", "bcp_47_code": "id", "locale_id": "lang:005344", "is_canonical": null}, {"name": "Sevenda", "bcp_47_code": "st", "locale_id": "lang:004234", "is_canonical": true}, {"name": "Венда", "bcp_47_code": "cv", "locale_id": "lang:003469", "is_canonical": true}, {"name": "Lingua venda", "bcp_47_code": "gl", "locale_id": "lang:006921", "is_canonical": null}, {"name": "Wikang Venda", "bcp_47_code": "tl", "locale_id": "lang:002540", "is_canonical": null}, {"name": "Venda", "bcp_47_code": "hif", "locale_id": "lang:004553", "is_canonical": true}, {"name": "ویندا زبان", "bcp_47_code": "ur", "locale_id": "lang:001103", "is_canonical": null}, {"name": "idioma vienda", "bcp_47_code": "ast", "locale_id": "lang:006965", "is_canonical": null}, {"name": "വെന്ദ ഭാഷ", "bcp_47_code": "ml", "locale_id": "lang:001880", "is_canonical": null}, {"name": "Venda-gí", "bcp_47_code": "nan", "locale_id": "lang:001296", "is_canonical": true}, {"name": "venda keel", "bcp_47_code": "et", "locale_id": "lang:007279", "is_canonical": null}, {"name": "Venda", "bcp_47_code": "frr", "locale_id": "lang:007274", "is_canonical": true}, {"name": "文达语", "bcp_47_code": "wuu", "locale_id": "lang:006830", "is_canonical": true}, {"name": "vendu valoda", "bcp_47_code": "lv", "locale_id": "lang:006606", "is_canonical": null}, {"name": "ᱵᱷᱮᱱᱰᱟ ᱯᱟᱹᱨᱥᱤ", "bcp_47_code": "sat", "locale_id": "lang:006025", "is_canonical": null}, {"name": "venda", "bcp_47_code": "vec", "locale_id": "lang:004329", "is_canonical": true}, {"name": "isiVenda", "bcp_47_code": "xh", "locale_id": "lang:002158", "is_canonical": true}, {"name": "Chivhenda", "bcp_47_code": "sn", "locale_id": "lang:001441", "is_canonical": true}, {"name": "vendaǩiõll", "bcp_47_code": "sms", "locale_id": "lang:001931", "is_canonical": true}, {"name": "وینڈا", "bcp_47_code": "pnb", "locale_id": "lang:003334", "is_canonical": true}, {"name": "वेन्दा भाषा", "bcp_47_code": "anp", "locale_id": "lang:007347", "is_canonical": true}, {"name": "وندا", "bcp_47_code": "mzn", "locale_id": "lang:005912", "is_canonical": true}, {"name": "tshivenda", "bcp_47_code": "nb", "locale_id": "lang:000958", "is_canonical": null}, {"name": "vendo", "bcp_47_code": "pt", "locale_id": "lang:001977", "is_canonical": null}, {"name": "luvenda", "bcp_47_code": "es", "locale_id": "lang:005944", "is_canonical": null}, {"name": "idioma venda", "bcp_47_code": "es", "locale_id": "lang:005944", "is_canonical": null}, {"name": "idioma luvenda", "bcp_47_code": "es", "locale_id": "lang:005944", "is_canonical": null}, {"name": "lengua venda", "bcp_47_code": "es", "locale_id": "lang:005944", "is_canonical": null}, {"name": "lengua luvenda", "bcp_47_code": "es", "locale_id": "lang:005944", "is_canonical": null}, {"name": "lingua venda", "bcp_47_code": "it", "locale_id": "lang:005147", "is_canonical": null}, {"name": "لغة فيندية", "bcp_47_code": "ar", "locale_id": "lang:000884", "is_canonical": null}, {"name": "اللغة الفيندية", "bcp_47_code": "ar", "locale_id": "lang:000884", "is_canonical": null}, {"name": "فيندية", "bcp_47_code": "ar", "locale_id": "lang:000884", "is_canonical": null}, {"name": "Tshivenḓa", "bcp_47_code": "gl", "locale_id": "lang:006921", "is_canonical": null}, {"name": "ട്ഷിവെന്ദ", "bcp_47_code": "ml", "locale_id": "lang:001880", "is_canonical": null}, {"name": "ലുവെന്ദ", "bcp_47_code": "ml", "locale_id": "lang:001880", "is_canonical": null}, {"name": "venda", "bcp_47_code": "lv", "locale_id": "lang:006606", "is_canonical": null}, {"name": "溫達語", "bcp_47_code": "cmn", "locale_id": "lang:004378", "is_canonical": null}, {"name": "Tshivenda", "bcp_47_code": "ve", "locale_id": "lang:000270", "is_canonical": false}]