[{"name": "Akukem", "bcp_47_code": "en", "locale_id": "lang:004172", "is_canonical": true}, {"name": "Sepen", "bcp_47_code": "en", "locale_id": "lang:004172", "is_canonical": true}, {"name": "sepeneg", "bcp_47_code": "br", "locale_id": "lang:003643", "is_canonical": true}, {"name": "Lenga Sepen", "bcp_47_code": "pms", "locale_id": "lang:003480", "is_canonical": true}, {"name": "Kiakukem", "bcp_47_code": "sw", "locale_id": "lang:001597", "is_canonical": true}, {"name": "Akukem", "bcp_47_code": "ilo", "locale_id": "lang:007408", "is_canonical": true}, {"name": "język sepen", "bcp_47_code": "pl", "locale_id": "lang:001433", "is_canonical": true}, {"name": "akukem", "bcp_47_code": "fr", "locale_id": "lang:002512", "is_canonical": true}, {"name": "sepen", "bcp_47_code": "fr", "locale_id": "lang:002512", "is_canonical": null}]