[{"name": "Lama", "bcp_47_code": "en", "locale_id": "lang:004172", "is_canonical": true}, {"name": "Gur Lama", "bcp_47_code": "en", "locale_id": "lang:004172", "is_canonical": null}, {"name": "Kilama", "bcp_47_code": "sw", "locale_id": "lang:001597", "is_canonical": true}, {"name": "Lenga Lama", "bcp_47_code": "pms", "locale_id": "lang:003480", "is_canonical": true}, {"name": "Lama", "bcp_47_code": "de", "locale_id": "lang:006636", "is_canonical": true}, {"name": "lama", "bcp_47_code": "fr", "locale_id": "lang:002512", "is_canonical": true}, {"name": "lama", "bcp_47_code": "oc", "locale_id": "lang:003832", "is_canonical": true}, {"name": "Wikang Lama", "bcp_47_code": "tl", "locale_id": "lang:002540", "is_canonical": true}, {"name": "lama keel", "bcp_47_code": "et", "locale_id": "lang:007279", "is_canonical": true}, {"name": "Losso", "bcp_47_code": "de", "locale_id": "lang:006636", "is_canonical": null}, {"name": "Lama", "bcp_47_code": "las", "locale_id": "lang:000132", "is_canonical": true}, {"name": "Lama (Togo)", "bcp_47_code": "en", "locale_id": "lang:004172", "is_canonical": true}]