[{"name": "Kaska", "bcp_47_code": "en", "locale_id": "lang:004172", "is_canonical": true}, {"name": "Lenga kaska", "bcp_47_code": "pms", "locale_id": "lang:003480", "is_canonical": true}, {"name": "kaska", "bcp_47_code": "fr", "locale_id": "lang:002512", "is_canonical": true}, {"name": "kaska", "bcp_47_code": "es", "locale_id": "lang:005944", "is_canonical": true}, {"name": "Kaskaca", "bcp_47_code": "tr", "locale_id": "lang:000917", "is_canonical": true}, {"name": "Kaska spriak", "bcp_47_code": "frr", "locale_id": "lang:007274", "is_canonical": true}, {"name": "каска", "bcp_47_code": "ru", "locale_id": "lang:006745", "is_canonical": true}, {"name": "Kaska", "bcp_47_code": "de", "locale_id": "lang:006636", "is_canonical": true}, {"name": "kaska", "bcp_47_code": "ca", "locale_id": "lang:000334", "is_canonical": true}, {"name": "kaska", "bcp_47_code": "oc", "locale_id": "lang:003832", "is_canonical": true}, {"name": "Kaska", "bcp_47_code": "nl", "locale_id": "lang:006448", "is_canonical": true}, {"name": "lingua kaska", "bcp_47_code": "it", "locale_id": "lang:005147", "is_canonical": true}, {"name": "Каска теле", "bcp_47_code": "ba", "locale_id": "lang:003847", "is_canonical": true}, {"name": "kaska keel", "bcp_47_code": "et", "locale_id": "lang:007279", "is_canonical": true}, {"name": "Γλώσσα Κάσκα", "bcp_47_code": "el", "locale_id": "lang:002331", "is_canonical": true}, {"name": "língua kaska", "bcp_47_code": "pt", "locale_id": "lang:001977", "is_canonical": true}, {"name": "kaska", "bcp_47_code": "nn", "locale_id": "lang:005019", "is_canonical": true}, {"name": "Wikang Kaska", "bcp_47_code": "tl", "locale_id": "lang:002540", "is_canonical": true}, {"name": "kaska", "bcp_47_code": "nb", "locale_id": "lang:000958", "is_canonical": true}, {"name": "kaska", "bcp_47_code": "vec", "locale_id": "lang:004329", "is_canonical": true}, {"name": "Iso 639:Kkz", "bcp_47_code": "en", "locale_id": "lang:004172", "is_canonical": null}, {"name": "Danezāgé'", "bcp_47_code": "en", "locale_id": "lang:004172", "is_canonical": null}, {"name": "idioma kaska", "bcp_47_code": "es", "locale_id": "lang:005944", "is_canonical": null}]