[{"name": "Chinbon Chin", "bcp_47_code": "en", "locale_id": "lang:004172", "is_canonical": true}, {"name": "Chinbon Lenga Chin", "bcp_47_code": "pms", "locale_id": "lang:003480", "is_canonical": true}, {"name": "tchinboneg", "bcp_47_code": "br", "locale_id": "lang:003643", "is_canonical": true}, {"name": "chinbon chin jezik", "bcp_47_code": "hr", "locale_id": "lang:001280", "is_canonical": true}, {"name": "Kichin ya Chinbon", "bcp_47_code": "sw", "locale_id": "lang:001597", "is_canonical": true}, {"name": "ภาษาชินบอน", "bcp_47_code": "th", "locale_id": "lang:000248", "is_canonical": true}]