[{"name": "Tomoip", "bcp_47_code": "en", "locale_id": "lang:004172", "is_canonical": true}, {"name": "tomoip", "bcp_47_code": "fr", "locale_id": "lang:002512", "is_canonical": true}, {"name": "томоипски јазик", "bcp_47_code": "mk", "locale_id": "lang:001683", "is_canonical": true}, {"name": "Lenga Tomoip", "bcp_47_code": "pms", "locale_id": "lang:003480", "is_canonical": true}, {"name": "Kitomoip", "bcp_47_code": "sw", "locale_id": "lang:001597", "is_canonical": true}, {"name": "トゥムイプ語", "bcp_47_code": "ja", "locale_id": "lang:005185", "is_canonical": true}, {"name": "Tomoip", "bcp_47_code": "ilo", "locale_id": "lang:007408", "is_canonical": true}]