[{"name": "Shuadit", "bcp_47_code": "en", "locale_id": "lang:004172", "is_canonical": true}, {"name": "língua judeu-provençal", "bcp_47_code": "pt", "locale_id": "lang:001977", "is_canonical": true}, {"name": "język szuadit", "bcp_47_code": "pl", "locale_id": "lang:001433", "is_canonical": true}, {"name": "shuadit", "bcp_47_code": "eu", "locale_id": "lang:004920", "is_canonical": true}, {"name": "еврейско-провансальский диалект", "bcp_47_code": "ru", "locale_id": "lang:006745", "is_canonical": true}, {"name": "shuadit", "bcp_47_code": "fr", "locale_id": "lang:002512", "is_canonical": true}, {"name": "פרובנסלית יהודית", "bcp_47_code": "he", "locale_id": "lang:000780", "is_canonical": true}, {"name": "shuadit", "bcp_47_code": "es", "locale_id": "lang:005944", "is_canonical": true}, {"name": "Shuadit", "bcp_47_code": "lad", "locale_id": "lang:001121", "is_canonical": true}, {"name": "Şuadit", "bcp_47_code": "tr", "locale_id": "lang:000917", "is_canonical": true}, {"name": "judeoprovençal", "bcp_47_code": "ca", "locale_id": "lang:000334", "is_canonical": true}, {"name": "shuadit", "bcp_47_code": "oc", "locale_id": "lang:003832", "is_canonical": true}, {"name": "juutalaisprovensaali", "bcp_47_code": "fi", "locale_id": "lang:005250", "is_canonical": true}, {"name": "lingua shuadit", "bcp_47_code": "it", "locale_id": "lang:005147", "is_canonical": true}, {"name": "シュアディート", "bcp_47_code": "ja", "locale_id": "lang:005185", "is_canonical": true}, {"name": "chouaditeg", "bcp_47_code": "br", "locale_id": "lang:003643", "is_canonical": true}, {"name": "زبان شوادی", "bcp_47_code": "fa", "locale_id": "lang:005211", "is_canonical": true}, {"name": "shuadit", "bcp_47_code": "hr", "locale_id": "lang:001280", "is_canonical": true}, {"name": "šuaditšćina", "bcp_47_code": "hsb", "locale_id": "lang:002868", "is_canonical": true}, {"name": "Lenga shuadit", "bcp_47_code": "pms", "locale_id": "lang:003480", "is_canonical": true}, {"name": "јудејскопровансалски јазик", "bcp_47_code": "mk", "locale_id": "lang:001683", "is_canonical": true}, {"name": "舒亞迪語", "bcp_47_code": "cmn", "locale_id": "lang:004378", "is_canonical": true}, {"name": "舒亚迪语", "bcp_47_code": "cmn", "locale_id": "lang:004378", "is_canonical": null}, {"name": "שואדית", "bcp_47_code": "yi", "locale_id": "lang:002081", "is_canonical": true}, {"name": "shuadit", "bcp_47_code": "ast", "locale_id": "lang:006965", "is_canonical": true}, {"name": "শুয়াদিৎ ভাষা", "bcp_47_code": "bn", "locale_id": "lang:000178", "is_canonical": true}, {"name": "shuadit", "bcp_47_code": "vec", "locale_id": "lang:004329", "is_canonical": true}, {"name": "유대프로방스어", "bcp_47_code": "ko", "locale_id": "lang:000685", "is_canonical": true}, {"name": "língua shuadit", "bcp_47_code": "pt", "locale_id": "lang:001977", "is_canonical": null}, {"name": "szuadit", "bcp_47_code": "pl", "locale_id": "lang:001433", "is_canonical": null}, {"name": "judu-proventzera", "bcp_47_code": "eu", "locale_id": "lang:004920", "is_canonical": null}, {"name": "judéo-provençal", "bcp_47_code": "fr", "locale_id": "lang:002512", "is_canonical": null}, {"name": "chouadite", "bcp_47_code": "fr", "locale_id": "lang:002512", "is_canonical": null}, {"name": "chouadit", "bcp_47_code": "fr", "locale_id": "lang:002512", "is_canonical": null}, {"name": "judéo-comtadin", "bcp_47_code": "fr", "locale_id": "lang:002512", "is_canonical": null}, {"name": "chouhadite", "bcp_47_code": "fr", "locale_id": "lang:002512", "is_canonical": null}, {"name": "shuhadit", "bcp_47_code": "fr", "locale_id": "lang:002512", "is_canonical": null}, {"name": "chouhadit", "bcp_47_code": "fr", "locale_id": "lang:002512", "is_canonical": null}, {"name": "hébraïco-comtadin", "bcp_47_code": "fr", "locale_id": "lang:002512", "is_canonical": null}, {"name": "שואדית", "bcp_47_code": "he", "locale_id": "lang:000780", "is_canonical": null}, {"name": "judeoprovenzal", "bcp_47_code": "es", "locale_id": "lang:005944", "is_canonical": null}, {"name": "Djudeo-provenzal", "bcp_47_code": "lad", "locale_id": "lang:001121", "is_canonical": null}, {"name": "Yahudi Provençal dili", "bcp_47_code": "tr", "locale_id": "lang:000917", "is_canonical": null}, {"name": "Yahudi Arpitancası", "bcp_47_code": "tr", "locale_id": "lang:000917", "is_canonical": null}, {"name": "Yahudi Provençal", "bcp_47_code": "tr", "locale_id": "lang:000917", "is_canonical": null}, {"name": "shoadit", "bcp_47_code": "ca", "locale_id": "lang:000334", "is_canonical": null}, {"name": "judeo-provençal", "bcp_47_code": "ca", "locale_id": "lang:000334", "is_canonical": null}, {"name": "judeoprovençau", "bcp_47_code": "oc", "locale_id": "lang:003832", "is_canonical": null}, {"name": "judeoprovençal", "bcp_47_code": "oc", "locale_id": "lang:003832", "is_canonical": null}, {"name": "judeooccitan", "bcp_47_code": "oc", "locale_id": "lang:003832", "is_canonical": null}, {"name": "ユダヤ・プロヴァンス語", "bcp_47_code": "ja", "locale_id": "lang:005185", "is_canonical": null}, {"name": "ユダヤ・オック語", "bcp_47_code": "ja", "locale_id": "lang:005185", "is_canonical": null}, {"name": "judeoprovansalski", "bcp_47_code": "hr", "locale_id": "lang:001280", "is_canonical": null}, {"name": "judeoprovansalski jezik", "bcp_47_code": "hr", "locale_id": "lang:001280", "is_canonical": null}, {"name": "Judæo-Occitan", "bcp_47_code": "en", "locale_id": "lang:004172", "is_canonical": null}, {"name": "犹太-普罗旺斯语", "bcp_47_code": "cmn", "locale_id": "lang:004378", "is_canonical": null}, {"name": "猶太-普羅旺斯語", "bcp_47_code": "cmn", "locale_id": "lang:004378", "is_canonical": null}, {"name": "ইহুদি-অক্সিতঁ", "bcp_47_code": "bn", "locale_id": "lang:000178", "is_canonical": null}, {"name": "犹太普罗旺斯方言", "bcp_47_code": "cmn", "locale_id": "lang:004378", "is_canonical": null}]