[{"name": "атаи", "bcp_47_code": "ab", "locale_id": "lang:006291", "is_canonical": true}, {"name": "Thai", "bcp_47_code": "af", "locale_id": "lang:006849", "is_canonical": true}, {"name": "Tàe", "bcp_47_code": "agq", "locale_id": "lang:004648", "is_canonical": true}, {"name": "Taeland kasa", "bcp_47_code": "ak", "locale_id": "lang:002020", "is_canonical": true}, {"name": "ታይኛ", "bcp_47_code": "am", "locale_id": "lang:000379", "is_canonical": true}, {"name": "tai", "bcp_47_code": "an", "locale_id": "lang:000439", "is_canonical": true}, {"name": "التايلاندية", "bcp_47_code": "ar", "locale_id": "lang:000884", "is_canonical": true}, {"name": "থাই", "bcp_47_code": "as", "locale_id": "lang:003208", "is_canonical": true}, {"name": "Kitailandi", "bcp_47_code": "asa", "locale_id": "lang:007029", "is_canonical": true}, {"name": "tailandés", "bcp_47_code": "ast", "locale_id": "lang:006965", "is_canonical": true}, {"name": "tay", "bcp_47_code": "az", "locale_id": "lang:000492", "is_canonical": true}, {"name": "Hɔp u tây", "bcp_47_code": "bas", "locale_id": "lang:003426", "is_canonical": true}, {"name": "тайская", "bcp_47_code": "be", "locale_id": "lang:004942", "is_canonical": true}, {"name": "Ichi Thai", "bcp_47_code": "bem", "locale_id": "lang:003222", "is_canonical": true}, {"name": "Hitailand", "bcp_47_code": "bez", "locale_id": "lang:005069", "is_canonical": true}, {"name": "тайски", "bcp_47_code": "bg", "locale_id": "lang:003294", "is_canonical": true}, {"name": "تایلندی", "bcp_47_code": "bgn", "locale_id": "lang:004443", "is_canonical": true}, {"name": "tayikan", "bcp_47_code": "bm", "locale_id": "lang:005431", "is_canonical": true}, {"name": "থাই", "bcp_47_code": "bn", "locale_id": "lang:000178", "is_canonical": true}, {"name": "ཐའའི་ཡུལ་སྐད།", "bcp_47_code": "bo", "locale_id": "lang:002395", "is_canonical": true}, {"name": "thai", "bcp_47_code": "br", "locale_id": "lang:003643", "is_canonical": true}, {"name": "थाई", "bcp_47_code": "brx", "locale_id": "lang:003716", "is_canonical": true}, {"name": "tajlandski", "bcp_47_code": "bs", "locale_id": "lang:005177", "is_canonical": true}, {"name": "ታይኛ", "bcp_47_code": "byn", "locale_id": "lang:001586", "is_canonical": true}, {"name": "tai", "bcp_47_code": "ca", "locale_id": "lang:000334", "is_canonical": true}, {"name": "𑄗𑄭", "bcp_47_code": "ccp", "locale_id": "lang:004815", "is_canonical": true}, {"name": "тайн", "bcp_47_code": "ce", "locale_id": "lang:000120", "is_canonical": true}, {"name": "Thai", "bcp_47_code": "ceb", "locale_id": "lang:006077", "is_canonical": true}, {"name": "Orutailandi", "bcp_47_code": "cgg", "locale_id": "lang:005459", "is_canonical": true}, {"name": "ᏔᏱ", "bcp_47_code": "chr", "locale_id": "lang:004490", "is_canonical": true}, {"name": "تایلەندی", "bcp_47_code": "ckb", "locale_id": "lang:002255", "is_canonical": true}, {"name": "tailandese", "bcp_47_code": "co", "locale_id": "lang:006406", "is_canonical": true}, {"name": "thajština", "bcp_47_code": "cs", "locale_id": "lang:007371", "is_canonical": true}, {"name": "тай", "bcp_47_code": "cv", "locale_id": "lang:003469", "is_canonical": true}, {"name": "Thai", "bcp_47_code": "cy", "locale_id": "lang:005257", "is_canonical": true}, {"name": "thai", "bcp_47_code": "da", "locale_id": "lang:006478", "is_canonical": true}, {"name": "Kitailandi", "bcp_47_code": "dav", "locale_id": "lang:003374", "is_canonical": true}, {"name": "Thailändisch", "bcp_47_code": "de", "locale_id": "lang:006636", "is_canonical": true}, {"name": "Taailandu senni", "bcp_47_code": "dje", "locale_id": "lang:004856", "is_canonical": true}, {"name": "thailandšćina", "bcp_47_code": "dsb", "locale_id": "lang:007093", "is_canonical": true}, {"name": "tay", "bcp_47_code": "dyo", "locale_id": "lang:003346", "is_canonical": true}, {"name": "ཐཱའི་ཁ", "bcp_47_code": "dz", "locale_id": "lang:001019", "is_canonical": true}, {"name": "Kĩtailandi", "bcp_47_code": "ebu", "locale_id": "lang:007173", "is_canonical": true}, {"name": "Thailandgbe", "bcp_47_code": "ee", "locale_id": "lang:007099", "is_canonical": true}, {"name": "Ταϊλανδικά", "bcp_47_code": "el", "locale_id": "lang:002331", "is_canonical": true}, {"name": "taja", "bcp_47_code": "eo", "locale_id": "lang:001065", "is_canonical": true}, {"name": "tailandés", "bcp_47_code": "es", "locale_id": "lang:005944", "is_canonical": true}, {"name": "tai", "bcp_47_code": "et", "locale_id": "lang:007279", "is_canonical": true}, {"name": "thailandiera", "bcp_47_code": "eu", "locale_id": "lang:004920", "is_canonical": true}, {"name": "ǹkɔ́bɔ táilan", "bcp_47_code": "ewo", "locale_id": "lang:001026", "is_canonical": true}, {"name": "تایلندی", "bcp_47_code": "fa", "locale_id": "lang:005211", "is_canonical": true}, {"name": "Taay", "bcp_47_code": "ff", "locale_id": "lang:002404", "is_canonical": true}, {"name": "thai", "bcp_47_code": "fi", "locale_id": "lang:005250", "is_canonical": true}, {"name": "Thai", "bcp_47_code": "fil", "locale_id": "lang:004854", "is_canonical": true}, {"name": "tailendskt", "bcp_47_code": "fo", "locale_id": "lang:005789", "is_canonical": true}, {"name": "thaï", "bcp_47_code": "fr", "locale_id": "lang:002512", "is_canonical": true}, {"name": "Thai", "bcp_47_code": "frr", "locale_id": "lang:007274", "is_canonical": true}, {"name": "thai", "bcp_47_code": "fur", "locale_id": "lang:004668", "is_canonical": true}, {"name": "Thais", "bcp_47_code": "fy", "locale_id": "lang:000608", "is_canonical": true}, {"name": "Téalainnis", "bcp_47_code": "ga", "locale_id": "lang:005513", "is_canonical": true}, {"name": "Thai", "bcp_47_code": "gaa", "locale_id": "lang:006506", "is_canonical": true}, {"name": "Cànan nan Tàidh", "bcp_47_code": "gd", "locale_id": "lang:005113", "is_canonical": true}, {"name": "ታይኛ", "bcp_47_code": "gez", "locale_id": null, "is_canonical": true}, {"name": "tailandés", "bcp_47_code": "gl", "locale_id": "lang:006921", "is_canonical": true}, {"name": "Thailändisch", "bcp_47_code": "gsw", "locale_id": "lang:006414", "is_canonical": true}, {"name": "થાઈ", "bcp_47_code": "gu", "locale_id": "lang:006797", "is_canonical": true}, {"name": "Kitailandi", "bcp_47_code": "guz", "locale_id": "lang:004898", "is_canonical": true}, {"name": "Thai", "bcp_47_code": "ha", "locale_id": "lang:006769", "is_canonical": true}, {"name": "תאית", "bcp_47_code": "he", "locale_id": "lang:000780", "is_canonical": true}, {"name": "थाई", "bcp_47_code": "hi", "locale_id": "lang:005010", "is_canonical": true}, {"name": "tajlandski", "bcp_47_code": "hr", "locale_id": "lang:001280", "is_canonical": true}, {"name": "thailandšćina", "bcp_47_code": "hsb", "locale_id": "lang:002868", "is_canonical": true}, {"name": "thai", "bcp_47_code": "hu", "locale_id": "lang:004445", "is_canonical": true}, {"name": "թայերեն", "bcp_47_code": "hy", "locale_id": "lang:006918", "is_canonical": true}, {"name": "thai", "bcp_47_code": "ia", "locale_id": "lang:008680", "is_canonical": true}, {"name": "Thai", "bcp_47_code": "id", "locale_id": "lang:005344", "is_canonical": true}, {"name": "Taị", "bcp_47_code": "ig", "locale_id": "lang:002832", "is_canonical": true}, {"name": "taílenska", "bcp_47_code": "is", "locale_id": "lang:006417", "is_canonical": true}, {"name": "thailandese", "bcp_47_code": "it", "locale_id": "lang:005147", "is_canonical": true}, {"name": "タイ語", "bcp_47_code": "ja", "locale_id": "lang:005185", "is_canonical": true}, {"name": "Kyitailandi", "bcp_47_code": "jmc", "locale_id": "lang:001895", "is_canonical": true}, {"name": "Thailand", "bcp_47_code": "jv", "locale_id": "lang:006418", "is_canonical": true}, {"name": "ტაილანდური", "bcp_47_code": "ka", "locale_id": "lang:005687", "is_canonical": true}, {"name": "Taṭaylundit", "bcp_47_code": "kab", "locale_id": "lang:002124", "is_canonical": true}, {"name": "Kitailandi", "bcp_47_code": "kam", "locale_id": "lang:003568", "is_canonical": true}, {"name": "Chitailandi", "bcp_47_code": "kde", "locale_id": "lang:007289", "is_canonical": true}, {"name": "tailandes", "bcp_47_code": "kea", "locale_id": "lang:000423", "is_canonical": true}, {"name": "tajrỹnej", "bcp_47_code": "kgp", "locale_id": "lang:005254", "is_canonical": true}, {"name": "Taailandu senni", "bcp_47_code": "khq", "locale_id": "lang:006293", "is_canonical": true}, {"name": "Kitailandi", "bcp_47_code": "ki", "locale_id": "lang:005415", "is_canonical": true}, {"name": "тай тілі", "bcp_47_code": "kk", "locale_id": "lang:001017", "is_canonical": true}, {"name": "thailandimiutut", "bcp_47_code": "kl", "locale_id": "lang:002208", "is_canonical": true}, {"name": "kutitab Thailand", "bcp_47_code": "kln", "locale_id": "lang:002016", "is_canonical": true}, {"name": "ថៃ", "bcp_47_code": "km", "locale_id": "lang:000690", "is_canonical": true}, {"name": "ಥಾಯ್", "bcp_47_code": "kn", "locale_id": "lang:006289", "is_canonical": true}, {"name": "태국어", "bcp_47_code": "ko", "locale_id": "lang:000685", "is_canonical": true}, {"name": "थाई", "bcp_47_code": "kok", "locale_id": "lang:001978", "is_canonical": true}, {"name": "تھاے", "bcp_47_code": "ks", "locale_id": "lang:004361", "is_canonical": true}, {"name": "Kitailandi", "bcp_47_code": "ksb", "locale_id": "lang:004590", "is_canonical": true}, {"name": "ritaí", "bcp_47_code": "ksf", "locale_id": "lang:007111", "is_canonical": true}, {"name": "Tailändesch", "bcp_47_code": "ksh", "locale_id": "lang:000776", "is_canonical": true}, {"name": "tayî", "bcp_47_code": "ku", "locale_id": "lang:003565", "is_canonical": true}, {"name": "тайча", "bcp_47_code": "ky", "locale_id": "lang:003193", "is_canonical": true}, {"name": "Thai", "bcp_47_code": "la", "locale_id": "lang:016110", "is_canonical": true}, {"name": "Kɨtáilandi", "bcp_47_code": "lag", "locale_id": "lang:000744", "is_canonical": true}, {"name": "Thailännesch", "bcp_47_code": "lb", "locale_id": "lang:003324", "is_canonical": true}, {"name": "Luttaayi", "bcp_47_code": "lg", "locale_id": "lang:001842", "is_canonical": true}, {"name": "thai", "bcp_47_code": "lij", "locale_id": "lang:004453", "is_canonical": true}, {"name": "Thai Iyápi", "bcp_47_code": "lkt", "locale_id": "lang:002236", "is_canonical": true}, {"name": "litaye", "bcp_47_code": "ln", "locale_id": "lang:005075", "is_canonical": true}, {"name": "ໄທ", "bcp_47_code": "lo", "locale_id": "lang:002848", "is_canonical": true}, {"name": "تایلأندی", "bcp_47_code": "lrc", "locale_id": "lang:001958", "is_canonical": true}, {"name": "tajų", "bcp_47_code": "lt", "locale_id": "lang:000996", "is_canonical": true}, {"name": "Ntailandi", "bcp_47_code": "lu", "locale_id": "lang:001871", "is_canonical": true}, {"name": "Kitailandi", "bcp_47_code": "luo", "locale_id": "lang:004339", "is_canonical": true}, {"name": "Kitailandi", "bcp_47_code": "luy", "locale_id": "lang:004004", "is_canonical": true}, {"name": "taju", "bcp_47_code": "lv", "locale_id": "lang:006606", "is_canonical": true}, {"name": "थाई", "bcp_47_code": "mai", "locale_id": "lang:005797", "is_canonical": true}, {"name": "nkʉtʉ́k ɔ́ɔ̄ ltai", "bcp_47_code": "mas", "locale_id": "lang:004935", "is_canonical": true}, {"name": "Kĩthailandi", "bcp_47_code": "mer", "locale_id": "lang:001566", "is_canonical": true}, {"name": "thaï", "bcp_47_code": "mfe", "locale_id": "lang:003300", "is_canonical": true}, {"name": "Taioaney", "bcp_47_code": "mg", "locale_id": "lang:001318", "is_canonical": true}, {"name": "Itailandi", "bcp_47_code": "mgh", "locale_id": "lang:001239", "is_canonical": true}, {"name": "Tai", "bcp_47_code": "mi", "locale_id": "lang:005897", "is_canonical": true}, {"name": "тајландски", "bcp_47_code": "mk", "locale_id": "lang:001683", "is_canonical": true}, {"name": "തായ്", "bcp_47_code": "ml", "locale_id": "lang:001880", "is_canonical": true}, {"name": "тай", "bcp_47_code": "mn", "locale_id": "lang:005506", "is_canonical": true}, {"name": "থাই", "bcp_47_code": "mni", "locale_id": "lang:004974", "is_canonical": true}, {"name": "थाई", "bcp_47_code": "mr", "locale_id": "lang:003376", "is_canonical": true}, {"name": "Thai", "bcp_47_code": "ms", "locale_id": "lang:001263", "is_canonical": true}, {"name": "Tajlandiż", "bcp_47_code": "mt", "locale_id": "lang:004371", "is_canonical": true}, {"name": "ထိုင်း", "bcp_47_code": "my", "locale_id": "lang:004196", "is_canonical": true}, {"name": "تایی", "bcp_47_code": "mzn", "locale_id": "lang:005912", "is_canonical": true}, {"name": "Thaiǁî gowab", "bcp_47_code": "naq", "locale_id": "lang:003962", "is_canonical": true}, {"name": "isi-Thayi", "bcp_47_code": "nd", "locale_id": "lang:004207", "is_canonical": true}, {"name": "Thailannsch", "bcp_47_code": "nds", "locale_id": "lang:001710", "is_canonical": true}, {"name": "थाई", "bcp_47_code": "ne", "locale_id": "lang:004630", "is_canonical": true}, {"name": "Thai", "bcp_47_code": "nl", "locale_id": "lang:006448", "is_canonical": true}, {"name": "Kiɛl thaï", "bcp_47_code": "nmg", "locale_id": "lang:003100", "is_canonical": true}, {"name": "thai", "bcp_47_code": "no", "locale_id": "lang:002536", "is_canonical": true}, {"name": "ߕߊߦߌߞߊ߲", "bcp_47_code": "nqo", "locale_id": "lang:006401", "is_canonical": true}, {"name": "Thok tayni", "bcp_47_code": "nus", "locale_id": "lang:004151", "is_canonical": true}, {"name": "Orutailandi", "bcp_47_code": "nyn", "locale_id": "lang:004636", "is_canonical": true}, {"name": "tai", "bcp_47_code": "oc", "locale_id": "lang:003832", "is_canonical": true}, {"name": "Afaan Tayii", "bcp_47_code": "om", "locale_id": "lang:000417", "is_canonical": true}, {"name": "ଥାଇ", "bcp_47_code": "or", "locale_id": "lang:001930", "is_canonical": true}, {"name": "ਥਾਈ", "bcp_47_code": "pa", "locale_id": "lang:003658", "is_canonical": true}, {"name": "Taí", "bcp_47_code": "pcm", "locale_id": "lang:002108", "is_canonical": true}, {"name": "tajski", "bcp_47_code": "pl", "locale_id": "lang:001433", "is_canonical": true}, {"name": "تايلېنډي", "bcp_47_code": "ps", "locale_id": "lang:006281", "is_canonical": true}, {"name": "tailandês", "bcp_47_code": "pt", "locale_id": "lang:001977", "is_canonical": true}, {"name": "Tailandes Simi", "bcp_47_code": "qu", "locale_id": "lang:000991", "is_canonical": true}, {"name": "tailandais", "bcp_47_code": "rm", "locale_id": "lang:004318", "is_canonical": true}, {"name": "Ikinyatayilandi", "bcp_47_code": "rn", "locale_id": "lang:006276", "is_canonical": true}, {"name": "thailandeză", "bcp_47_code": "ro", "locale_id": "lang:006592", "is_canonical": true}, {"name": "Kitailandi", "bcp_47_code": "rof", "locale_id": "lang:006768", "is_canonical": true}, {"name": "тайский", "bcp_47_code": "ru", "locale_id": "lang:006745", "is_canonical": true}, {"name": "Igitayi", "bcp_47_code": "rw", "locale_id": "lang:005054", "is_canonical": true}, {"name": "Kyitailandi", "bcp_47_code": "rwk", "locale_id": "lang:007338", "is_canonical": true}, {"name": "Kitailandi", "bcp_47_code": "saq", "locale_id": "lang:006513", "is_canonical": true}, {"name": "ᱛᱷᱟᱭᱤ", "bcp_47_code": "sat", "locale_id": "lang:006025", "is_canonical": true}, {"name": "Ishitayilandi", "bcp_47_code": "sbp", "locale_id": "lang:003813", "is_canonical": true}, {"name": "tailandesu", "bcp_47_code": "sc", "locale_id": "lang:000376", "is_canonical": true}, {"name": "ٿائي", "bcp_47_code": "sd", "locale_id": "lang:002987", "is_canonical": true}, {"name": "ŧaigiella", "bcp_47_code": "se", "locale_id": "lang:000771", "is_canonical": true}, {"name": "tailandês", "bcp_47_code": "seh", "locale_id": "lang:002170", "is_canonical": true}, {"name": "Taailandu senni", "bcp_47_code": "ses", "locale_id": "lang:002112", "is_canonical": true}, {"name": "Thâi", "bcp_47_code": "sg", "locale_id": "lang:004056", "is_canonical": true}, {"name": "ⵜⴰⵜⴰⵢⵍⴰⵏⴷⵉⵜ", "bcp_47_code": "shi", "locale_id": "lang:002825", "is_canonical": true}, {"name": "තායි", "bcp_47_code": "si", "locale_id": "lang:000326", "is_canonical": true}, {"name": "thajčina", "bcp_47_code": "sk", "locale_id": "lang:005464", "is_canonical": true}, {"name": "tajščina", "bcp_47_code": "sl", "locale_id": "lang:004352", "is_canonical": true}, {"name": "thaikielâ", "bcp_47_code": "smn", "locale_id": "lang:000203", "is_canonical": true}, {"name": "thaiǩiõll", "bcp_47_code": "sms", "locale_id": "lang:001931", "is_canonical": true}, {"name": "chiThai", "bcp_47_code": "sn", "locale_id": "lang:001441", "is_canonical": true}, {"name": "Taaylandays", "bcp_47_code": "so", "locale_id": "lang:000435", "is_canonical": true}, {"name": "tajlandisht", "bcp_47_code": "sq", "locale_id": "lang:006275", "is_canonical": true}, {"name": "тајски", "bcp_47_code": "sr", "locale_id": "lang:002701", "is_canonical": true}, {"name": "Se-thai", "bcp_47_code": "st", "locale_id": "lang:004234", "is_canonical": true}, {"name": "thailändska", "bcp_47_code": "sv", "locale_id": "lang:004782", "is_canonical": true}, {"name": "Kithai", "bcp_47_code": "sw", "locale_id": "lang:001597", "is_canonical": true}, {"name": "tajski", "bcp_47_code": "szl", "locale_id": "lang:002207", "is_canonical": true}, {"name": "தாய்", "bcp_47_code": "ta", "locale_id": "lang:002996", "is_canonical": true}, {"name": "థాయ్", "bcp_47_code": "te", "locale_id": "lang:000508", "is_canonical": true}, {"name": "Kitailandi", "bcp_47_code": "teo", "locale_id": "lang:002338", "is_canonical": true}, {"name": "тайӣ", "bcp_47_code": "tg", "locale_id": "lang:002532", "is_canonical": true}, {"name": "ไทย", "bcp_47_code": "th", "locale_id": "lang:000248", "is_canonical": null}, {"name": "ታይኛ", "bcp_47_code": "ti", "locale_id": "lang:002196", "is_canonical": true}, {"name": "ታይኛ", "bcp_47_code": "tig", "locale_id": "lang:005434", "is_canonical": true}, {"name": "taý dili", "bcp_47_code": "tk", "locale_id": "lang:002001", "is_canonical": true}, {"name": "Thai", "bcp_47_code": "tn", "locale_id": "lang:004062", "is_canonical": true}, {"name": "lea fakatailani", "bcp_47_code": "to", "locale_id": "lang:006037", "is_canonical": true}, {"name": "toki Tawi", "bcp_47_code": "tok", "locale_id": null, "is_canonical": true}, {"name": "Tayca", "bcp_47_code": "tr", "locale_id": "lang:000917", "is_canonical": true}, {"name": "تھائی", "bcp_47_code": "trw", "locale_id": "lang:000858", "is_canonical": true}, {"name": "тай", "bcp_47_code": "tt", "locale_id": "lang:003939", "is_canonical": true}, {"name": "Taailandu senni", "bcp_47_code": "twq", "locale_id": "lang:005507", "is_canonical": true}, {"name": "Taṭayt", "bcp_47_code": "tzm", "locale_id": "lang:003406", "is_canonical": true}, {"name": "تايلاندچە", "bcp_47_code": "ug", "locale_id": "lang:003330", "is_canonical": true}, {"name": "тайська", "bcp_47_code": "uk", "locale_id": "lang:001994", "is_canonical": true}, {"name": "تھائی", "bcp_47_code": "ur", "locale_id": "lang:001103", "is_canonical": true}, {"name": "tay", "bcp_47_code": "uz", "locale_id": "lang:003386", "is_canonical": true}, {"name": "ꕚꔤ", "bcp_47_code": "vai", "locale_id": "lang:004899", "is_canonical": true}, {"name": "tiếng Thái", "bcp_47_code": "vi", "locale_id": "lang:004523", "is_canonical": true}, {"name": "Kyitailandi", "bcp_47_code": "vun", "locale_id": "lang:004644", "is_canonical": true}, {"name": "Thailändiš", "bcp_47_code": "wae", "locale_id": "lang:001423", "is_canonical": true}, {"name": "Tay", "bcp_47_code": "wo", "locale_id": "lang:003933", "is_canonical": true}, {"name": "isi-Thai", "bcp_47_code": "xh", "locale_id": "lang:002158", "is_canonical": true}, {"name": "Oluttaayi", "bcp_47_code": "xog", "locale_id": "lang:000562", "is_canonical": true}, {"name": "nutáyɛ", "bcp_47_code": "yav", "locale_id": "lang:004426", "is_canonical": true}, {"name": "Èdè Tai", "bcp_47_code": "yo", "locale_id": "lang:003132", "is_canonical": true}, {"name": "tairãdei", "bcp_47_code": "yrl", "locale_id": "lang:006863", "is_canonical": true}, {"name": "泰文", "bcp_47_code": "yue", "locale_id": "lang:005108", "is_canonical": true}, {"name": "ⵜⴰⵜⴰⵢⵍⴰⵏⴷⵉⵜ", "bcp_47_code": "zgh", "locale_id": "lang:000663", "is_canonical": true}, {"name": "泰语", "bcp_47_code": "cmn", "locale_id": "lang:004378", "is_canonical": true}, {"name": "isi-Thai", "bcp_47_code": "zu", "locale_id": "lang:007247", "is_canonical": true}, {"name": "Thay dili", "bcp_47_code": "az", "locale_id": "lang:000492", "is_canonical": null}, {"name": "тайландски", "bcp_47_code": "bg", "locale_id": "lang:003294", "is_canonical": null}, {"name": "Thai", "bcp_47_code": "de", "locale_id": "lang:006636", "is_canonical": null}, {"name": "تای", "bcp_47_code": "fa", "locale_id": "lang:005211", "is_canonical": null}, {"name": "Tailandés", "bcp_47_code": "gl", "locale_id": "lang:006921", "is_canonical": null}, {"name": "Thai", "bcp_47_code": "gsw", "locale_id": "lang:006414", "is_canonical": null}, {"name": "תאילנדית", "bcp_47_code": "he", "locale_id": "lang:000780", "is_canonical": true}, {"name": "tajlandska", "bcp_47_code": "hr", "locale_id": "lang:001280", "is_canonical": null}, {"name": "Thai", "bcp_47_code": "in", "locale_id": "lang:005344", "is_canonical": true}, {"name": "tailandese", "bcp_47_code": "it", "locale_id": "lang:005147", "is_canonical": null}, {"name": "ტაი", "bcp_47_code": "ka", "locale_id": "lang:005687", "is_canonical": null}, {"name": "Тай", "bcp_47_code": "kk", "locale_id": "lang:001017", "is_canonical": null}, {"name": "Тайча", "bcp_47_code": "ky", "locale_id": "lang:003193", "is_canonical": null}, {"name": "Thaï", "bcp_47_code": "ln", "locale_id": "lang:005075", "is_canonical": null}, {"name": "Тайланд", "bcp_47_code": "mn", "locale_id": "lang:005506", "is_canonical": null}, {"name": "Thailandeză", "bcp_47_code": "mo", "locale_id": "lang:006592", "is_canonical": true}, {"name": "thai", "bcp_47_code": "nb", "locale_id": "lang:000958", "is_canonical": true}, {"name": "Thajčina", "bcp_47_code": "sk", "locale_id": "lang:005464", "is_canonical": null}, {"name": "Tajlandisht", "bcp_47_code": "sq", "locale_id": "lang:006275", "is_canonical": null}, {"name": "тајска", "bcp_47_code": "sr", "locale_id": "lang:002701", "is_canonical": null}, {"name": "thai", "bcp_47_code": "sv", "locale_id": "lang:004782", "is_canonical": null}, {"name": "Thai", "bcp_47_code": "tl", "locale_id": "lang:002540", "is_canonical": true}, {"name": "تهائی", "bcp_47_code": "ur", "locale_id": "lang:001103", "is_canonical": null}, {"name": "Thai", "bcp_47_code": "zu", "locale_id": "lang:007247", "is_canonical": null}, {"name": "التايلندية", "bcp_47_code": "ar", "locale_id": "lang:000884", "is_canonical": null}, {"name": "سيامى", "bcp_47_code": "arz", "locale_id": "lang:004060", "is_canonical": true}, {"name": "Tay dili", "bcp_47_code": "az", "locale_id": "lang:000492", "is_canonical": null}, {"name": "тайски език", "bcp_47_code": "bg", "locale_id": "lang:003294", "is_canonical": null}, {"name": "থাই ভাষা", "bcp_47_code": "bn", "locale_id": "lang:000178", "is_canonical": null}, {"name": "থাই ঠার", "bcp_47_code": "bpy", "locale_id": "lang:004746", "is_canonical": true}, {"name": "tailandès", "bcp_47_code": "ca", "locale_id": "lang:000334", "is_canonical": null}, {"name": "زمانی تایلەندی", "bcp_47_code": "ckb", "locale_id": "lang:002255", "is_canonical": null}, {"name": "taja lingvo", "bcp_47_code": "eo", "locale_id": "lang:001065", "is_canonical": null}, {"name": "tai keel", "bcp_47_code": "et", "locale_id": "lang:007279", "is_canonical": null}, {"name": "زبان تایلندی", "bcp_47_code": "fa", "locale_id": "lang:005211", "is_canonical": null}, {"name": "thain kieli", "bcp_47_code": "fi", "locale_id": "lang:005250", "is_canonical": null}, {"name": "An Téalainnis", "bcp_47_code": "ga", "locale_id": "lang:005513", "is_canonical": null}, {"name": "lingua tailandesa", "bcp_47_code": "gl", "locale_id": "lang:006921", "is_canonical": null}, {"name": "Thaish", "bcp_47_code": "gv", "locale_id": "lang:002789", "is_canonical": true}, {"name": "Thai-ngî", "bcp_47_code": "hak", "locale_id": "lang:002711", "is_canonical": true}, {"name": "थाई भाषा", "bcp_47_code": "hi", "locale_id": "lang:005010", "is_canonical": null}, {"name": "Thai bhasa", "bcp_47_code": "hif", "locale_id": "lang:004553", "is_canonical": true}, {"name": "tajski jezik", "bcp_47_code": "hr", "locale_id": "lang:001280", "is_canonical": null}, {"name": "Tai linguo", "bcp_47_code": "io", "locale_id": "lang:009754", "is_canonical": true}, {"name": "Basa Thai", "bcp_47_code": "jv", "locale_id": "lang:006418", "is_canonical": null}, {"name": "ტაი ენა", "bcp_47_code": "ka", "locale_id": "lang:005687", "is_canonical": null}, {"name": "Тай тілі", "bcp_47_code": "kk", "locale_id": "lang:001017", "is_canonical": null}, {"name": "Thailandimiutut", "bcp_47_code": "kl", "locale_id": "lang:002208", "is_canonical": null}, {"name": "ភាសាថៃ", "bcp_47_code": "km", "locale_id": "lang:000690", "is_canonical": null}, {"name": "Таи кыв", "bcp_47_code": "kv", "locale_id": "lang:000812", "is_canonical": true}, {"name": "lingua Thai", "bcp_47_code": "la", "locale_id": "lang:016110", "is_canonical": null}, {"name": "Тай чӀал", "bcp_47_code": "lez", "locale_id": "lang:006686", "is_canonical": true}, {"name": "ພາສາໄທ", "bcp_47_code": "lo", "locale_id": "lang:002848", "is_canonical": null}, {"name": "tajų kalba", "bcp_47_code": "lt", "locale_id": "lang:000996", "is_canonical": null}, {"name": "taju valoda", "bcp_47_code": "lv", "locale_id": "lang:006606", "is_canonical": null}, {"name": "Basa Thai", "bcp_47_code": "map", "locale_id": null, "is_canonical": true}, {"name": "Fiteny thai", "bcp_47_code": "mg", "locale_id": "lang:001318", "is_canonical": null}, {"name": "тајландски јазик", "bcp_47_code": "mk", "locale_id": "lang:001683", "is_canonical": null}, {"name": "തായ്ഭാഷ", "bcp_47_code": "ml", "locale_id": "lang:001880", "is_canonical": null}, {"name": "थाई भाषा", "bcp_47_code": "mr", "locale_id": "lang:003376", "is_canonical": null}, {"name": "bahasa Thai", "bcp_47_code": "ms", "locale_id": "lang:001263", "is_canonical": null}, {"name": "thai", "bcp_47_code": "nn", "locale_id": "lang:005019", "is_canonical": true}, {"name": "język tajski", "bcp_47_code": "pl", "locale_id": "lang:001433", "is_canonical": null}, {"name": "Lenga thai", "bcp_47_code": "pms", "locale_id": "lang:003480", "is_canonical": true}, {"name": "تھائی", "bcp_47_code": "pnb", "locale_id": "lang:003334", "is_canonical": true}, {"name": "Thay simi", "bcp_47_code": "qu", "locale_id": "lang:000991", "is_canonical": null}, {"name": "limba thailandeză", "bcp_47_code": "ro", "locale_id": "lang:006592", "is_canonical": null}, {"name": "тайский язык", "bcp_47_code": "ru", "locale_id": "lang:006745", "is_canonical": null}, {"name": "थाई भाषा", "bcp_47_code": "sa", "locale_id": "lang:012325", "is_canonical": true}, {"name": "Thai", "bcp_47_code": "sco", "locale_id": "lang:003876", "is_canonical": true}, {"name": "тајландски језик", "bcp_47_code": "sr", "locale_id": "lang:002701", "is_canonical": null}, {"name": "забони таиландӣ", "bcp_47_code": "tg", "locale_id": "lang:002532", "is_canonical": null}, {"name": "тайська мова", "bcp_47_code": "uk", "locale_id": "lang:001994", "is_canonical": null}, {"name": "泰语", "bcp_47_code": "wuu", "locale_id": "lang:006830", "is_canonical": true}, {"name": "Тагилмудин келн", "bcp_47_code": "xal", "locale_id": "lang:001205", "is_canonical": true}, {"name": "ტაი ნინა", "bcp_47_code": "xmf", "locale_id": "lang:002772", "is_canonical": true}, {"name": "Èdè Tháí", "bcp_47_code": "yo", "locale_id": "lang:003132", "is_canonical": null}, {"name": "Vahdai", "bcp_47_code": "za", "locale_id": "lang:004623", "is_canonical": true}, {"name": "泰語", "bcp_47_code": "cmn", "locale_id": "lang:004378", "is_canonical": null}, {"name": "tajlandski jezik", "bcp_47_code": "sh", "locale_id": "lang:003245", "is_canonical": true}, {"name": "טיילאנדיש", "bcp_47_code": "yi", "locale_id": "lang:002081", "is_canonical": true}, {"name": "Wikang Thai", "bcp_47_code": "tl", "locale_id": "lang:002540", "is_canonical": null}, {"name": "ਥਾਈ ਭਾਸ਼ਾ", "bcp_47_code": "pa", "locale_id": "lang:003658", "is_canonical": null}, {"name": "tay tili", "bcp_47_code": "uz", "locale_id": "lang:003386", "is_canonical": null}, {"name": "Tailandes", "bcp_47_code": "ilo", "locale_id": "lang:007408", "is_canonical": true}, {"name": "Thài-gí", "bcp_47_code": "nan", "locale_id": "lang:001296", "is_canonical": true}, {"name": "Tajskŏ gŏdka", "bcp_47_code": "szl", "locale_id": "lang:002207", "is_canonical": null}, {"name": "Tái-guók-ngṳ̄", "bcp_47_code": "cdo", "locale_id": "lang:006481", "is_canonical": true}, {"name": "tailannisi", "bcp_47_code": "scn", "locale_id": "lang:002425", "is_canonical": true}, {"name": "थाई भाषा", "bcp_47_code": "mai", "locale_id": "lang:005797", "is_canonical": null}, {"name": "تایلندی", "bcp_47_code": "mzn", "locale_id": "lang:005912", "is_canonical": null}, {"name": "тайская мова", "bcp_47_code": "be", "locale_id": "lang:004942", "is_canonical": null}, {"name": "تھائی زبان", "bcp_47_code": "ur", "locale_id": "lang:001103", "is_canonical": null}, {"name": "thaigiella", "bcp_47_code": "se", "locale_id": "lang:000771", "is_canonical": null}, {"name": "taieg", "bcp_47_code": "br", "locale_id": "lang:003643", "is_canonical": null}, {"name": "Tayänapük", "bcp_47_code": "vo", "locale_id": "lang:008677", "is_canonical": true}, {"name": "Gjuha tajlandeze", "bcp_47_code": "sq", "locale_id": "lang:006275", "is_canonical": null}, {"name": "ထိုင်းဘာသာစကား", "bcp_47_code": "my", "locale_id": "lang:004196", "is_canonical": null}, {"name": "థాయ్ భాష", "bcp_47_code": "te", "locale_id": "lang:000508", "is_canonical": null}, {"name": "Siniyamanon", "bcp_47_code": "ceb", "locale_id": "lang:006077", "is_canonical": null}, {"name": "tai", "bcp_47_code": "lfn", "locale_id": null, "is_canonical": true}, {"name": "Salitan Thai", "bcp_47_code": "pag", "locale_id": "lang:004789", "is_canonical": true}, {"name": "Tailendskt mál", "bcp_47_code": "fo", "locale_id": "lang:005789", "is_canonical": null}, {"name": "ጣይኛ", "bcp_47_code": "am", "locale_id": "lang:000379", "is_canonical": null}, {"name": "ٿائي ٻولي", "bcp_47_code": "sd", "locale_id": "lang:002987", "is_canonical": null}, {"name": "Bahaso Thai", "bcp_47_code": "min", "locale_id": "lang:006057", "is_canonical": true}, {"name": "Tataramon na Thai", "bcp_47_code": "bcl", "locale_id": "lang:005135", "is_canonical": true}, {"name": "Tayi", "bcp_47_code": "kbp", "locale_id": "lang:007412", "is_canonical": true}, {"name": "ಥಾಯ್ ಭಾಷೆ", "bcp_47_code": "kn", "locale_id": "lang:006289", "is_canonical": null}, {"name": "Тай теле", "bcp_47_code": "ba", "locale_id": "lang:003847", "is_canonical": true}, {"name": "လိၵ်ႈထႆး", "bcp_47_code": "shn", "locale_id": "lang:003351", "is_canonical": true}, {"name": "تای دیلی", "bcp_47_code": "azb", "locale_id": "lang:003109", "is_canonical": true}, {"name": "тай теле", "bcp_47_code": "tt", "locale_id": "lang:003939", "is_canonical": null}, {"name": "থাই ভাষা", "bcp_47_code": "as", "locale_id": "lang:003208", "is_canonical": null}, {"name": "Basa Thai", "bcp_47_code": "ban", "locale_id": "lang:003404", "is_canonical": true}, {"name": "Thai", "bcp_47_code": "li", "locale_id": "lang:000599", "is_canonical": true}, {"name": "Zimanê taylendî", "bcp_47_code": "ku", "locale_id": "lang:003565", "is_canonical": null}, {"name": "थाइ भाषा", "bcp_47_code": "new", "locale_id": "lang:004118", "is_canonical": true}, {"name": "ᱛᱷᱟᱭ ᱯᱟᱹᱨᱥᱤ", "bcp_47_code": "sat", "locale_id": "lang:006025", "is_canonical": null}, {"name": "Lang tayi", "bcp_47_code": "ht", "locale_id": "lang:006632", "is_canonical": true}, {"name": "Tailandan kel'", "bcp_47_code": "vep", "locale_id": "lang:002743", "is_canonical": true}, {"name": "الطايلاندية", "bcp_47_code": "ary", "locale_id": "lang:001493", "is_canonical": true}, {"name": "تاي ژبه", "bcp_47_code": "ps", "locale_id": "lang:006281", "is_canonical": null}, {"name": "lengua tailandeze", "bcp_47_code": "vec", "locale_id": "lang:004329", "is_canonical": true}, {"name": "ཏཻ་ལ་ནྡ", "bcp_47_code": "bo", "locale_id": "lang:002395", "is_canonical": null}, {"name": "ꯊꯥꯢ ꯂꯣꯟ", "bcp_47_code": "mni", "locale_id": "lang:004974", "is_canonical": null}, {"name": "Chitai", "bcp_47_code": "sn", "locale_id": "lang:001441", "is_canonical": null}, {"name": "тайаг æвзаг", "bcp_47_code": "os", "locale_id": "lang:000303", "is_canonical": true}, {"name": "Тай тили", "bcp_47_code": "ky", "locale_id": "lang:003193", "is_canonical": null}, {"name": "타이어", "bcp_47_code": "ko", "locale_id": "lang:000685", "is_canonical": null}, {"name": "Siniyamanën", "bcp_47_code": "krj", "locale_id": "lang:004106", "is_canonical": true}, {"name": "થાઇ", "bcp_47_code": "gu", "locale_id": "lang:006797", "is_canonical": null}, {"name": "थाई भाषा", "bcp_47_code": "anp", "locale_id": "lang:007347", "is_canonical": true}, {"name": "Тай хэл", "bcp_47_code": "mn", "locale_id": "lang:005506", "is_canonical": null}, {"name": "タイ口", "bcp_47_code": "ryu", "locale_id": "lang:006622", "is_canonical": true}, {"name": "بهاس تهاي", "bcp_47_code": "ms", "locale_id": "lang:001263", "is_canonical": null}, {"name": "Central Thai", "bcp_47_code": "en", "locale_id": "lang:004172", "is_canonical": null}, {"name": "Siamese", "bcp_47_code": "en", "locale_id": "lang:004172", "is_canonical": null}, {"name": "Tha", "bcp_47_code": "en", "locale_id": "lang:004172", "is_canonical": null}, {"name": "lingua thai", "bcp_47_code": "it", "locale_id": "lang:005147", "is_canonical": null}, {"name": "lingua thailandese", "bcp_47_code": "it", "locale_id": "lang:005147", "is_canonical": null}, {"name": "tajski jezik", "bcp_47_code": "sl", "locale_id": "lang:004352", "is_canonical": null}, {"name": "thailändische Sprache", "bcp_47_code": "de", "locale_id": "lang:006636", "is_canonical": null}, {"name": "lingua tailannisi", "bcp_47_code": "scn", "locale_id": "lang:002425", "is_canonical": null}, {"name": "siamisi", "bcp_47_code": "scn", "locale_id": "lang:002425", "is_canonical": null}, {"name": "lingua siamisi", "bcp_47_code": "scn", "locale_id": "lang:002425", "is_canonical": null}, {"name": "tai", "bcp_47_code": "scn", "locale_id": "lang:002425", "is_canonical": null}, {"name": "lingua tai", "bcp_47_code": "scn", "locale_id": "lang:002425", "is_canonical": null}, {"name": "tailandisi", "bcp_47_code": "scn", "locale_id": "lang:002425", "is_canonical": null}, {"name": "lingua tailandisi", "bcp_47_code": "scn", "locale_id": "lang:002425", "is_canonical": null}, {"name": "thajský jazyk", "bcp_47_code": "cs", "locale_id": "lang:007371", "is_canonical": null}, {"name": "idioma tailandés", "bcp_47_code": "es", "locale_id": "lang:005944", "is_canonical": null}, {"name": "siamés", "bcp_47_code": "es", "locale_id": "lang:005944", "is_canonical": null}, {"name": "idioma tailandes", "bcp_47_code": "es", "locale_id": "lang:005944", "is_canonical": null}, {"name": "lengua siamesa", "bcp_47_code": "es", "locale_id": "lang:005944", "is_canonical": null}, {"name": "idioma siamés", "bcp_47_code": "es", "locale_id": "lang:005944", "is_canonical": null}, {"name": "тајски јазик", "bcp_47_code": "mk", "locale_id": "lang:001683", "is_canonical": null}, {"name": "siamois", "bcp_47_code": "fr", "locale_id": "lang:002512", "is_canonical": null}, {"name": "bahasa Thai", "bcp_47_code": "id", "locale_id": "lang:005344", "is_canonical": null}, {"name": "لغة تايلندية", "bcp_47_code": "ar", "locale_id": "lang:000884", "is_canonical": null}, {"name": "اللغة التايلندية", "bcp_47_code": "ar", "locale_id": "lang:000884", "is_canonical": null}, {"name": "لغة تايلاندية", "bcp_47_code": "ar", "locale_id": "lang:000884", "is_canonical": null}, {"name": "اللغة التايلاندية", "bcp_47_code": "ar", "locale_id": "lang:000884", "is_canonical": null}, {"name": "تايلاندية", "bcp_47_code": "ar", "locale_id": "lang:000884", "is_canonical": null}, {"name": "تايلندية", "bcp_47_code": "ar", "locale_id": "lang:000884", "is_canonical": null}, {"name": "tiếng Thái Lan", "bcp_47_code": "vi", "locale_id": "lang:004523", "is_canonical": null}, {"name": "tiếng Xiêm", "bcp_47_code": "vi", "locale_id": "lang:004523", "is_canonical": null}, {"name": "Ταϊλανδέζικη γλώσσα", "bcp_47_code": "el", "locale_id": "lang:002331", "is_canonical": null}, {"name": "Ταϊλανδέζικα", "bcp_47_code": "el", "locale_id": "lang:002331", "is_canonical": null}, {"name": "ภาษาไทยกลาง", "bcp_47_code": "th", "locale_id": "lang:000248", "is_canonical": null}, {"name": "ภาษากลาง", "bcp_47_code": "th", "locale_id": "lang:000248", "is_canonical": null}, {"name": "ภาษาไทยสยาม", "bcp_47_code": "th", "locale_id": "lang:000248", "is_canonical": null}, {"name": "ภาษาสยาม", "bcp_47_code": "th", "locale_id": "lang:000248", "is_canonical": null}, {"name": "sajama lingvo", "bcp_47_code": "eo", "locale_id": "lang:001065", "is_canonical": null}, {"name": "bahasa Thailand", "bcp_47_code": "ms", "locale_id": "lang:001263", "is_canonical": null}, {"name": "bahasa Siam", "bcp_47_code": "ms", "locale_id": "lang:001263", "is_canonical": null}, {"name": "bahasa Thai Pusat", "bcp_47_code": "ms", "locale_id": "lang:001263", "is_canonical": null}, {"name": "thailandeza", "bcp_47_code": "ro", "locale_id": "lang:006592", "is_canonical": null}, {"name": "limba tailandeză", "bcp_47_code": "ro", "locale_id": "lang:006592", "is_canonical": null}, {"name": "tailandeză", "bcp_47_code": "ro", "locale_id": "lang:006592", "is_canonical": null}, {"name": "tailandeza", "bcp_47_code": "ro", "locale_id": "lang:006592", "is_canonical": null}, {"name": "siamiešu valoda", "bcp_47_code": "lv", "locale_id": "lang:006606", "is_canonical": null}, {"name": "língua tailandesa", "bcp_47_code": "pt", "locale_id": "lang:001977", "is_canonical": null}, {"name": "siamés", "bcp_47_code": "gl", "locale_id": "lang:006921", "is_canonical": null}, {"name": "lingua siamesa", "bcp_47_code": "gl", "locale_id": "lang:006921", "is_canonical": null}, {"name": "泰文", "bcp_47_code": "cmn", "locale_id": "lang:004378", "is_canonical": null}, {"name": "暹羅語", "bcp_47_code": "cmn", "locale_id": "lang:004378", "is_canonical": null}, {"name": "阿瑜陀耶語", "bcp_47_code": "cmn", "locale_id": "lang:004378", "is_canonical": null}, {"name": "thai", "bcp_47_code": "vec", "locale_id": "lang:004329", "is_canonical": null}, {"name": "siamezo", "bcp_47_code": "vec", "locale_id": "lang:004329", "is_canonical": null}, {"name": "siameze", "bcp_47_code": "vec", "locale_id": "lang:004329", "is_canonical": null}, {"name": "tailandezo", "bcp_47_code": "vec", "locale_id": "lang:004329", "is_canonical": null}, {"name": "Siameg", "bcp_47_code": "cy", "locale_id": "lang:005257", "is_canonical": null}, {"name": "Thaieg", "bcp_47_code": "cy", "locale_id": "lang:005257", "is_canonical": null}, {"name": "тайаг", "bcp_47_code": "os", "locale_id": "lang:000303", "is_canonical": null}, {"name": "pulong Siniyamanën", "bcp_47_code": "krj", "locale_id": "lang:004106", "is_canonical": null}, {"name": "pulong Tinaylandiyanhën", "bcp_47_code": "krj", "locale_id": "lang:004106", "is_canonical": null}, {"name": "Tinaylandiyanhën", "bcp_47_code": "krj", "locale_id": "lang:004106", "is_canonical": null}, {"name": "થાઇ ભાષા", "bcp_47_code": "gu", "locale_id": "lang:006797", "is_canonical": null}, {"name": "pinulungang Siyamanon", "bcp_47_code": "ceb", "locale_id": "lang:006077", "is_canonical": null}, {"name": "pinulungang Taylandiyanhon", "bcp_47_code": "ceb", "locale_id": "lang:006077", "is_canonical": null}, {"name": "Tinaylandiyanhon", "bcp_47_code": "ceb", "locale_id": "lang:006077", "is_canonical": null}, {"name": "Lingua tai", "bcp_47_code": "gl", "locale_id": "lang:006921", "is_canonical": null}, {"name": "tajlandski jezik", "bcp_47_code": "hr", "locale_id": "lang:001280", "is_canonical": null}, {"name": "thai nyelv", "bcp_47_code": "hu", "locale_id": "lang:004445", "is_canonical": null}, {"name": "ภาษาไทย", "bcp_47_code": "th", "locale_id": "lang:000248", "is_canonical": true}, {"name": "Thai", "bcp_47_code": "en", "locale_id": "lang:004172", "is_canonical": true}, {"name": "&#3652;&#3607;&#3618;", "bcp_47_code": "th", "locale_id": "lang:000248", "is_canonical": false}]