[{"name": "Makaa", "bcp_47_code": "en", "locale_id": "lang:004172", "is_canonical": true}, {"name": "Kimakaa", "bcp_47_code": "sw", "locale_id": "lang:001597", "is_canonical": true}, {"name": "Lenga Makaa", "bcp_47_code": "pms", "locale_id": "lang:003480", "is_canonical": true}, {"name": "Makaa", "bcp_47_code": "de", "locale_id": "lang:006636", "is_canonical": true}, {"name": "język makaa", "bcp_47_code": "pl", "locale_id": "lang:001433", "is_canonical": true}, {"name": "maka", "bcp_47_code": "fr", "locale_id": "lang:002512", "is_canonical": true}, {"name": "lingua makaa", "bcp_47_code": "it", "locale_id": "lang:005147", "is_canonical": true}, {"name": "makaa keel", "bcp_47_code": "et", "locale_id": "lang:007279", "is_canonical": true}, {"name": "Wikang Makaa", "bcp_47_code": "tl", "locale_id": "lang:002540", "is_canonical": true}, {"name": "makaa", "bcp_47_code": "vec", "locale_id": "lang:004329", "is_canonical": true}, {"name": "Makaa", "bcp_47_code": "ig", "locale_id": "lang:002832", "is_canonical": true}, {"name": "Makaa", "bcp_47_code": "nl", "locale_id": "lang:006448", "is_canonical": true}, {"name": "Mekaa", "bcp_47_code": "de", "locale_id": "lang:006636", "is_canonical": null}, {"name": "język mekaa", "bcp_47_code": "pl", "locale_id": "lang:001433", "is_canonical": null}, {"name": "maka keel", "bcp_47_code": "et", "locale_id": "lang:007279", "is_canonical": null}, {"name": "mekaa", "bcp_47_code": "fr", "locale_id": "lang:002512", "is_canonical": null}, {"name": "makaa", "bcp_47_code": "fr", "locale_id": "lang:002512", "is_canonical": null}, {"name": "mǝ́kaá", "bcp_47_code": "fr", "locale_id": "lang:002512", "is_canonical": null}, {"name": "makaa méridional", "bcp_47_code": "fr", "locale_id": "lang:002512", "is_canonical": null}, {"name": "mekaa méridional", "bcp_47_code": "fr", "locale_id": "lang:002512", "is_canonical": null}]