[{"name": "Ossetian", "bcp_47_code": "en", "locale_id": "lang:004172", "is_canonical": true}, {"name": "Ossetic", "bcp_47_code": "en", "locale_id": "lang:004172", "is_canonical": null}, {"name": "Iron Ossetian", "bcp_47_code": "en", "locale_id": "lang:004172", "is_canonical": true}, {"name": "ауаԥс", "bcp_47_code": "ab", "locale_id": "lang:006291", "is_canonical": true}, {"name": "Osseties", "bcp_47_code": "af", "locale_id": "lang:006849", "is_canonical": true}, {"name": "ኦሴቲክ", "bcp_47_code": "am", "locale_id": "lang:000379", "is_canonical": true}, {"name": "الأوسيتيك", "bcp_47_code": "ar", "locale_id": "lang:000884", "is_canonical": true}, {"name": "ওছেটিক", "bcp_47_code": "as", "locale_id": "lang:003208", "is_canonical": true}, {"name": "oséticu", "bcp_47_code": "ast", "locale_id": "lang:006965", "is_canonical": true}, {"name": "osetin", "bcp_47_code": "az", "locale_id": "lang:000492", "is_canonical": true}, {"name": "асецінская", "bcp_47_code": "be", "locale_id": "lang:004942", "is_canonical": true}, {"name": "осетински", "bcp_47_code": "bg", "locale_id": "lang:003294", "is_canonical": true}, {"name": "آسیتینی", "bcp_47_code": "bgn", "locale_id": "lang:004443", "is_canonical": true}, {"name": "ওসেটিক", "bcp_47_code": "bn", "locale_id": "lang:000178", "is_canonical": true}, {"name": "oseteg", "bcp_47_code": "br", "locale_id": "lang:003643", "is_canonical": true}, {"name": "अस्सेटीक", "bcp_47_code": "brx", "locale_id": "lang:003716", "is_canonical": true}, {"name": "osetski", "bcp_47_code": "bs", "locale_id": "lang:005177", "is_canonical": true}, {"name": "osseta", "bcp_47_code": "ca", "locale_id": "lang:000334", "is_canonical": true}, {"name": "𑄃𑄮𑄥𑄬𑄑𑄨𑄇𑄴", "bcp_47_code": "ccp", "locale_id": "lang:004815", "is_canonical": true}, {"name": "хӀирийн", "bcp_47_code": "ce", "locale_id": "lang:000120", "is_canonical": true}, {"name": "ᎣᏎᏘᎧ", "bcp_47_code": "chr", "locale_id": "lang:004490", "is_canonical": true}, {"name": "ئۆسێتی", "bcp_47_code": "ckb", "locale_id": "lang:002255", "is_canonical": true}, {"name": "osetština", "bcp_47_code": "cs", "locale_id": "lang:007371", "is_canonical": true}, {"name": "Oseteg", "bcp_47_code": "cy", "locale_id": "lang:005257", "is_canonical": true}, {"name": "ossetisk", "bcp_47_code": "da", "locale_id": "lang:006478", "is_canonical": true}, {"name": "Ossetisch", "bcp_47_code": "de", "locale_id": "lang:006636", "is_canonical": true}, {"name": "osetšćina", "bcp_47_code": "dsb", "locale_id": "lang:007093", "is_canonical": true}, {"name": "ossetiagbe", "bcp_47_code": "ee", "locale_id": "lang:007099", "is_canonical": true}, {"name": "Οσετικά", "bcp_47_code": "el", "locale_id": "lang:002331", "is_canonical": true}, {"name": "oseta", "bcp_47_code": "eo", "locale_id": "lang:001065", "is_canonical": true}, {"name": "osético", "bcp_47_code": "es", "locale_id": "lang:005944", "is_canonical": true}, {"name": "osseedi", "bcp_47_code": "et", "locale_id": "lang:007279", "is_canonical": true}, {"name": "osetiera", "bcp_47_code": "eu", "locale_id": "lang:004920", "is_canonical": true}, {"name": "آسی", "bcp_47_code": "fa", "locale_id": "lang:005211", "is_canonical": true}, {"name": "osseetti", "bcp_47_code": "fi", "locale_id": "lang:005250", "is_canonical": true}, {"name": "Ossetic", "bcp_47_code": "fil", "locale_id": "lang:004854", "is_canonical": true}, {"name": "ossetiskt", "bcp_47_code": "fo", "locale_id": "lang:005789", "is_canonical": true}, {"name": "ossète", "bcp_47_code": "fr", "locale_id": "lang:002512", "is_canonical": true}, {"name": "osetic", "bcp_47_code": "fur", "locale_id": "lang:004668", "is_canonical": true}, {"name": "Ossetysk", "bcp_47_code": "fy", "locale_id": "lang:000608", "is_canonical": true}, {"name": "Oiséitis", "bcp_47_code": "ga", "locale_id": "lang:005513", "is_canonical": true}, {"name": "Ossetic", "bcp_47_code": "gd", "locale_id": "lang:005113", "is_canonical": true}, {"name": "ossetio", "bcp_47_code": "gl", "locale_id": "lang:006921", "is_canonical": true}, {"name": "Ossezisch", "bcp_47_code": "gsw", "locale_id": "lang:006414", "is_canonical": true}, {"name": "ઓસ્સેટિક", "bcp_47_code": "gu", "locale_id": "lang:006797", "is_canonical": true}, {"name": "Ossetic", "bcp_47_code": "ha", "locale_id": "lang:006769", "is_canonical": true}, {"name": "אוסטית", "bcp_47_code": "he", "locale_id": "lang:000780", "is_canonical": true}, {"name": "ओस्सेटिक", "bcp_47_code": "hi", "locale_id": "lang:005010", "is_canonical": true}, {"name": "osetski", "bcp_47_code": "hr", "locale_id": "lang:001280", "is_canonical": true}, {"name": "osetšćina", "bcp_47_code": "hsb", "locale_id": "lang:002868", "is_canonical": true}, {"name": "oszét", "bcp_47_code": "hu", "locale_id": "lang:004445", "is_canonical": true}, {"name": "օսերեն", "bcp_47_code": "hy", "locale_id": "lang:006918", "is_canonical": true}, {"name": "osseto", "bcp_47_code": "ia", "locale_id": "lang:008680", "is_canonical": true}, {"name": "Ossetia", "bcp_47_code": "id", "locale_id": "lang:005344", "is_canonical": true}, {"name": "Osetik", "bcp_47_code": "ig", "locale_id": "lang:002832", "is_canonical": true}, {"name": "ossetíska", "bcp_47_code": "is", "locale_id": "lang:006417", "is_canonical": true}, {"name": "ossetico", "bcp_47_code": "it", "locale_id": "lang:005147", "is_canonical": true}, {"name": "オセット語", "bcp_47_code": "ja", "locale_id": "lang:005185", "is_canonical": true}, {"name": "Ossetia", "bcp_47_code": "jv", "locale_id": "lang:006418", "is_canonical": true}, {"name": "ოსური", "bcp_47_code": "ka", "locale_id": "lang:005687", "is_canonical": true}, {"name": "Tusitit", "bcp_47_code": "kab", "locale_id": "lang:002124", "is_canonical": true}, {"name": "osétiku", "bcp_47_code": "kea", "locale_id": "lang:000423", "is_canonical": true}, {"name": "oseto", "bcp_47_code": "kgp", "locale_id": "lang:005254", "is_canonical": true}, {"name": "осетин тілі", "bcp_47_code": "kk", "locale_id": "lang:001017", "is_canonical": true}, {"name": "អូស៊ីទិក", "bcp_47_code": "km", "locale_id": "lang:000690", "is_canonical": true}, {"name": "ಒಸ್ಸೆಟಿಕ್", "bcp_47_code": "kn", "locale_id": "lang:006289", "is_canonical": true}, {"name": "오세트어", "bcp_47_code": "ko", "locale_id": "lang:000685", "is_canonical": true}, {"name": "ओसेटिक", "bcp_47_code": "kok", "locale_id": "lang:001978", "is_canonical": true}, {"name": "اۆسیٹِک", "bcp_47_code": "ks", "locale_id": "lang:004361", "is_canonical": true}, {"name": "Oßeetesch", "bcp_47_code": "ksh", "locale_id": "lang:000776", "is_canonical": true}, {"name": "osetî", "bcp_47_code": "ku", "locale_id": "lang:003565", "is_canonical": true}, {"name": "осетинче", "bcp_47_code": "ky", "locale_id": "lang:003193", "is_canonical": true}, {"name": "Ossetica", "bcp_47_code": "la", "locale_id": "lang:016110", "is_canonical": true}, {"name": "Ossetesch", "bcp_47_code": "lb", "locale_id": "lang:003324", "is_canonical": true}, {"name": "oscetico", "bcp_47_code": "lij", "locale_id": "lang:004453", "is_canonical": true}, {"name": "ອອດເຊຕິກ", "bcp_47_code": "lo", "locale_id": "lang:002848", "is_canonical": true}, {"name": "osetinų", "bcp_47_code": "lt", "locale_id": "lang:000996", "is_canonical": true}, {"name": "osetīnu", "bcp_47_code": "lv", "locale_id": "lang:006606", "is_canonical": true}, {"name": "ओसेटिक", "bcp_47_code": "mai", "locale_id": "lang:005797", "is_canonical": true}, {"name": "Ōtītiki", "bcp_47_code": "mi", "locale_id": "lang:005897", "is_canonical": true}, {"name": "осетски", "bcp_47_code": "mk", "locale_id": "lang:001683", "is_canonical": true}, {"name": "ഒസ്സെറ്റിക്", "bcp_47_code": "ml", "locale_id": "lang:001880", "is_canonical": true}, {"name": "оссетин", "bcp_47_code": "mn", "locale_id": "lang:005506", "is_canonical": true}, {"name": "ओस्सेटिक", "bcp_47_code": "mr", "locale_id": "lang:003376", "is_canonical": true}, {"name": "Ossete", "bcp_47_code": "ms", "locale_id": "lang:001263", "is_canonical": true}, {"name": "Ossettiku", "bcp_47_code": "mt", "locale_id": "lang:004371", "is_canonical": true}, {"name": "အိုဆဲတစ်ခ်", "bcp_47_code": "my", "locale_id": "lang:004196", "is_canonical": true}, {"name": "Ossetsch", "bcp_47_code": "nds", "locale_id": "lang:001710", "is_canonical": true}, {"name": "ओस्सेटिक", "bcp_47_code": "ne", "locale_id": "lang:004630", "is_canonical": true}, {"name": "Ossetisch", "bcp_47_code": "nl", "locale_id": "lang:006448", "is_canonical": true}, {"name": "ossetisk", "bcp_47_code": "no", "locale_id": "lang:002536", "is_canonical": true}, {"name": "ߏߛߍߕߌߞߊ߲", "bcp_47_code": "nqo", "locale_id": "lang:006401", "is_canonical": true}, {"name": "osseta", "bcp_47_code": "oc", "locale_id": "lang:003832", "is_canonical": true}, {"name": "ଓସେଟିକ୍", "bcp_47_code": "or", "locale_id": "lang:001930", "is_canonical": true}, {"name": "ирон", "bcp_47_code": "os", "locale_id": "lang:000303", "is_canonical": null}, {"name": "ਓਸੈਟਿਕ", "bcp_47_code": "pa", "locale_id": "lang:003658", "is_canonical": true}, {"name": "Osẹ́tik", "bcp_47_code": "pcm", "locale_id": "lang:002108", "is_canonical": true}, {"name": "osetyjski", "bcp_47_code": "pl", "locale_id": "lang:001433", "is_canonical": true}, {"name": "اوسيټک", "bcp_47_code": "ps", "locale_id": "lang:006281", "is_canonical": true}, {"name": "osseto", "bcp_47_code": "pt", "locale_id": "lang:001977", "is_canonical": true}, {"name": "Osetio Simi", "bcp_47_code": "qu", "locale_id": "lang:000991", "is_canonical": true}, {"name": "ossetic", "bcp_47_code": "rm", "locale_id": "lang:004318", "is_canonical": true}, {"name": "osetă", "bcp_47_code": "ro", "locale_id": "lang:006592", "is_canonical": true}, {"name": "осетинский", "bcp_47_code": "ru", "locale_id": "lang:006745", "is_canonical": true}, {"name": "ᱳᱥᱮᱴᱤᱠ", "bcp_47_code": "sat", "locale_id": "lang:006025", "is_canonical": true}, {"name": "ossèticu", "bcp_47_code": "sc", "locale_id": "lang:000376", "is_canonical": true}, {"name": "اوسيٽڪ", "bcp_47_code": "sd", "locale_id": "lang:002987", "is_canonical": true}, {"name": "ඔසිටෙක්", "bcp_47_code": "si", "locale_id": "lang:000326", "is_canonical": true}, {"name": "osetčina", "bcp_47_code": "sk", "locale_id": "lang:005464", "is_canonical": true}, {"name": "osetinščina", "bcp_47_code": "sl", "locale_id": "lang:004352", "is_canonical": true}, {"name": "ossetkielâ", "bcp_47_code": "smn", "locale_id": "lang:000203", "is_canonical": true}, {"name": "Oseetic", "bcp_47_code": "so", "locale_id": "lang:000435", "is_canonical": true}, {"name": "osetisht", "bcp_47_code": "sq", "locale_id": "lang:006275", "is_canonical": true}, {"name": "осетински", "bcp_47_code": "sr", "locale_id": "lang:002701", "is_canonical": true}, {"name": "ossetiska", "bcp_47_code": "sv", "locale_id": "lang:004782", "is_canonical": true}, {"name": "Kiosetia", "bcp_47_code": "sw", "locale_id": "lang:001597", "is_canonical": true}, {"name": "ôsetyjski", "bcp_47_code": "szl", "locale_id": "lang:002207", "is_canonical": true}, {"name": "ஒசெட்டிக்", "bcp_47_code": "ta", "locale_id": "lang:002996", "is_canonical": true}, {"name": "ఒసేటిక్", "bcp_47_code": "te", "locale_id": "lang:000508", "is_canonical": true}, {"name": "ออสเซเตีย", "bcp_47_code": "th", "locale_id": "lang:000248", "is_canonical": true}, {"name": "ኦሰትኛ", "bcp_47_code": "ti", "locale_id": "lang:002196", "is_canonical": true}, {"name": "osetin dili", "bcp_47_code": "tk", "locale_id": "lang:002001", "is_canonical": true}, {"name": "lea fakaʻosetiki", "bcp_47_code": "to", "locale_id": "lang:006037", "is_canonical": true}, {"name": "Osetçe", "bcp_47_code": "tr", "locale_id": "lang:000917", "is_canonical": true}, {"name": "ئوسسېتچەچە", "bcp_47_code": "ug", "locale_id": "lang:003330", "is_canonical": true}, {"name": "осетинська", "bcp_47_code": "uk", "locale_id": "lang:001994", "is_canonical": true}, {"name": "اوسیٹک", "bcp_47_code": "ur", "locale_id": "lang:001103", "is_canonical": true}, {"name": "osetin", "bcp_47_code": "uz", "locale_id": "lang:003386", "is_canonical": true}, {"name": "tiếng Ossetic", "bcp_47_code": "vi", "locale_id": "lang:004523", "is_canonical": true}, {"name": "Osétiš", "bcp_47_code": "wae", "locale_id": "lang:001423", "is_canonical": true}, {"name": "אסעטיש", "bcp_47_code": "yi", "locale_id": "lang:002081", "is_canonical": true}, {"name": "Ọṣẹ́tíìkì", "bcp_47_code": "yo", "locale_id": "lang:003132", "is_canonical": true}, {"name": "usetu", "bcp_47_code": "yrl", "locale_id": "lang:006863", "is_canonical": true}, {"name": "奧塞提文", "bcp_47_code": "yue", "locale_id": "lang:005108", "is_canonical": true}, {"name": "奥塞梯语", "bcp_47_code": "cmn", "locale_id": "lang:004378", "is_canonical": true}, {"name": "isi-Ossetic", "bcp_47_code": "zu", "locale_id": "lang:007247", "is_canonical": true}, {"name": "ኦሴቲያንኛ", "bcp_47_code": "am", "locale_id": "lang:000379", "is_canonical": null}, {"name": "الأوسيتيانية", "bcp_47_code": "ar", "locale_id": "lang:000884", "is_canonical": null}, {"name": "ওচেটিয়ান", "bcp_47_code": "as", "locale_id": "lang:003208", "is_canonical": null}, {"name": "Osetin dili", "bcp_47_code": "az", "locale_id": "lang:000492", "is_canonical": null}, {"name": "ওসেটিয়ান", "bcp_47_code": "bn", "locale_id": "lang:000178", "is_canonical": null}, {"name": "oseti", "bcp_47_code": "bs", "locale_id": "lang:005177", "is_canonical": null}, {"name": "Οσετιανά", "bcp_47_code": "el", "locale_id": "lang:002331", "is_canonical": null}, {"name": "osetio", "bcp_47_code": "es", "locale_id": "lang:005944", "is_canonical": null}, {"name": "Ossetian", "bcp_47_code": "fil", "locale_id": "lang:004854", "is_canonical": null}, {"name": "Osetio", "bcp_47_code": "gl", "locale_id": "lang:006921", "is_canonical": null}, {"name": "Ossetisch", "bcp_47_code": "gsw", "locale_id": "lang:006414", "is_canonical": null}, {"name": "ઑસેટિયન", "bcp_47_code": "gu", "locale_id": "lang:006797", "is_canonical": null}, {"name": "ओसीशन", "bcp_47_code": "hi", "locale_id": "lang:005010", "is_canonical": null}, {"name": "Ossetia", "bcp_47_code": "in", "locale_id": "lang:005344", "is_canonical": true}, {"name": "lingua osseta", "bcp_47_code": "it", "locale_id": "lang:005147", "is_canonical": null}, {"name": "Осетин", "bcp_47_code": "kk", "locale_id": "lang:001017", "is_canonical": null}, {"name": "អូសិទាន", "bcp_47_code": "km", "locale_id": "lang:000690", "is_canonical": null}, {"name": "ಒಸ್ಸೆಟಿಯಾನ್", "bcp_47_code": "kn", "locale_id": "lang:006289", "is_canonical": null}, {"name": "Осетинче", "bcp_47_code": "ky", "locale_id": "lang:003193", "is_canonical": null}, {"name": "Ossète", "bcp_47_code": "ln", "locale_id": "lang:005075", "is_canonical": true}, {"name": "ອອສເຊນທຽນ", "bcp_47_code": "lo", "locale_id": "lang:002848", "is_canonical": null}, {"name": "osetų", "bcp_47_code": "lt", "locale_id": "lang:000996", "is_canonical": null}, {"name": "осетијан", "bcp_47_code": "mk", "locale_id": "lang:001683", "is_canonical": null}, {"name": "ഒസേറ്റിയാൻ", "bcp_47_code": "ml", "locale_id": "lang:001880", "is_canonical": null}, {"name": "Оссет", "bcp_47_code": "mn", "locale_id": "lang:005506", "is_canonical": null}, {"name": "Osetă", "bcp_47_code": "mo", "locale_id": "lang:006592", "is_canonical": true}, {"name": "ओस्सेटियन", "bcp_47_code": "mr", "locale_id": "lang:003376", "is_canonical": null}, {"name": "Ossetian", "bcp_47_code": "ms", "locale_id": "lang:001263", "is_canonical": null}, {"name": "အိုဆီတီယန်", "bcp_47_code": "my", "locale_id": "lang:004196", "is_canonical": null}, {"name": "ossetisk", "bcp_47_code": "nb", "locale_id": "lang:000958", "is_canonical": true}, {"name": "ओसेसन", "bcp_47_code": "ne", "locale_id": "lang:004630", "is_canonical": null}, {"name": "ଓସେଟିୟ", "bcp_47_code": "or", "locale_id": "lang:001930", "is_canonical": null}, {"name": "ਓਸੇਤੀ", "bcp_47_code": "pa", "locale_id": "lang:003658", "is_canonical": null}, {"name": "osseta", "bcp_47_code": "pt", "locale_id": "lang:001977", "is_canonical": null}, {"name": "ඔසෙෂන්", "bcp_47_code": "si", "locale_id": "lang:000326", "is_canonical": null}, {"name": "Osetčina", "bcp_47_code": "sk", "locale_id": "lang:005464", "is_canonical": null}, {"name": "osetščina", "bcp_47_code": "sl", "locale_id": "lang:004352", "is_canonical": null}, {"name": "Osetianisht", "bcp_47_code": "sq", "locale_id": "lang:006275", "is_canonical": null}, {"name": "Kioseti", "bcp_47_code": "sw", "locale_id": "lang:001597", "is_canonical": null}, {"name": "ஒசேத்தியன்", "bcp_47_code": "ta", "locale_id": "lang:002996", "is_canonical": null}, {"name": "ఓస్సెటియాన్", "bcp_47_code": "te", "locale_id": "lang:000508", "is_canonical": null}, {"name": "ออสซีเชีย", "bcp_47_code": "th", "locale_id": "lang:000248", "is_canonical": null}, {"name": "Ossetian", "bcp_47_code": "tl", "locale_id": "lang:002540", "is_canonical": true}, {"name": "اوسیشن", "bcp_47_code": "ur", "locale_id": "lang:001103", "is_canonical": null}, {"name": "tiếng Ossetia", "bcp_47_code": "vi", "locale_id": "lang:004523", "is_canonical": null}, {"name": "奥塞特语", "bcp_47_code": "cmn", "locale_id": "lang:004378", "is_canonical": null}, {"name": "i-Ossetian", "bcp_47_code": "zu", "locale_id": "lang:007247", "is_canonical": null}, {"name": "Iron", "bcp_47_code": "gl", "locale_id": "lang:006921", "is_canonical": null}, {"name": "Ирон диалект", "bcp_47_code": "os", "locale_id": "lang:000303", "is_canonical": null}, {"name": "گویش ایرونی", "bcp_47_code": "fa", "locale_id": "lang:005211", "is_canonical": null}, {"name": "иронский диалект", "bcp_47_code": "ru", "locale_id": "lang:006745", "is_canonical": null}, {"name": "Iron Dialect", "bcp_47_code": "en", "locale_id": "lang:004172", "is_canonical": null}, {"name": "شێوەزاری ئیرۆنی", "bcp_47_code": "ckb", "locale_id": "lang:002255", "is_canonical": null}, {"name": "iron", "bcp_47_code": "fr", "locale_id": "lang:002512", "is_canonical": null}, {"name": "Οσσετικά Ιρόν", "bcp_47_code": "el", "locale_id": "lang:002331", "is_canonical": null}, {"name": "依隆奧塞提亞語", "bcp_47_code": "cmn", "locale_id": "lang:004378", "is_canonical": null}, {"name": "Iron", "bcp_47_code": "id", "locale_id": "lang:005344", "is_canonical": null}, {"name": "イロン方言", "bcp_47_code": "ja", "locale_id": "lang:005185", "is_canonical": null}, {"name": "hierro", "bcp_47_code": "es", "locale_id": "lang:005944", "is_canonical": null}, {"name": "Къуыдайраг ныхасыздæхт", "bcp_47_code": "os", "locale_id": "lang:000303", "is_canonical": null}, {"name": "Урстуаллаг ныхасыздæхт", "bcp_47_code": "os", "locale_id": "lang:000303", "is_canonical": null}, {"name": "Чысайнаг ныхасыздæхт", "bcp_47_code": "os", "locale_id": "lang:000303", "is_canonical": null}, {"name": "ایرون", "bcp_47_code": "fa", "locale_id": "lang:005211", "is_canonical": null}, {"name": "ایرونی", "bcp_47_code": "fa", "locale_id": "lang:005211", "is_canonical": null}, {"name": "иронский диалект осетинского языка", "bcp_47_code": "ru", "locale_id": "lang:006745", "is_canonical": null}, {"name": "依隆奧賽提亞語", "bcp_47_code": "cmn", "locale_id": "lang:004378", "is_canonical": null}, {"name": "伊龍方言", "bcp_47_code": "cmn", "locale_id": "lang:004378", "is_canonical": null}, {"name": "Iron Evzag", "bcp_47_code": "id", "locale_id": "lang:005344", "is_canonical": null}, {"name": "Ирон ӕвзаг", "bcp_47_code": "os", "locale_id": "lang:000303", "is_canonical": true}, {"name": "&#1048;&#1088;&#1086;&#1085;&#1072;&#1091;", "bcp_47_code": "os", "locale_id": "lang:000303", "is_canonical": false}]