[{"name": "Lambayeque Quechua", "bcp_47_code": "en", "locale_id": "lang:004172", "is_canonical": true}, {"name": "Lenga quechua", "bcp_47_code": "pms", "locale_id": "lang:003480", "is_canonical": true}, {"name": "Inkawasi-Kañaris", "bcp_47_code": "de", "locale_id": "lang:006636", "is_canonical": true}, {"name": "Inkawasi-Kañaris", "bcp_47_code": "qu", "locale_id": "lang:000991", "is_canonical": true}, {"name": "incahuasi-cañaris", "bcp_47_code": "es", "locale_id": "lang:005944", "is_canonical": true}, {"name": "инкаваско-кањариски кечуански дијалект", "bcp_47_code": "mk", "locale_id": "lang:001683", "is_canonical": true}, {"name": "ламбаекенский кечуа", "bcp_47_code": "ru", "locale_id": "lang:006745", "is_canonical": true}, {"name": "quechua de lambayeque", "bcp_47_code": "fr", "locale_id": "lang:002512", "is_canonical": true}, {"name": "quechua de incahuasi-cañaris", "bcp_47_code": "ast", "locale_id": "lang:006965", "is_canonical": true}, {"name": "Wikang Lambayeque", "bcp_47_code": "tl", "locale_id": "lang:002540", "is_canonical": true}, {"name": "quéchua de lambayeque", "bcp_47_code": "pt", "locale_id": "lang:001977", "is_canonical": true}, {"name": "quechua di lambayeque", "bcp_47_code": "it", "locale_id": "lang:005147", "is_canonical": true}, {"name": "quítxua de lambayeque", "bcp_47_code": "ca", "locale_id": "lang:000334", "is_canonical": true}, {"name": "quechua de lambayeque", "bcp_47_code": "vec", "locale_id": "lang:004329", "is_canonical": true}, {"name": "Inkawasi-Kañari", "bcp_47_code": "de", "locale_id": "lang:006636", "is_canonical": null}, {"name": "Lambayeque-Quechua", "bcp_47_code": "de", "locale_id": "lang:006636", "is_canonical": null}, {"name": "Ferreñafe-Quechua", "bcp_47_code": "de", "locale_id": "lang:006636", "is_canonical": null}, {"name": "inkawasi kañaris", "bcp_47_code": "es", "locale_id": "lang:005944", "is_canonical": null}, {"name": "incahuasi-canaris", "bcp_47_code": "es", "locale_id": "lang:005944", "is_canonical": null}, {"name": "inkawasi-kañaris", "bcp_47_code": "es", "locale_id": "lang:005944", "is_canonical": null}, {"name": "incahuasi canaris", "bcp_47_code": "es", "locale_id": "lang:005944", "is_canonical": null}, {"name": "inkawasi kanaris", "bcp_47_code": "es", "locale_id": "lang:005944", "is_canonical": null}, {"name": "quechua lambayecano", "bcp_47_code": "es", "locale_id": "lang:005944", "is_canonical": null}, {"name": "inkawasi-kanaris", "bcp_47_code": "es", "locale_id": "lang:005944", "is_canonical": null}, {"name": "incahuasi cañaris", "bcp_47_code": "es", "locale_id": "lang:005944", "is_canonical": null}]