[{"name": "Ngwaba", "bcp_47_code": "en", "locale_id": "lang:004172", "is_canonical": true}, {"name": "Kingwaba", "bcp_47_code": "sw", "locale_id": "lang:001597", "is_canonical": true}, {"name": "Lenga Ngwaba", "bcp_47_code": "pms", "locale_id": "lang:003480", "is_canonical": true}, {"name": "ngwaba jezik", "bcp_47_code": "hr", "locale_id": "lang:001280", "is_canonical": true}, {"name": "нгваба", "bcp_47_code": "ru", "locale_id": "lang:006745", "is_canonical": true}, {"name": "ngwabaeg", "bcp_47_code": "br", "locale_id": "lang:003643", "is_canonical": true}, {"name": "Wikang Ngwaba", "bcp_47_code": "tl", "locale_id": "lang:002540", "is_canonical": true}, {"name": "ngwaba", "bcp_47_code": "fr", "locale_id": "lang:002512", "is_canonical": true}, {"name": "Ngwaba", "bcp_47_code": "pcm", "locale_id": "lang:002108", "is_canonical": true}, {"name": "Ngwaba", "bcp_47_code": "ig", "locale_id": "lang:002832", "is_canonical": true}]