[{"name": "Hdi", "bcp_47_code": "en", "locale_id": "lang:004172", "is_canonical": true}, {"name": "Kihdi", "bcp_47_code": "sw", "locale_id": "lang:001597", "is_canonical": true}, {"name": "Lenga Hdi", "bcp_47_code": "pms", "locale_id": "lang:003480", "is_canonical": true}, {"name": "c'hedieg", "bcp_47_code": "br", "locale_id": "lang:003643", "is_canonical": true}, {"name": "hdi jezik", "bcp_47_code": "hr", "locale_id": "lang:001280", "is_canonical": true}, {"name": "hidé", "bcp_47_code": "fr", "locale_id": "lang:002512", "is_canonical": true}, {"name": "Wikang Hdi", "bcp_47_code": "tl", "locale_id": "lang:002540", "is_canonical": true}, {"name": "フディ語", "bcp_47_code": "ja", "locale_id": "lang:005185", "is_canonical": true}, {"name": "Hdi", "bcp_47_code": "ig", "locale_id": "lang:002832", "is_canonical": true}, {"name": "Kihide", "bcp_47_code": "sw", "locale_id": "lang:001597", "is_canonical": null}, {"name": "Hedi", "bcp_47_code": "en", "locale_id": "lang:004172", "is_canonical": null}, {"name": "Hide", "bcp_47_code": "en", "locale_id": "lang:004172", "is_canonical": null}, {"name": "Xide", "bcp_47_code": "en", "locale_id": "lang:004172", "is_canonical": null}]