[{"name": "Páez", "bcp_47_code": "en", "locale_id": "lang:004172", "is_canonical": true}, {"name": "Lenga páez", "bcp_47_code": "pms", "locale_id": "lang:003480", "is_canonical": true}, {"name": "Paez", "bcp_47_code": "de", "locale_id": "lang:006636", "is_canonical": true}, {"name": "nasaa lingvo", "bcp_47_code": "eo", "locale_id": "lang:001065", "is_canonical": true}, {"name": "nasaeg", "bcp_47_code": "br", "locale_id": "lang:003643", "is_canonical": true}, {"name": "Nasa simi", "bcp_47_code": "qu", "locale_id": "lang:000991", "is_canonical": true}, {"name": "paez", "bcp_47_code": "fr", "locale_id": "lang:002512", "is_canonical": true}, {"name": "паэс", "bcp_47_code": "ru", "locale_id": "lang:006745", "is_canonical": true}, {"name": "paez", "bcp_47_code": "ast", "locale_id": "lang:006965", "is_canonical": true}, {"name": "idioma paez", "bcp_47_code": "es", "locale_id": "lang:005944", "is_canonical": true}, {"name": "paes", "bcp_47_code": "nb", "locale_id": "lang:000958", "is_canonical": true}, {"name": "paesi keel", "bcp_47_code": "et", "locale_id": "lang:007279", "is_canonical": true}, {"name": "lingua páez", "bcp_47_code": "it", "locale_id": "lang:005147", "is_canonical": true}, {"name": "paes", "bcp_47_code": "nn", "locale_id": "lang:005019", "is_canonical": true}, {"name": "パエス語", "bcp_47_code": "ja", "locale_id": "lang:005185", "is_canonical": true}, {"name": "Gjuha Páez", "bcp_47_code": "sq", "locale_id": "lang:006275", "is_canonical": true}, {"name": "Lingua nasa", "bcp_47_code": "gl", "locale_id": "lang:006921", "is_canonical": true}, {"name": "nasa yuwe", "bcp_47_code": "eu", "locale_id": "lang:004920", "is_canonical": true}, {"name": "língua páez", "bcp_47_code": "pt", "locale_id": "lang:001977", "is_canonical": true}, {"name": "Paez", "bcp_47_code": "lfn", "locale_id": null, "is_canonical": true}, {"name": "Wikang Páez", "bcp_47_code": "tl", "locale_id": "lang:002540", "is_canonical": true}, {"name": "páez", "bcp_47_code": "ca", "locale_id": "lang:000334", "is_canonical": true}, {"name": "páez", "bcp_47_code": "vec", "locale_id": "lang:004329", "is_canonical": true}, {"name": "纳萨语", "bcp_47_code": "cmn", "locale_id": "lang:004378", "is_canonical": true}, {"name": "nasa yuwe", "bcp_47_code": "eo", "locale_id": "lang:001065", "is_canonical": null}, {"name": "paeza lingvo", "bcp_47_code": "eo", "locale_id": "lang:001065", "is_canonical": null}, {"name": "nasa lingvo", "bcp_47_code": "eo", "locale_id": "lang:001065", "is_canonical": null}, {"name": "paezeg", "bcp_47_code": "br", "locale_id": "lang:003643", "is_canonical": null}, {"name": "Paez", "bcp_47_code": "qu", "locale_id": "lang:000991", "is_canonical": null}, {"name": "nasa yuwe", "bcp_47_code": "es", "locale_id": "lang:005944", "is_canonical": null}, {"name": "idioma páez", "bcp_47_code": "es", "locale_id": "lang:005944", "is_canonical": null}, {"name": "Paez", "bcp_47_code": "en", "locale_id": "lang:004172", "is_canonical": null}, {"name": "paez", "bcp_47_code": "eu", "locale_id": "lang:004920", "is_canonical": null}, {"name": "paez hizkuntza", "bcp_47_code": "eu", "locale_id": "lang:004920", "is_canonical": null}, {"name": "nasa hizkuntza", "bcp_47_code": "eu", "locale_id": "lang:004920", "is_canonical": null}, {"name": "Lingua páez", "bcp_47_code": "gl", "locale_id": "lang:006921", "is_canonical": null}]