[{"name": "Landoma", "bcp_47_code": "en", "locale_id": "lang:004172", "is_canonical": true}, {"name": "Kilandoma", "bcp_47_code": "sw", "locale_id": "lang:001597", "is_canonical": true}, {"name": "Landoma", "bcp_47_code": "de", "locale_id": "lang:006636", "is_canonical": true}, {"name": "Lenga Landoma", "bcp_47_code": "pms", "locale_id": "lang:003480", "is_canonical": true}, {"name": "landomeg", "bcp_47_code": "br", "locale_id": "lang:003643", "is_canonical": true}, {"name": "ландума", "bcp_47_code": "ru", "locale_id": "lang:006745", "is_canonical": true}, {"name": "landoma", "bcp_47_code": "fr", "locale_id": "lang:002512", "is_canonical": true}, {"name": "landoma jezik", "bcp_47_code": "hr", "locale_id": "lang:001280", "is_canonical": true}, {"name": "Wikang Landoma", "bcp_47_code": "tl", "locale_id": "lang:002540", "is_canonical": true}, {"name": "Asụsụ Landoma", "bcp_47_code": "ig", "locale_id": "lang:002832", "is_canonical": true}, {"name": "landuma", "bcp_47_code": "es", "locale_id": "lang:005944", "is_canonical": true}, {"name": "язык ландума", "bcp_47_code": "ru", "locale_id": "lang:006745", "is_canonical": null}, {"name": "ландома", "bcp_47_code": "ru", "locale_id": "lang:006745", "is_canonical": null}, {"name": "тьяпа", "bcp_47_code": "ru", "locale_id": "lang:006745", "is_canonical": null}, {"name": "landuma", "bcp_47_code": "fr", "locale_id": "lang:002512", "is_canonical": null}, {"name": "landouma", "bcp_47_code": "fr", "locale_id": "lang:002512", "is_canonical": null}, {"name": "landoma", "bcp_47_code": "es", "locale_id": "lang:005944", "is_canonical": null}]