[{"name": "Kou", "bcp_47_code": "en", "locale_id": "lang:004172", "is_canonical": true}, {"name": "Asas", "bcp_47_code": "en", "locale_id": "lang:004172", "is_canonical": null}, {"name": "Sinsauru", "bcp_47_code": "en", "locale_id": "lang:004172", "is_canonical": null}, {"name": "Lenga Sinsauru", "bcp_47_code": "pms", "locale_id": "lang:003480", "is_canonical": true}, {"name": "Kisinsauru", "bcp_47_code": "sw", "locale_id": "lang:001597", "is_canonical": true}, {"name": "Sinsauru", "bcp_47_code": "ilo", "locale_id": "lang:007408", "is_canonical": true}, {"name": "język sinsauru", "bcp_47_code": "pl", "locale_id": "lang:001433", "is_canonical": true}]