[{"name": "Muyang", "bcp_47_code": "en", "locale_id": "lang:004172", "is_canonical": true}, {"name": "Kimuyang", "bcp_47_code": "sw", "locale_id": "lang:001597", "is_canonical": true}, {"name": "muyang jezik", "bcp_47_code": "hr", "locale_id": "lang:001280", "is_canonical": true}, {"name": "muyang", "bcp_47_code": "fr", "locale_id": "lang:002512", "is_canonical": true}, {"name": "Lenga Muyang", "bcp_47_code": "pms", "locale_id": "lang:003480", "is_canonical": true}, {"name": "Wikang Muyang", "bcp_47_code": "tl", "locale_id": "lang:002540", "is_canonical": true}, {"name": "muyang", "bcp_47_code": "oc", "locale_id": "lang:003832", "is_canonical": true}, {"name": "muyang", "bcp_47_code": "nb", "locale_id": "lang:000958", "is_canonical": true}]