[{"name": "Oruma", "bcp_47_code": "en", "locale_id": "lang:004172", "is_canonical": true}, {"name": "Kioruma", "bcp_47_code": "sw", "locale_id": "lang:001597", "is_canonical": true}, {"name": "Oruma", "bcp_47_code": "de", "locale_id": "lang:006636", "is_canonical": true}, {"name": "Lenga Oruma", "bcp_47_code": "pms", "locale_id": "lang:003480", "is_canonical": true}, {"name": "oroumeg", "bcp_47_code": "br", "locale_id": "lang:003643", "is_canonical": true}, {"name": "oruma jezik", "bcp_47_code": "hr", "locale_id": "lang:001280", "is_canonical": true}, {"name": "oruma", "bcp_47_code": "ca", "locale_id": "lang:000334", "is_canonical": true}, {"name": "oruma", "bcp_47_code": "es", "locale_id": "lang:005944", "is_canonical": true}, {"name": "Wikang Oruma", "bcp_47_code": "tl", "locale_id": "lang:002540", "is_canonical": true}, {"name": "oruma", "bcp_47_code": "fr", "locale_id": "lang:002512", "is_canonical": true}, {"name": "Oruma", "bcp_47_code": "ig", "locale_id": "lang:002832", "is_canonical": true}, {"name": "Asusu oruma", "bcp_47_code": "ig", "locale_id": "lang:002832", "is_canonical": null}]