[{"name": "Kaptiau", "bcp_47_code": "en", "locale_id": "lang:004172", "is_canonical": true}, {"name": "каптиау", "bcp_47_code": "ru", "locale_id": "lang:006745", "is_canonical": true}, {"name": "Kikaptiau", "bcp_47_code": "sw", "locale_id": "lang:001597", "is_canonical": true}, {"name": "каптијауански јазик", "bcp_47_code": "mk", "locale_id": "lang:001683", "is_canonical": true}, {"name": "Kaptiau", "bcp_47_code": "ilo", "locale_id": "lang:007408", "is_canonical": true}, {"name": "Kaptiauki", "bcp_47_code": "diq", "locale_id": "lang:003839", "is_canonical": true}]