[{"name": "асундан", "bcp_47_code": "ab", "locale_id": "lang:006291", "is_canonical": true}, {"name": "Sundanees", "bcp_47_code": "af", "locale_id": "lang:006849", "is_canonical": true}, {"name": "ሱዳንኛ", "bcp_47_code": "am", "locale_id": "lang:000379", "is_canonical": true}, {"name": "السوندانية", "bcp_47_code": "ar", "locale_id": "lang:000884", "is_canonical": true}, {"name": "ছুণ্ডানীজ", "bcp_47_code": "as", "locale_id": "lang:003208", "is_canonical": true}, {"name": "sondanés", "bcp_47_code": "ast", "locale_id": "lang:006965", "is_canonical": true}, {"name": "sundan", "bcp_47_code": "az", "locale_id": "lang:000492", "is_canonical": true}, {"name": "сунда", "bcp_47_code": "be", "locale_id": "lang:004942", "is_canonical": true}, {"name": "сундански", "bcp_47_code": "bg", "locale_id": "lang:003294", "is_canonical": true}, {"name": "سونڈی", "bcp_47_code": "bgn", "locale_id": "lang:004443", "is_canonical": true}, {"name": "সুদানী", "bcp_47_code": "bn", "locale_id": "lang:000178", "is_canonical": true}, {"name": "sundaneg", "bcp_47_code": "br", "locale_id": "lang:003643", "is_canonical": true}, {"name": "सुन्दानी", "bcp_47_code": "brx", "locale_id": "lang:003716", "is_canonical": true}, {"name": "sundanski", "bcp_47_code": "bs", "locale_id": "lang:005177", "is_canonical": true}, {"name": "ሱዳንኛ", "bcp_47_code": "byn", "locale_id": "lang:001586", "is_canonical": true}, {"name": "sondanès", "bcp_47_code": "ca", "locale_id": "lang:000334", "is_canonical": true}, {"name": "𑄥𑄪𑄘𑄚𑄩", "bcp_47_code": "ccp", "locale_id": "lang:004815", "is_canonical": true}, {"name": "сунданхойн", "bcp_47_code": "ce", "locale_id": "lang:000120", "is_canonical": true}, {"name": "ᏑᏂᏓᏂᏏ", "bcp_47_code": "chr", "locale_id": "lang:004490", "is_canonical": true}, {"name": "سوندانی", "bcp_47_code": "ckb", "locale_id": "lang:002255", "is_canonical": true}, {"name": "sundština", "bcp_47_code": "cs", "locale_id": "lang:007371", "is_canonical": true}, {"name": "Swndaneg", "bcp_47_code": "cy", "locale_id": "lang:005257", "is_canonical": true}, {"name": "sundanesisk", "bcp_47_code": "da", "locale_id": "lang:006478", "is_canonical": true}, {"name": "Sundanesisch", "bcp_47_code": "de", "locale_id": "lang:006636", "is_canonical": true}, {"name": "sundanšćina", "bcp_47_code": "dsb", "locale_id": "lang:007093", "is_canonical": true}, {"name": "སཱུན་ད་ནིས་ཁ", "bcp_47_code": "dz", "locale_id": "lang:001019", "is_canonical": true}, {"name": "Σουνδανικά", "bcp_47_code": "el", "locale_id": "lang:002331", "is_canonical": true}, {"name": "sunda", "bcp_47_code": "eo", "locale_id": "lang:001065", "is_canonical": true}, {"name": "sundanés", "bcp_47_code": "es", "locale_id": "lang:005944", "is_canonical": true}, {"name": "sunda", "bcp_47_code": "et", "locale_id": "lang:007279", "is_canonical": true}, {"name": "sundanera", "bcp_47_code": "eu", "locale_id": "lang:004920", "is_canonical": true}, {"name": "سوندایی", "bcp_47_code": "fa", "locale_id": "lang:005211", "is_canonical": true}, {"name": "sunda", "bcp_47_code": "fi", "locale_id": "lang:005250", "is_canonical": true}, {"name": "Sundanese", "bcp_47_code": "fil", "locale_id": "lang:004854", "is_canonical": true}, {"name": "sundanesiskt", "bcp_47_code": "fo", "locale_id": "lang:005789", "is_canonical": true}, {"name": "soundanais", "bcp_47_code": "fr", "locale_id": "lang:002512", "is_canonical": true}, {"name": "sundanês", "bcp_47_code": "fur", "locale_id": "lang:004668", "is_canonical": true}, {"name": "Soendaneesk", "bcp_47_code": "fy", "locale_id": "lang:000608", "is_canonical": true}, {"name": "Sundais", "bcp_47_code": "ga", "locale_id": "lang:005513", "is_canonical": true}, {"name": "Cànan Sunda", "bcp_47_code": "gd", "locale_id": "lang:005113", "is_canonical": true}, {"name": "ሱዳንኛ", "bcp_47_code": "gez", "locale_id": null, "is_canonical": true}, {"name": "sundanés", "bcp_47_code": "gl", "locale_id": "lang:006921", "is_canonical": true}, {"name": "Sundanesisch", "bcp_47_code": "gsw", "locale_id": "lang:006414", "is_canonical": true}, {"name": "સંડેનીઝ", "bcp_47_code": "gu", "locale_id": "lang:006797", "is_canonical": true}, {"name": "Harshen Sundanese", "bcp_47_code": "ha", "locale_id": "lang:006769", "is_canonical": true}, {"name": "סונדנזית", "bcp_47_code": "he", "locale_id": "lang:000780", "is_canonical": true}, {"name": "सुंडानी", "bcp_47_code": "hi", "locale_id": "lang:005010", "is_canonical": true}, {"name": "sundanski", "bcp_47_code": "hr", "locale_id": "lang:001280", "is_canonical": true}, {"name": "sundanezišćina", "bcp_47_code": "hsb", "locale_id": "lang:002868", "is_canonical": true}, {"name": "szundanéz", "bcp_47_code": "hu", "locale_id": "lang:004445", "is_canonical": true}, {"name": "սունդաներեն", "bcp_47_code": "hy", "locale_id": "lang:006918", "is_canonical": true}, {"name": "sundanese", "bcp_47_code": "ia", "locale_id": "lang:008680", "is_canonical": true}, {"name": "Sunda", "bcp_47_code": "id", "locale_id": "lang:005344", "is_canonical": true}, {"name": "Sudanese", "bcp_47_code": "ig", "locale_id": "lang:002832", "is_canonical": true}, {"name": "súndanska", "bcp_47_code": "is", "locale_id": "lang:006417", "is_canonical": true}, {"name": "sundanese", "bcp_47_code": "it", "locale_id": "lang:005147", "is_canonical": true}, {"name": "スンダ語", "bcp_47_code": "ja", "locale_id": "lang:005185", "is_canonical": true}, {"name": "Sunda", "bcp_47_code": "jv", "locale_id": "lang:006418", "is_canonical": true}, {"name": "სუნდური", "bcp_47_code": "ka", "locale_id": "lang:005687", "is_canonical": true}, {"name": "Tasudanit", "bcp_47_code": "kab", "locale_id": "lang:002124", "is_canonical": true}, {"name": "sundanes", "bcp_47_code": "kea", "locale_id": "lang:000423", "is_canonical": true}, {"name": "sunanẽj", "bcp_47_code": "kgp", "locale_id": "lang:005254", "is_canonical": true}, {"name": "сундан тілі", "bcp_47_code": "kk", "locale_id": "lang:001017", "is_canonical": true}, {"name": "ស៊ូដង់", "bcp_47_code": "km", "locale_id": "lang:000690", "is_canonical": true}, {"name": "ಸುಂಡಾನೀಸ್", "bcp_47_code": "kn", "locale_id": "lang:006289", "is_canonical": true}, {"name": "순다어", "bcp_47_code": "ko", "locale_id": "lang:000685", "is_canonical": true}, {"name": "सुंदनीस", "bcp_47_code": "kok", "locale_id": "lang:001978", "is_canonical": true}, {"name": "سَنڈَنیٖز", "bcp_47_code": "ks", "locale_id": "lang:004361", "is_canonical": true}, {"name": "Sindanehsesch", "bcp_47_code": "ksh", "locale_id": "lang:000776", "is_canonical": true}, {"name": "sundanî", "bcp_47_code": "ku", "locale_id": "lang:003565", "is_canonical": true}, {"name": "сунданча", "bcp_47_code": "ky", "locale_id": "lang:003193", "is_canonical": true}, {"name": "Sundanesesch", "bcp_47_code": "lb", "locale_id": "lang:003324", "is_canonical": true}, {"name": "sundaneise", "bcp_47_code": "lij", "locale_id": "lang:004453", "is_canonical": true}, {"name": "Sundanese Iyápi", "bcp_47_code": "lkt", "locale_id": "lang:002236", "is_canonical": true}, {"name": "ຊຸນແດນນີສ", "bcp_47_code": "lo", "locale_id": "lang:002848", "is_canonical": true}, {"name": "سوٙدانی", "bcp_47_code": "lrc", "locale_id": "lang:001958", "is_canonical": true}, {"name": "sundų", "bcp_47_code": "lt", "locale_id": "lang:000996", "is_canonical": true}, {"name": "zundu", "bcp_47_code": "lv", "locale_id": "lang:006606", "is_canonical": true}, {"name": "सुंदनेजे", "bcp_47_code": "mai", "locale_id": "lang:005797", "is_canonical": true}, {"name": "Hunanīhi", "bcp_47_code": "mi", "locale_id": "lang:005897", "is_canonical": true}, {"name": "сундски", "bcp_47_code": "mk", "locale_id": "lang:001683", "is_canonical": true}, {"name": "സുണ്ടാനീസ്", "bcp_47_code": "ml", "locale_id": "lang:001880", "is_canonical": true}, {"name": "сундан", "bcp_47_code": "mn", "locale_id": "lang:005506", "is_canonical": true}, {"name": "सुंदानीज", "bcp_47_code": "mr", "locale_id": "lang:003376", "is_canonical": true}, {"name": "Sunda", "bcp_47_code": "ms", "locale_id": "lang:001263", "is_canonical": true}, {"name": "Sundaniż", "bcp_47_code": "mt", "locale_id": "lang:004371", "is_canonical": true}, {"name": "ဆူဒန်", "bcp_47_code": "my", "locale_id": "lang:004196", "is_canonical": true}, {"name": "سوندانسی", "bcp_47_code": "mzn", "locale_id": "lang:005912", "is_canonical": true}, {"name": "Sundaneesch", "bcp_47_code": "nds", "locale_id": "lang:001710", "is_canonical": true}, {"name": "सुडानी", "bcp_47_code": "ne", "locale_id": "lang:004630", "is_canonical": true}, {"name": "Soendanees", "bcp_47_code": "nl", "locale_id": "lang:006448", "is_canonical": true}, {"name": "sundanesisk", "bcp_47_code": "no", "locale_id": "lang:002536", "is_canonical": true}, {"name": "ߛߎ߲ߘߣߊߞߊ߲", "bcp_47_code": "nqo", "locale_id": "lang:006401", "is_canonical": true}, {"name": "Afaan Sudaanii", "bcp_47_code": "om", "locale_id": "lang:000417", "is_canonical": true}, {"name": "ସୁଦାନୀଜ୍", "bcp_47_code": "or", "locale_id": "lang:001930", "is_canonical": true}, {"name": "ਸੂੰਡਾਨੀ", "bcp_47_code": "pa", "locale_id": "lang:003658", "is_canonical": true}, {"name": "Sọ́ndaniz", "bcp_47_code": "pcm", "locale_id": "lang:002108", "is_canonical": true}, {"name": "sundajski", "bcp_47_code": "pl", "locale_id": "lang:001433", "is_canonical": true}, {"name": "سوډاني", "bcp_47_code": "ps", "locale_id": "lang:006281", "is_canonical": true}, {"name": "sundanês", "bcp_47_code": "pt", "locale_id": "lang:001977", "is_canonical": true}, {"name": "Sundanés Simi", "bcp_47_code": "qu", "locale_id": "lang:000991", "is_canonical": true}, {"name": "sundanais", "bcp_47_code": "rm", "locale_id": "lang:004318", "is_canonical": true}, {"name": "sundaneză", "bcp_47_code": "ro", "locale_id": "lang:006592", "is_canonical": true}, {"name": "сунданский", "bcp_47_code": "ru", "locale_id": "lang:006745", "is_canonical": true}, {"name": "Inyesudani", "bcp_47_code": "rw", "locale_id": "lang:005054", "is_canonical": true}, {"name": "ᱥᱩᱱᱥᱟᱱᱤᱥ", "bcp_47_code": "sat", "locale_id": "lang:006025", "is_canonical": true}, {"name": "sundanesu", "bcp_47_code": "sc", "locale_id": "lang:000376", "is_canonical": true}, {"name": "سوڊاني", "bcp_47_code": "sd", "locale_id": "lang:002987", "is_canonical": true}, {"name": "සන්ඩනීසියානු", "bcp_47_code": "si", "locale_id": "lang:000326", "is_canonical": true}, {"name": "sundčina", "bcp_47_code": "sk", "locale_id": "lang:005464", "is_canonical": true}, {"name": "sundanščina", "bcp_47_code": "sl", "locale_id": "lang:004352", "is_canonical": true}, {"name": "sundakielâ", "bcp_47_code": "smn", "locale_id": "lang:000203", "is_canonical": true}, {"name": "Suudaaniis", "bcp_47_code": "so", "locale_id": "lang:000435", "is_canonical": true}, {"name": "sundanisht", "bcp_47_code": "sq", "locale_id": "lang:006275", "is_canonical": true}, {"name": "сундански", "bcp_47_code": "sr", "locale_id": "lang:002701", "is_canonical": true}, {"name": "Se-sundanese", "bcp_47_code": "st", "locale_id": "lang:004234", "is_canonical": true}, {"name": "sundanesiska", "bcp_47_code": "sv", "locale_id": "lang:004782", "is_canonical": true}, {"name": "Kisunda", "bcp_47_code": "sw", "locale_id": "lang:001597", "is_canonical": true}, {"name": "sundajski", "bcp_47_code": "szl", "locale_id": "lang:002207", "is_canonical": true}, {"name": "சுண்டானீஸ்", "bcp_47_code": "ta", "locale_id": "lang:002996", "is_canonical": true}, {"name": "సండానీస్", "bcp_47_code": "te", "locale_id": "lang:000508", "is_canonical": true}, {"name": "ซุนดา", "bcp_47_code": "th", "locale_id": "lang:000248", "is_canonical": true}, {"name": "ሱንዳንኛ", "bcp_47_code": "ti", "locale_id": "lang:002196", "is_canonical": true}, {"name": "ሱዳንኛ", "bcp_47_code": "tig", "locale_id": "lang:005434", "is_canonical": true}, {"name": "sundan dili", "bcp_47_code": "tk", "locale_id": "lang:002001", "is_canonical": true}, {"name": "lea fakasunitā", "bcp_47_code": "to", "locale_id": "lang:006037", "is_canonical": true}, {"name": "Sunda dili", "bcp_47_code": "tr", "locale_id": "lang:000917", "is_canonical": true}, {"name": "سۇنداچە", "bcp_47_code": "ug", "locale_id": "lang:003330", "is_canonical": true}, {"name": "сунданська", "bcp_47_code": "uk", "locale_id": "lang:001994", "is_canonical": true}, {"name": "سنڈانیز", "bcp_47_code": "ur", "locale_id": "lang:001103", "is_canonical": true}, {"name": "sundan", "bcp_47_code": "uz", "locale_id": "lang:003386", "is_canonical": true}, {"name": "tiếng Sunda", "bcp_47_code": "vi", "locale_id": "lang:004523", "is_canonical": true}, {"name": "Sundanesiš", "bcp_47_code": "wae", "locale_id": "lang:001423", "is_canonical": true}, {"name": "isi-Sudanese", "bcp_47_code": "xh", "locale_id": "lang:002158", "is_canonical": true}, {"name": "Èdè Sudanísì", "bcp_47_code": "yo", "locale_id": "lang:003132", "is_canonical": true}, {"name": "sũdanei", "bcp_47_code": "yrl", "locale_id": "lang:006863", "is_canonical": true}, {"name": "巽他文", "bcp_47_code": "yue", "locale_id": "lang:005108", "is_canonical": true}, {"name": "巽他语", "bcp_47_code": "cmn", "locale_id": "lang:004378", "is_canonical": true}, {"name": "isi-Sundanese", "bcp_47_code": "zu", "locale_id": "lang:007247", "is_canonical": true}, {"name": "Soendanees", "bcp_47_code": "af", "locale_id": "lang:006849", "is_canonical": null}, {"name": "السندانية", "bcp_47_code": "ar", "locale_id": "lang:000884", "is_canonical": null}, {"name": "চুডানীজ", "bcp_47_code": "as", "locale_id": "lang:003208", "is_canonical": null}, {"name": "Sundan", "bcp_47_code": "az", "locale_id": "lang:000492", "is_canonical": null}, {"name": "сундская", "bcp_47_code": "be", "locale_id": "lang:004942", "is_canonical": null}, {"name": "সুন্দানীয়", "bcp_47_code": "bn", "locale_id": "lang:000178", "is_canonical": null}, {"name": "sundanska", "bcp_47_code": "bs", "locale_id": "lang:005177", "is_canonical": null}, {"name": "sundanès", "bcp_47_code": "ca", "locale_id": "lang:000334", "is_canonical": null}, {"name": "sundánština", "bcp_47_code": "cs", "locale_id": "lang:007371", "is_canonical": null}, {"name": "sundarra", "bcp_47_code": "eu", "locale_id": "lang:004920", "is_canonical": null}, {"name": "soudanais", "bcp_47_code": "fr", "locale_id": "lang:002512", "is_canonical": null}, {"name": "Sundanés", "bcp_47_code": "gl", "locale_id": "lang:006921", "is_canonical": null}, {"name": "סנדאנית", "bcp_47_code": "he", "locale_id": "lang:000780", "is_canonical": true}, {"name": "संडनीज़", "bcp_47_code": "hi", "locale_id": "lang:005010", "is_canonical": null}, {"name": "sundski", "bcp_47_code": "hr", "locale_id": "lang:001280", "is_canonical": null}, {"name": "Sunda", "bcp_47_code": "in", "locale_id": "lang:005344", "is_canonical": true}, {"name": "súndískt", "bcp_47_code": "is", "locale_id": "lang:006417", "is_canonical": null}, {"name": "スンダ語（ラテン文字）", "bcp_47_code": "ja", "locale_id": "lang:005185", "is_canonical": null}, {"name": "Сундан", "bcp_47_code": "kk", "locale_id": "lang:001017", "is_canonical": null}, {"name": "Сунданча", "bcp_47_code": "ky", "locale_id": "lang:003193", "is_canonical": null}, {"name": "Soudanais", "bcp_47_code": "ln", "locale_id": "lang:005075", "is_canonical": true}, {"name": "ຊັນດານີສ", "bcp_47_code": "lo", "locale_id": "lang:002848", "is_canonical": null}, {"name": "sundų kalba", "bcp_47_code": "lt", "locale_id": "lang:000996", "is_canonical": null}, {"name": "സുൻഡനീസ്", "bcp_47_code": "ml", "locale_id": "lang:001880", "is_canonical": null}, {"name": "Сундан", "bcp_47_code": "mn", "locale_id": "lang:005506", "is_canonical": null}, {"name": "Sundaneză", "bcp_47_code": "mo", "locale_id": "lang:006592", "is_canonical": true}, {"name": "सुदानी", "bcp_47_code": "mr", "locale_id": "lang:003376", "is_canonical": null}, {"name": "ဆန်ဒါ", "bcp_47_code": "my", "locale_id": "lang:004196", "is_canonical": null}, {"name": "sundanesisk", "bcp_47_code": "nb", "locale_id": "lang:000958", "is_canonical": true}, {"name": "सुन्डानी", "bcp_47_code": "ne", "locale_id": "lang:004630", "is_canonical": null}, {"name": "ସୁଦାନିଜ୍", "bcp_47_code": "or", "locale_id": "lang:001930", "is_canonical": null}, {"name": "ਸੁਦੀਨੀ", "bcp_47_code": "pa", "locale_id": "lang:003658", "is_canonical": null}, {"name": "සුඩාන", "bcp_47_code": "si", "locale_id": "lang:000326", "is_canonical": null}, {"name": "Sundčina", "bcp_47_code": "sk", "locale_id": "lang:005464", "is_canonical": null}, {"name": "Sundaisht", "bcp_47_code": "sq", "locale_id": "lang:006275", "is_canonical": null}, {"name": "сунданска", "bcp_47_code": "sr", "locale_id": "lang:002701", "is_canonical": null}, {"name": "சுண்டனீஸ்", "bcp_47_code": "ta", "locale_id": "lang:002996", "is_canonical": null}, {"name": "సుండనీస్", "bcp_47_code": "te", "locale_id": "lang:000508", "is_canonical": null}, {"name": "Sundanese", "bcp_47_code": "tl", "locale_id": "lang:002540", "is_canonical": true}, {"name": "Sundaca", "bcp_47_code": "tr", "locale_id": "lang:000917", "is_canonical": null}, {"name": "巽他语（拉丁文）", "bcp_47_code": "cmn", "locale_id": "lang:004378", "is_canonical": null}, {"name": "i-Sundanese", "bcp_47_code": "zu", "locale_id": "lang:007247", "is_canonical": null}, {"name": "bahasa Sunda", "bcp_47_code": "id", "locale_id": "lang:005344", "is_canonical": null}, {"name": "Basa Sundha", "bcp_47_code": "jv", "locale_id": "lang:006418", "is_canonical": null}, {"name": "idioma sondanés", "bcp_47_code": "es", "locale_id": "lang:005944", "is_canonical": null}, {"name": "Idioma sundanés", "bcp_47_code": "an", "locale_id": "lang:000439", "is_canonical": true}, {"name": "język sundajski", "bcp_47_code": "pl", "locale_id": "lang:001433", "is_canonical": null}, {"name": "Lengua sundaneixe", "bcp_47_code": "lij", "locale_id": "lang:004453", "is_canonical": null}, {"name": "lingua sondanese", "bcp_47_code": "it", "locale_id": "lang:005147", "is_canonical": null}, {"name": "Luenga sondanesa", "bcp_47_code": "ext", "locale_id": "lang:004333", "is_canonical": true}, {"name": "língua sundanesa", "bcp_47_code": "pt", "locale_id": "lang:001977", "is_canonical": null}, {"name": "sunda lingvo", "bcp_47_code": "eo", "locale_id": "lang:001065", "is_canonical": null}, {"name": "Sunda simi", "bcp_47_code": "qu", "locale_id": "lang:000991", "is_canonical": null}, {"name": "sundan kieli", "bcp_47_code": "fi", "locale_id": "lang:005250", "is_canonical": null}, {"name": "sundanesische Sprache", "bcp_47_code": "de", "locale_id": "lang:006636", "is_canonical": null}, {"name": "sundski jezik", "bcp_47_code": "hr", "locale_id": "lang:001280", "is_canonical": null}, {"name": "sundu valoda", "bcp_47_code": "lv", "locale_id": "lang:006606", "is_canonical": null}, {"name": "сунданский язык", "bcp_47_code": "ru", "locale_id": "lang:006745", "is_canonical": null}, {"name": "سۇندا تىلى", "bcp_47_code": "ug", "locale_id": "lang:003330", "is_canonical": null}, {"name": "सुन्दा भाषा", "bcp_47_code": "hi", "locale_id": "lang:005010", "is_canonical": null}, {"name": "ภาษาซุนดา", "bcp_47_code": "th", "locale_id": "lang:000248", "is_canonical": null}, {"name": "სუნდური ენა", "bcp_47_code": "ka", "locale_id": "lang:005687", "is_canonical": null}, {"name": "巽他語", "bcp_47_code": "cmn", "locale_id": "lang:004378", "is_canonical": null}, {"name": "Mo", "bcp_47_code": "tn", "locale_id": "lang:004062", "is_canonical": true}, {"name": "SeSundane", "bcp_47_code": "tn", "locale_id": "lang:004062", "is_canonical": null}, {"name": "Basa Sunda", "bcp_47_code": "su", "locale_id": "lang:000207", "is_canonical": true}, {"name": "Sundanese", "bcp_47_code": "en", "locale_id": "lang:004172", "is_canonical": true}]