[{"name": "Suyá", "bcp_47_code": "en", "locale_id": "lang:004172", "is_canonical": true}, {"name": "suyá", "bcp_47_code": "fr", "locale_id": "lang:002512", "is_canonical": true}, {"name": "Lenga suyá", "bcp_47_code": "pms", "locale_id": "lang:003480", "is_canonical": true}, {"name": "суя", "bcp_47_code": "ru", "locale_id": "lang:006745", "is_canonical": true}, {"name": "suyà", "bcp_47_code": "it", "locale_id": "lang:005147", "is_canonical": true}, {"name": "Σουγιά γλώσσα", "bcp_47_code": "el", "locale_id": "lang:002331", "is_canonical": true}, {"name": "suja keel", "bcp_47_code": "et", "locale_id": "lang:007279", "is_canonical": true}, {"name": "Wikang Suyá", "bcp_47_code": "tl", "locale_id": "lang:002540", "is_canonical": true}, {"name": "língua suiá", "bcp_47_code": "pt", "locale_id": "lang:001977", "is_canonical": true}, {"name": "suyá", "bcp_47_code": "ca", "locale_id": "lang:000334", "is_canonical": true}, {"name": "suyà", "bcp_47_code": "vec", "locale_id": "lang:004329", "is_canonical": true}, {"name": "lingua suyà", "bcp_47_code": "it", "locale_id": "lang:005147", "is_canonical": null}, {"name": "suyá", "bcp_47_code": "it", "locale_id": "lang:005147", "is_canonical": null}, {"name": "lingua suyá", "bcp_47_code": "it", "locale_id": "lang:005147", "is_canonical": null}]