[{"name": "Nengone", "bcp_47_code": "en", "locale_id": "lang:004172", "is_canonical": true}, {"name": "nengone", "bcp_47_code": "fi", "locale_id": "lang:005250", "is_canonical": true}, {"name": "nengone", "bcp_47_code": "fr", "locale_id": "lang:002512", "is_canonical": true}, {"name": "Lenga Nengone", "bcp_47_code": "pms", "locale_id": "lang:003480", "is_canonical": true}, {"name": "nengone", "bcp_47_code": "ca", "locale_id": "lang:000334", "is_canonical": true}, {"name": "Kinengone", "bcp_47_code": "sw", "locale_id": "lang:001597", "is_canonical": true}, {"name": "ネンゴネ語", "bcp_47_code": "ja", "locale_id": "lang:005185", "is_canonical": true}, {"name": "Nengone", "bcp_47_code": "ilo", "locale_id": "lang:007408", "is_canonical": true}, {"name": "idioma nengone", "bcp_47_code": "es", "locale_id": "lang:005944", "is_canonical": true}, {"name": "Nengone", "bcp_47_code": "nl", "locale_id": "lang:006448", "is_canonical": true}, {"name": "nengone", "bcp_47_code": "oc", "locale_id": "lang:003832", "is_canonical": true}, {"name": "język nengone", "bcp_47_code": "pl", "locale_id": "lang:001433", "is_canonical": true}, {"name": "língua nengone", "bcp_47_code": "pt", "locale_id": "lang:001977", "is_canonical": true}]