[{"name": "Manide", "bcp_47_code": "en", "locale_id": "lang:004172", "is_canonical": true}, {"name": "Camarines Norte Agta", "bcp_47_code": "en", "locale_id": "lang:004172", "is_canonical": true}, {"name": "Camarines Norte Lingua agta", "bcp_47_code": "gl", "locale_id": "lang:006921", "is_canonical": true}, {"name": "camarines norte Lenga agta", "bcp_47_code": "pms", "locale_id": "lang:003480", "is_canonical": true}, {"name": "camarines norte agta", "bcp_47_code": "hr", "locale_id": "lang:001280", "is_canonical": true}, {"name": "Manide", "bcp_47_code": "li", "locale_id": "lang:000599", "is_canonical": true}, {"name": "Kimanide", "bcp_47_code": "sw", "locale_id": "lang:001597", "is_canonical": true}, {"name": "Manide", "bcp_47_code": "ilo", "locale_id": "lang:007408", "is_canonical": true}, {"name": "Wikang Manide", "bcp_47_code": "tl", "locale_id": "lang:002540", "is_canonical": true}, {"name": "manide", "bcp_47_code": "fr", "locale_id": "lang:002512", "is_canonical": true}, {"name": "agta de camarines norte", "bcp_47_code": "es", "locale_id": "lang:005944", "is_canonical": true}, {"name": "Tataramon na Manide", "bcp_47_code": "bcl", "locale_id": "lang:005135", "is_canonical": true}, {"name": "język manide", "bcp_47_code": "pl", "locale_id": "lang:001433", "is_canonical": true}, {"name": "曼尼德語", "bcp_47_code": "cmn", "locale_id": "lang:004378", "is_canonical": true}, {"name": "língua manide", "bcp_47_code": "pt", "locale_id": "lang:001977", "is_canonical": true}, {"name": "Ikimanide", "bcp_47_code": "rw", "locale_id": "lang:005054", "is_canonical": true}, {"name": "Camarines Norte Agta", "bcp_47_code": "gl", "locale_id": "lang:006921", "is_canonical": null}, {"name": "manide jezik", "bcp_47_code": "hr", "locale_id": "lang:001280", "is_canonical": null}, {"name": "North Camarines Agta", "bcp_47_code": "en", "locale_id": "lang:004172", "is_canonical": null}, {"name": "agta de camarines-nord", "bcp_47_code": "fr", "locale_id": "lang:002512", "is_canonical": null}, {"name": "Ikinyamanideki", "bcp_47_code": "rw", "locale_id": "lang:005054", "is_canonical": null}, {"name": "Ikimanideki", "bcp_47_code": "rw", "locale_id": "lang:005054", "is_canonical": null}, {"name": "Ikinyamanide", "bcp_47_code": "rw", "locale_id": "lang:005054", "is_canonical": null}]