[{"name": "Majera", "bcp_47_code": "en", "locale_id": "lang:004172", "is_canonical": true}, {"name": "Kimajera", "bcp_47_code": "sw", "locale_id": "lang:001597", "is_canonical": true}, {"name": "Lenga Majera", "bcp_47_code": "pms", "locale_id": "lang:003480", "is_canonical": true}, {"name": "маджера", "bcp_47_code": "ru", "locale_id": "lang:006745", "is_canonical": true}, {"name": "madjereg", "bcp_47_code": "br", "locale_id": "lang:003643", "is_canonical": true}, {"name": "majera", "bcp_47_code": "fr", "locale_id": "lang:002512", "is_canonical": true}, {"name": "majera jezik", "bcp_47_code": "hr", "locale_id": "lang:001280", "is_canonical": true}, {"name": "Wikang Majera", "bcp_47_code": "tl", "locale_id": "lang:002540", "is_canonical": true}, {"name": "Majera", "bcp_47_code": "ig", "locale_id": "lang:002832", "is_canonical": true}, {"name": "asụsụ majera", "bcp_47_code": "ig", "locale_id": "lang:002832", "is_canonical": null}]