[{"name": "Iwur", "bcp_47_code": "en", "locale_id": "lang:004172", "is_canonical": true}, {"name": "Morop-Dintere", "bcp_47_code": "en", "locale_id": "lang:004172", "is_canonical": true}, {"name": "Lenga Iwur", "bcp_47_code": "pms", "locale_id": "lang:003480", "is_canonical": true}, {"name": "Kimorop", "bcp_47_code": "sw", "locale_id": "lang:001597", "is_canonical": true}, {"name": "język iwur", "bcp_47_code": "pl", "locale_id": "lang:001433", "is_canonical": true}, {"name": "Iwur", "bcp_47_code": "ilo", "locale_id": "lang:007408", "is_canonical": true}, {"name": "Iwoer", "bcp_47_code": "id", "locale_id": "lang:005344", "is_canonical": true}, {"name": "iwur", "bcp_47_code": "fr", "locale_id": "lang:002512", "is_canonical": true}, {"name": "moropi keel", "bcp_47_code": "et", "locale_id": "lang:007279", "is_canonical": true}, {"name": "bahasa Iwoer", "bcp_47_code": "id", "locale_id": "lang:005344", "is_canonical": null}, {"name": "bahasa Iwur", "bcp_47_code": "id", "locale_id": "lang:005344", "is_canonical": null}]