[{"name": "Tolowa", "bcp_47_code": "en", "locale_id": "lang:004172", "is_canonical": true}, {"name": "Tolowa-Chetco", "bcp_47_code": "en", "locale_id": "lang:004172", "is_canonical": true}, {"name": "Lenga tolowa", "bcp_47_code": "pms", "locale_id": "lang:003480", "is_canonical": true}, {"name": "Tolowa spriak", "bcp_47_code": "frr", "locale_id": "lang:007274", "is_canonical": true}, {"name": "tolowa", "bcp_47_code": "es", "locale_id": "lang:005944", "is_canonical": true}, {"name": "Tolowa", "bcp_47_code": "de", "locale_id": "lang:006636", "is_canonical": true}, {"name": "Tolowa", "bcp_47_code": "nl", "locale_id": "lang:006448", "is_canonical": true}, {"name": "tolowa", "bcp_47_code": "fr", "locale_id": "lang:002512", "is_canonical": true}, {"name": "толова", "bcp_47_code": "ru", "locale_id": "lang:006745", "is_canonical": true}, {"name": "tolowa", "bcp_47_code": "ca", "locale_id": "lang:000334", "is_canonical": true}, {"name": "lingua tolowa-chetco", "bcp_47_code": "it", "locale_id": "lang:005147", "is_canonical": true}, {"name": "托洛瓦語", "bcp_47_code": "cmn", "locale_id": "lang:004378", "is_canonical": true}, {"name": "língua tolowa", "bcp_47_code": "pt", "locale_id": "lang:001977", "is_canonical": true}, {"name": "Wikang Tolowa", "bcp_47_code": "tl", "locale_id": "lang:002540", "is_canonical": true}, {"name": "tolowa", "bcp_47_code": "nb", "locale_id": "lang:000958", "is_canonical": true}, {"name": "Tolowa dili", "bcp_47_code": "tr", "locale_id": "lang:000917", "is_canonical": true}, {"name": "tolowa-chetco", "bcp_47_code": "vec", "locale_id": "lang:004329", "is_canonical": true}, {"name": "Chetco", "bcp_47_code": "en", "locale_id": "lang:004172", "is_canonical": null}, {"name": "chetco-tolowa", "bcp_47_code": "fr", "locale_id": "lang:002512", "is_canonical": null}, {"name": "siletz dee-ni", "bcp_47_code": "fr", "locale_id": "lang:002512", "is_canonical": null}]