[{"name": "аоромо", "bcp_47_code": "ab", "locale_id": "lang:006291", "is_canonical": true}, {"name": "Oromo", "bcp_47_code": "af", "locale_id": "lang:006849", "is_canonical": true}, {"name": "ኦሮሞኛ", "bcp_47_code": "am", "locale_id": "lang:000379", "is_canonical": true}, {"name": "الأورومية", "bcp_47_code": "ar", "locale_id": "lang:000884", "is_canonical": true}, {"name": "ওৰোমো", "bcp_47_code": "as", "locale_id": "lang:003208", "is_canonical": true}, {"name": "oromo", "bcp_47_code": "ast", "locale_id": "lang:006965", "is_canonical": true}, {"name": "oromo", "bcp_47_code": "az", "locale_id": "lang:000492", "is_canonical": true}, {"name": "арома", "bcp_47_code": "be", "locale_id": "lang:004942", "is_canonical": true}, {"name": "оромо", "bcp_47_code": "bg", "locale_id": "lang:003294", "is_canonical": true}, {"name": "اورومویی", "bcp_47_code": "bgn", "locale_id": "lang:004443", "is_canonical": true}, {"name": "অরোমো", "bcp_47_code": "bn", "locale_id": "lang:000178", "is_canonical": true}, {"name": "oromoeg", "bcp_47_code": "br", "locale_id": "lang:003643", "is_canonical": true}, {"name": "अरम’", "bcp_47_code": "brx", "locale_id": "lang:003716", "is_canonical": true}, {"name": "oromo", "bcp_47_code": "bs", "locale_id": "lang:005177", "is_canonical": true}, {"name": "ኦሮምኛ", "bcp_47_code": "byn", "locale_id": "lang:001586", "is_canonical": true}, {"name": "oromo", "bcp_47_code": "ca", "locale_id": "lang:000334", "is_canonical": true}, {"name": "𑄃𑄧𑄢𑄮𑄟𑄮", "bcp_47_code": "ccp", "locale_id": "lang:004815", "is_canonical": true}, {"name": "оромо", "bcp_47_code": "ce", "locale_id": "lang:000120", "is_canonical": true}, {"name": "ᎣᎶᎼ", "bcp_47_code": "chr", "locale_id": "lang:004490", "is_canonical": true}, {"name": "ئۆرۆمۆ", "bcp_47_code": "ckb", "locale_id": "lang:002255", "is_canonical": true}, {"name": "oromština", "bcp_47_code": "cs", "locale_id": "lang:007371", "is_canonical": true}, {"name": "Oromo", "bcp_47_code": "cy", "locale_id": "lang:005257", "is_canonical": true}, {"name": "oromo", "bcp_47_code": "da", "locale_id": "lang:006478", "is_canonical": true}, {"name": "Oromo", "bcp_47_code": "de", "locale_id": "lang:006636", "is_canonical": true}, {"name": "oromo", "bcp_47_code": "dsb", "locale_id": "lang:007093", "is_canonical": true}, {"name": "Ορόμο", "bcp_47_code": "el", "locale_id": "lang:002331", "is_canonical": true}, {"name": "oroma", "bcp_47_code": "eo", "locale_id": "lang:001065", "is_canonical": true}, {"name": "oromo", "bcp_47_code": "es", "locale_id": "lang:005944", "is_canonical": true}, {"name": "oromo", "bcp_47_code": "et", "locale_id": "lang:007279", "is_canonical": true}, {"name": "oromoera", "bcp_47_code": "eu", "locale_id": "lang:004920", "is_canonical": true}, {"name": "اورومویی", "bcp_47_code": "fa", "locale_id": "lang:005211", "is_canonical": true}, {"name": "oromo", "bcp_47_code": "fi", "locale_id": "lang:005250", "is_canonical": true}, {"name": "Oromo", "bcp_47_code": "fil", "locale_id": "lang:004854", "is_canonical": true}, {"name": "oromo", "bcp_47_code": "fo", "locale_id": "lang:005789", "is_canonical": true}, {"name": "oromo", "bcp_47_code": "fr", "locale_id": "lang:002512", "is_canonical": true}, {"name": "Oromo", "bcp_47_code": "fy", "locale_id": "lang:000608", "is_canonical": true}, {"name": "Oraimis", "bcp_47_code": "ga", "locale_id": "lang:005513", "is_canonical": true}, {"name": "Oromo", "bcp_47_code": "gd", "locale_id": "lang:005113", "is_canonical": true}, {"name": "ኦሮምኛ", "bcp_47_code": "gez", "locale_id": null, "is_canonical": true}, {"name": "oromo", "bcp_47_code": "gl", "locale_id": "lang:006921", "is_canonical": true}, {"name": "Oromo", "bcp_47_code": "gsw", "locale_id": "lang:006414", "is_canonical": true}, {"name": "ઓરોમો", "bcp_47_code": "gu", "locale_id": "lang:006797", "is_canonical": true}, {"name": "Oromo", "bcp_47_code": "ha", "locale_id": "lang:006769", "is_canonical": true}, {"name": "אורומו", "bcp_47_code": "he", "locale_id": "lang:000780", "is_canonical": true}, {"name": "ओरोमो", "bcp_47_code": "hi", "locale_id": "lang:005010", "is_canonical": true}, {"name": "oromski", "bcp_47_code": "hr", "locale_id": "lang:001280", "is_canonical": true}, {"name": "oromo", "bcp_47_code": "hsb", "locale_id": "lang:002868", "is_canonical": true}, {"name": "oromo", "bcp_47_code": "hu", "locale_id": "lang:004445", "is_canonical": true}, {"name": "օրոմո", "bcp_47_code": "hy", "locale_id": "lang:006918", "is_canonical": true}, {"name": "oromo", "bcp_47_code": "ia", "locale_id": "lang:008680", "is_canonical": true}, {"name": "Oromo", "bcp_47_code": "id", "locale_id": "lang:005344", "is_canonical": true}, {"name": "Ọromo", "bcp_47_code": "ig", "locale_id": "lang:002832", "is_canonical": true}, {"name": "oromo", "bcp_47_code": "is", "locale_id": "lang:006417", "is_canonical": true}, {"name": "oromo", "bcp_47_code": "it", "locale_id": "lang:005147", "is_canonical": true}, {"name": "オロモ語", "bcp_47_code": "ja", "locale_id": "lang:005185", "is_canonical": true}, {"name": "Oromo", "bcp_47_code": "jv", "locale_id": "lang:006418", "is_canonical": true}, {"name": "ორომო", "bcp_47_code": "ka", "locale_id": "lang:005687", "is_canonical": true}, {"name": "Turumut", "bcp_47_code": "kab", "locale_id": "lang:002124", "is_canonical": true}, {"name": "oromo", "bcp_47_code": "kea", "locale_id": "lang:000423", "is_canonical": true}, {"name": "orãmũ", "bcp_47_code": "kgp", "locale_id": "lang:005254", "is_canonical": true}, {"name": "оромо тілі", "bcp_47_code": "kk", "locale_id": "lang:001017", "is_canonical": true}, {"name": "អូរ៉ូម៉ូ", "bcp_47_code": "km", "locale_id": "lang:000690", "is_canonical": true}, {"name": "ಒರೊಮೊ", "bcp_47_code": "kn", "locale_id": "lang:006289", "is_canonical": true}, {"name": "오로모어", "bcp_47_code": "ko", "locale_id": "lang:000685", "is_canonical": true}, {"name": "ओरोमो", "bcp_47_code": "kok", "locale_id": "lang:001978", "is_canonical": true}, {"name": "اۆرومو", "bcp_47_code": "ks", "locale_id": "lang:004361", "is_canonical": true}, {"name": "oromoyî", "bcp_47_code": "ku", "locale_id": "lang:003565", "is_canonical": true}, {"name": "оромочо", "bcp_47_code": "ky", "locale_id": "lang:003193", "is_canonical": true}, {"name": "Oromo", "bcp_47_code": "lb", "locale_id": "lang:003324", "is_canonical": true}, {"name": "oromo", "bcp_47_code": "lij", "locale_id": "lang:004453", "is_canonical": true}, {"name": "ໂອໂຣໂມ", "bcp_47_code": "lo", "locale_id": "lang:002848", "is_canonical": true}, {"name": "ئوروموٙ", "bcp_47_code": "lrc", "locale_id": "lang:001958", "is_canonical": true}, {"name": "oromų", "bcp_47_code": "lt", "locale_id": "lang:000996", "is_canonical": true}, {"name": "oromu", "bcp_47_code": "lv", "locale_id": "lang:006606", "is_canonical": true}, {"name": "ओरोमो", "bcp_47_code": "mai", "locale_id": "lang:005797", "is_canonical": true}, {"name": "Ōromo", "bcp_47_code": "mi", "locale_id": "lang:005897", "is_canonical": true}, {"name": "оромо", "bcp_47_code": "mk", "locale_id": "lang:001683", "is_canonical": true}, {"name": "ഒറോമോ", "bcp_47_code": "ml", "locale_id": "lang:001880", "is_canonical": true}, {"name": "оромо", "bcp_47_code": "mn", "locale_id": "lang:005506", "is_canonical": true}, {"name": "ओरोमो", "bcp_47_code": "mr", "locale_id": "lang:003376", "is_canonical": true}, {"name": "Oromo", "bcp_47_code": "ms", "locale_id": "lang:001263", "is_canonical": true}, {"name": "Oromo", "bcp_47_code": "mt", "locale_id": "lang:004371", "is_canonical": true}, {"name": "အိုရိုမို", "bcp_47_code": "my", "locale_id": "lang:004196", "is_canonical": true}, {"name": "اورومو", "bcp_47_code": "mzn", "locale_id": "lang:005912", "is_canonical": true}, {"name": "Oromo", "bcp_47_code": "nds", "locale_id": "lang:001710", "is_canonical": true}, {"name": "ओरोमो", "bcp_47_code": "ne", "locale_id": "lang:004630", "is_canonical": true}, {"name": "Afaan Oromo", "bcp_47_code": "nl", "locale_id": "lang:006448", "is_canonical": true}, {"name": "oromo", "bcp_47_code": "no", "locale_id": "lang:002536", "is_canonical": true}, {"name": "ߏߙߏߡߏߞߊ߲", "bcp_47_code": "nqo", "locale_id": "lang:006401", "is_canonical": true}, {"name": "Oromoo", "bcp_47_code": "om", "locale_id": "lang:000417", "is_canonical": null}, {"name": "ଓରୋମୋ", "bcp_47_code": "or", "locale_id": "lang:001930", "is_canonical": true}, {"name": "ਓਰੋਮੋ", "bcp_47_code": "pa", "locale_id": "lang:003658", "is_canonical": true}, {"name": "Orómó", "bcp_47_code": "pcm", "locale_id": "lang:002108", "is_canonical": true}, {"name": "oromo", "bcp_47_code": "pl", "locale_id": "lang:001433", "is_canonical": true}, {"name": "اورومو", "bcp_47_code": "ps", "locale_id": "lang:006281", "is_canonical": true}, {"name": "oromo", "bcp_47_code": "pt", "locale_id": "lang:001977", "is_canonical": true}, {"name": "Oromo Simi", "bcp_47_code": "qu", "locale_id": "lang:000991", "is_canonical": true}, {"name": "oromo", "bcp_47_code": "rm", "locale_id": "lang:004318", "is_canonical": true}, {"name": "oromo", "bcp_47_code": "ro", "locale_id": "lang:006592", "is_canonical": true}, {"name": "оромо", "bcp_47_code": "ru", "locale_id": "lang:006745", "is_canonical": true}, {"name": "ᱳᱨᱳᱢᱚ", "bcp_47_code": "sat", "locale_id": "lang:006025", "is_canonical": true}, {"name": "oromo", "bcp_47_code": "sc", "locale_id": "lang:000376", "is_canonical": true}, {"name": "اورومو", "bcp_47_code": "sd", "locale_id": "lang:002987", "is_canonical": true}, {"name": "ඔරොමෝ", "bcp_47_code": "si", "locale_id": "lang:000326", "is_canonical": true}, {"name": "oromčina", "bcp_47_code": "sk", "locale_id": "lang:005464", "is_canonical": true}, {"name": "oromo", "bcp_47_code": "sl", "locale_id": "lang:004352", "is_canonical": true}, {"name": "oromokielâ", "bcp_47_code": "smn", "locale_id": "lang:000203", "is_canonical": true}, {"name": "Oromo", "bcp_47_code": "so", "locale_id": "lang:000435", "is_canonical": true}, {"name": "oromoisht", "bcp_47_code": "sq", "locale_id": "lang:006275", "is_canonical": true}, {"name": "оромо", "bcp_47_code": "sr", "locale_id": "lang:002701", "is_canonical": true}, {"name": "oromo", "bcp_47_code": "sv", "locale_id": "lang:004782", "is_canonical": true}, {"name": "Kioromo", "bcp_47_code": "sw", "locale_id": "lang:001597", "is_canonical": true}, {"name": "ܐܘܪܘܡܘܐܝܬ", "bcp_47_code": "syr", "locale_id": "lang:004211", "is_canonical": true}, {"name": "ôrōmo", "bcp_47_code": "szl", "locale_id": "lang:002207", "is_canonical": true}, {"name": "ஒரோமோ", "bcp_47_code": "ta", "locale_id": "lang:002996", "is_canonical": true}, {"name": "ఒరోమో", "bcp_47_code": "te", "locale_id": "lang:000508", "is_canonical": true}, {"name": "оромо", "bcp_47_code": "tg", "locale_id": "lang:002532", "is_canonical": true}, {"name": "โอโรโม", "bcp_47_code": "th", "locale_id": "lang:000248", "is_canonical": true}, {"name": "ኦሮሞ", "bcp_47_code": "ti", "locale_id": "lang:002196", "is_canonical": true}, {"name": "ኦሮምኛ", "bcp_47_code": "tig", "locale_id": "lang:005434", "is_canonical": true}, {"name": "oromo dili", "bcp_47_code": "tk", "locale_id": "lang:002001", "is_canonical": true}, {"name": "lea fakaʻolomo", "bcp_47_code": "to", "locale_id": "lang:006037", "is_canonical": true}, {"name": "Oromo dili", "bcp_47_code": "tr", "locale_id": "lang:000917", "is_canonical": true}, {"name": "оромо", "bcp_47_code": "tt", "locale_id": "lang:003939", "is_canonical": true}, {"name": "ئوروموچە", "bcp_47_code": "ug", "locale_id": "lang:003330", "is_canonical": true}, {"name": "оромо", "bcp_47_code": "uk", "locale_id": "lang:001994", "is_canonical": true}, {"name": "اورومو", "bcp_47_code": "ur", "locale_id": "lang:001103", "is_canonical": true}, {"name": "oromo", "bcp_47_code": "uz", "locale_id": "lang:003386", "is_canonical": true}, {"name": "tiếng Oromo", "bcp_47_code": "vi", "locale_id": "lang:004523", "is_canonical": true}, {"name": "Oromo", "bcp_47_code": "wo", "locale_id": "lang:003933", "is_canonical": true}, {"name": "Òròmọ́", "bcp_47_code": "yo", "locale_id": "lang:003132", "is_canonical": true}, {"name": "urumu", "bcp_47_code": "yrl", "locale_id": "lang:006863", "is_canonical": true}, {"name": "奧羅莫文", "bcp_47_code": "yue", "locale_id": "lang:005108", "is_canonical": true}, {"name": "奥罗莫语", "bcp_47_code": "cmn", "locale_id": "lang:004378", "is_canonical": true}, {"name": "isi-Oromo", "bcp_47_code": "zu", "locale_id": "lang:007247", "is_canonical": true}, {"name": "Afaan Oromoo", "bcp_47_code": "om", "locale_id": "lang:000417", "is_canonical": true}, {"name": "Oromo", "bcp_47_code": "en", "locale_id": "lang:004172", "is_canonical": true}]