[{"name": "Adi", "bcp_47_code": "en", "locale_id": "lang:004172", "is_canonical": true}, {"name": "Bori-Karko", "bcp_47_code": "en", "locale_id": "lang:004172", "is_canonical": true}, {"name": "Lenga Adi", "bcp_47_code": "pms", "locale_id": "lang:003480", "is_canonical": true}, {"name": "adeg", "bcp_47_code": "br", "locale_id": "lang:003643", "is_canonical": true}, {"name": "adi keel", "bcp_47_code": "et", "locale_id": "lang:007279", "is_canonical": true}, {"name": "adi jezik", "bcp_47_code": "hr", "locale_id": "lang:001280", "is_canonical": true}, {"name": "Kiadi", "bcp_47_code": "sw", "locale_id": "lang:001597", "is_canonical": true}, {"name": "アディ語", "bcp_47_code": "ja", "locale_id": "lang:005185", "is_canonical": true}, {"name": "Adi", "bcp_47_code": "ace", "locale_id": "lang:002724", "is_canonical": true}, {"name": "Adi", "bcp_47_code": "af", "locale_id": "lang:006849", "is_canonical": true}, {"name": "Adi", "bcp_47_code": "an", "locale_id": "lang:000439", "is_canonical": true}, {"name": "Adi", "bcp_47_code": "bar", "locale_id": "lang:002296", "is_canonical": true}, {"name": "Adi", "bcp_47_code": "co", "locale_id": "lang:006406", "is_canonical": true}, {"name": "Adi", "bcp_47_code": "cy", "locale_id": "lang:005257", "is_canonical": true}, {"name": "Adi", "bcp_47_code": "de", "locale_id": "lang:006636", "is_canonical": true}, {"name": "Adi", "bcp_47_code": "frp", "locale_id": "lang:006722", "is_canonical": true}, {"name": "Adi", "bcp_47_code": "fur", "locale_id": "lang:004668", "is_canonical": true}, {"name": "Adi", "bcp_47_code": "ga", "locale_id": "lang:005513", "is_canonical": true}, {"name": "Adi", "bcp_47_code": "gd", "locale_id": "lang:005113", "is_canonical": true}, {"name": "Adi", "bcp_47_code": "gl", "locale_id": "lang:006921", "is_canonical": true}, {"name": "Adi", "bcp_47_code": "gsw", "locale_id": "lang:006414", "is_canonical": true}, {"name": "Adi", "bcp_47_code": "id", "locale_id": "lang:005344", "is_canonical": true}, {"name": "Adi", "bcp_47_code": "ie", "locale_id": "lang:008683", "is_canonical": true}, {"name": "Adi", "bcp_47_code": "io", "locale_id": "lang:009754", "is_canonical": true}, {"name": "Adi", "bcp_47_code": "jv", "locale_id": "lang:006418", "is_canonical": true}, {"name": "Adi", "bcp_47_code": "kg", "locale_id": "lang:000640", "is_canonical": true}, {"name": "Adi", "bcp_47_code": "lb", "locale_id": "lang:003324", "is_canonical": true}, {"name": "Adi", "bcp_47_code": "li", "locale_id": "lang:000599", "is_canonical": true}, {"name": "Adi", "bcp_47_code": "lij", "locale_id": "lang:004453", "is_canonical": true}, {"name": "Adi", "bcp_47_code": "mg", "locale_id": "lang:001318", "is_canonical": true}, {"name": "Adi", "bcp_47_code": "min", "locale_id": "lang:006057", "is_canonical": true}, {"name": "Adi", "bcp_47_code": "ms", "locale_id": "lang:001263", "is_canonical": true}, {"name": "Adi", "bcp_47_code": "nds", "locale_id": "lang:001710", "is_canonical": true}, {"name": "Adi", "bcp_47_code": "nl", "locale_id": "lang:006448", "is_canonical": true}, {"name": "Adi", "bcp_47_code": "nrm", "locale_id": "lang:003955", "is_canonical": true}, {"name": "Adi", "bcp_47_code": "pcd", "locale_id": "lang:004673", "is_canonical": true}, {"name": "Adi", "bcp_47_code": "rm", "locale_id": "lang:004318", "is_canonical": true}, {"name": "Adi", "bcp_47_code": "sc", "locale_id": "lang:000376", "is_canonical": true}, {"name": "Adi", "bcp_47_code": "scn", "locale_id": "lang:002425", "is_canonical": true}, {"name": "Adi", "bcp_47_code": "sco", "locale_id": "lang:003876", "is_canonical": true}, {"name": "Adi", "bcp_47_code": "sk", "locale_id": "lang:005464", "is_canonical": true}, {"name": "Adi", "bcp_47_code": "sl", "locale_id": "lang:004352", "is_canonical": true}, {"name": "Adi", "bcp_47_code": "su", "locale_id": "lang:000207", "is_canonical": true}, {"name": "Adi", "bcp_47_code": "vi", "locale_id": "lang:004523", "is_canonical": true}, {"name": "Adi", "bcp_47_code": "vls", "locale_id": "lang:000883", "is_canonical": true}, {"name": "Adi", "bcp_47_code": "vo", "locale_id": "lang:008677", "is_canonical": true}, {"name": "Adi", "bcp_47_code": "wo", "locale_id": "lang:003933", "is_canonical": true}, {"name": "Adi", "bcp_47_code": "zu", "locale_id": "lang:007247", "is_canonical": true}, {"name": "Wikang Adi", "bcp_47_code": "tl", "locale_id": "lang:002540", "is_canonical": true}, {"name": "तंगम भाषा", "bcp_47_code": "hi", "locale_id": "lang:005010", "is_canonical": true}, {"name": "ادی بولی", "bcp_47_code": "pnb", "locale_id": "lang:003334", "is_canonical": true}, {"name": "阿迪语", "bcp_47_code": "cmn", "locale_id": "lang:004378", "is_canonical": true}, {"name": "ਤੰਗਮ", "bcp_47_code": "pa", "locale_id": "lang:003658", "is_canonical": true}, {"name": "আদি ভাষা", "bcp_47_code": "bn", "locale_id": "lang:000178", "is_canonical": true}, {"name": "അടി", "bcp_47_code": "ml", "locale_id": "lang:001880", "is_canonical": true}, {"name": "Adi", "bcp_47_code": "ig", "locale_id": "lang:002832", "is_canonical": true}, {"name": "אבור", "bcp_47_code": "he", "locale_id": "lang:000780", "is_canonical": true}, {"name": "Abor", "bcp_47_code": "en", "locale_id": "lang:004172", "is_canonical": null}, {"name": "abor", "bcp_47_code": "fr", "locale_id": "lang:002512", "is_canonical": null}, {"name": "lhoba", "bcp_47_code": "fr", "locale_id": "lang:002512", "is_canonical": null}, {"name": "ਤੰਗਮ ਭਾਸ਼ਾ", "bcp_47_code": "pa", "locale_id": "lang:003658", "is_canonical": null}, {"name": "asụsụ Adi", "bcp_47_code": "ig", "locale_id": "lang:002832", "is_canonical": null}, {"name": "आदि भाषा", "bcp_47_code": "hi", "locale_id": "lang:005010", "is_canonical": null}]