[{"name": "Bangla", "bcp_47_code": "en", "locale_id": "lang:004172", "is_canonical": null}, {"name": "абенгал", "bcp_47_code": "ab", "locale_id": "lang:006291", "is_canonical": true}, {"name": "Bengaals", "bcp_47_code": "af", "locale_id": "lang:006849", "is_canonical": true}, {"name": "Bɨ̀ŋgalì", "bcp_47_code": "agq", "locale_id": "lang:004648", "is_canonical": true}, {"name": "Bengali kasa", "bcp_47_code": "ak", "locale_id": "lang:002020", "is_canonical": true}, {"name": "ቤንጋሊኛ", "bcp_47_code": "am", "locale_id": "lang:000379", "is_canonical": true}, {"name": "bengalí", "bcp_47_code": "an", "locale_id": "lang:000439", "is_canonical": true}, {"name": "البنغالية", "bcp_47_code": "ar", "locale_id": "lang:000884", "is_canonical": true}, {"name": "বাংলা", "bcp_47_code": "as", "locale_id": "lang:003208", "is_canonical": true}, {"name": "Kibangla", "bcp_47_code": "asa", "locale_id": "lang:007029", "is_canonical": true}, {"name": "bengalín", "bcp_47_code": "ast", "locale_id": "lang:006965", "is_canonical": true}, {"name": "benqal", "bcp_47_code": "az", "locale_id": "lang:000492", "is_canonical": true}, {"name": "Hɔp u bɛŋgàli", "bcp_47_code": "bas", "locale_id": "lang:003426", "is_canonical": true}, {"name": "бенгальская", "bcp_47_code": "be", "locale_id": "lang:004942", "is_canonical": true}, {"name": "Ichi Bengali", "bcp_47_code": "bem", "locale_id": "lang:003222", "is_canonical": true}, {"name": "Hibangla", "bcp_47_code": "bez", "locale_id": "lang:005069", "is_canonical": true}, {"name": "бенгалски", "bcp_47_code": "bg", "locale_id": "lang:003294", "is_canonical": true}, {"name": "بنگالی", "bcp_47_code": "bgn", "locale_id": "lang:004443", "is_canonical": true}, {"name": "bɛngalikan", "bcp_47_code": "bm", "locale_id": "lang:005431", "is_canonical": true}, {"name": "བྷང་ག་ལའི་སྐད།", "bcp_47_code": "bo", "locale_id": "lang:002395", "is_canonical": true}, {"name": "bengali", "bcp_47_code": "br", "locale_id": "lang:003643", "is_canonical": true}, {"name": "बांला", "bcp_47_code": "brx", "locale_id": "lang:003716", "is_canonical": true}, {"name": "bengalski", "bcp_47_code": "bs", "locale_id": "lang:005177", "is_canonical": true}, {"name": "በንጋሊኛ", "bcp_47_code": "byn", "locale_id": "lang:001586", "is_canonical": true}, {"name": "bengalí", "bcp_47_code": "ca", "locale_id": "lang:000334", "is_canonical": true}, {"name": "𑄝𑄁𑄣", "bcp_47_code": "ccp", "locale_id": "lang:004815", "is_canonical": true}, {"name": "бенгалийн", "bcp_47_code": "ce", "locale_id": "lang:000120", "is_canonical": true}, {"name": "Bangla", "bcp_47_code": "ceb", "locale_id": "lang:006077", "is_canonical": true}, {"name": "Orubengari", "bcp_47_code": "cgg", "locale_id": "lang:005459", "is_canonical": true}, {"name": "ᏇᏂᎦᎳ", "bcp_47_code": "chr", "locale_id": "lang:004490", "is_canonical": true}, {"name": "بەنگلادێشی", "bcp_47_code": "ckb", "locale_id": "lang:002255", "is_canonical": true}, {"name": "bengálština", "bcp_47_code": "cs", "locale_id": "lang:007371", "is_canonical": true}, {"name": "бенгал", "bcp_47_code": "cv", "locale_id": "lang:003469", "is_canonical": true}, {"name": "Bengaleg", "bcp_47_code": "cy", "locale_id": "lang:005257", "is_canonical": true}, {"name": "bengali", "bcp_47_code": "da", "locale_id": "lang:006478", "is_canonical": true}, {"name": "Kibangla", "bcp_47_code": "dav", "locale_id": "lang:003374", "is_canonical": true}, {"name": "Bengalisch", "bcp_47_code": "de", "locale_id": "lang:006636", "is_canonical": true}, {"name": "Bengali senni", "bcp_47_code": "dje", "locale_id": "lang:004856", "is_canonical": true}, {"name": "bengalšćina", "bcp_47_code": "dsb", "locale_id": "lang:007093", "is_canonical": true}, {"name": "bengali", "bcp_47_code": "dyo", "locale_id": "lang:003346", "is_canonical": true}, {"name": "བངྒ་ལ་ཁ", "bcp_47_code": "dz", "locale_id": "lang:001019", "is_canonical": true}, {"name": "Kĩbangla", "bcp_47_code": "ebu", "locale_id": "lang:007173", "is_canonical": true}, {"name": "Bengaligbe", "bcp_47_code": "ee", "locale_id": "lang:007099", "is_canonical": true}, {"name": "Βεγγαλικά", "bcp_47_code": "el", "locale_id": "lang:002331", "is_canonical": true}, {"name": "bengala", "bcp_47_code": "eo", "locale_id": "lang:001065", "is_canonical": true}, {"name": "bengalí", "bcp_47_code": "es", "locale_id": "lang:005944", "is_canonical": true}, {"name": "bengali", "bcp_47_code": "et", "locale_id": "lang:007279", "is_canonical": true}, {"name": "bengalera", "bcp_47_code": "eu", "locale_id": "lang:004920", "is_canonical": true}, {"name": "Ǹkɔ́bɔ bɛngalí", "bcp_47_code": "ewo", "locale_id": "lang:001026", "is_canonical": true}, {"name": "بنگالی", "bcp_47_code": "fa", "locale_id": "lang:005211", "is_canonical": true}, {"name": "Bengali", "bcp_47_code": "ff", "locale_id": "lang:002404", "is_canonical": true}, {"name": "bengali", "bcp_47_code": "fi", "locale_id": "lang:005250", "is_canonical": true}, {"name": "Bangla", "bcp_47_code": "fil", "locale_id": "lang:004854", "is_canonical": true}, {"name": "bangla", "bcp_47_code": "fo", "locale_id": "lang:005789", "is_canonical": true}, {"name": "bengali", "bcp_47_code": "fr", "locale_id": "lang:002512", "is_canonical": true}, {"name": "Bengaals", "bcp_47_code": "frr", "locale_id": "lang:007274", "is_canonical": true}, {"name": "bengalês", "bcp_47_code": "fur", "locale_id": "lang:004668", "is_canonical": true}, {"name": "Bengaalsk", "bcp_47_code": "fy", "locale_id": "lang:000608", "is_canonical": true}, {"name": "Beangáilis", "bcp_47_code": "ga", "locale_id": "lang:005513", "is_canonical": true}, {"name": "Bangla", "bcp_47_code": "gaa", "locale_id": "lang:006506", "is_canonical": true}, {"name": "Bangla", "bcp_47_code": "gd", "locale_id": "lang:005113", "is_canonical": true}, {"name": "በንጋሊኛ", "bcp_47_code": "gez", "locale_id": null, "is_canonical": true}, {"name": "bengalí", "bcp_47_code": "gl", "locale_id": "lang:006921", "is_canonical": true}, {"name": "Bengalisch", "bcp_47_code": "gsw", "locale_id": "lang:006414", "is_canonical": true}, {"name": "બાંગ્લા", "bcp_47_code": "gu", "locale_id": "lang:006797", "is_canonical": true}, {"name": "Kibangla", "bcp_47_code": "guz", "locale_id": "lang:004898", "is_canonical": true}, {"name": "Bengali", "bcp_47_code": "ha", "locale_id": "lang:006769", "is_canonical": true}, {"name": "בנגלית", "bcp_47_code": "he", "locale_id": "lang:000780", "is_canonical": true}, {"name": "बंगाली", "bcp_47_code": "hi", "locale_id": "lang:005010", "is_canonical": true}, {"name": "𞄜𞄤", "bcp_47_code": "hnj", "locale_id": "lang:005139", "is_canonical": true}, {"name": "bangla", "bcp_47_code": "hr", "locale_id": "lang:001280", "is_canonical": true}, {"name": "bengalšćina", "bcp_47_code": "hsb", "locale_id": "lang:002868", "is_canonical": true}, {"name": "bangla", "bcp_47_code": "hu", "locale_id": "lang:004445", "is_canonical": true}, {"name": "բենգալերեն", "bcp_47_code": "hy", "locale_id": "lang:006918", "is_canonical": true}, {"name": "bengalese", "bcp_47_code": "ia", "locale_id": "lang:008680", "is_canonical": true}, {"name": "Bengali", "bcp_47_code": "id", "locale_id": "lang:005344", "is_canonical": true}, {"name": "Bengali", "bcp_47_code": "ig", "locale_id": "lang:002832", "is_canonical": true}, {"name": "bengalska", "bcp_47_code": "is", "locale_id": "lang:006417", "is_canonical": true}, {"name": "bengalese", "bcp_47_code": "it", "locale_id": "lang:005147", "is_canonical": true}, {"name": "ベンガル語", "bcp_47_code": "ja", "locale_id": "lang:005185", "is_canonical": true}, {"name": "Kyibangla", "bcp_47_code": "jmc", "locale_id": "lang:001895", "is_canonical": true}, {"name": "Bengali", "bcp_47_code": "jv", "locale_id": "lang:006418", "is_canonical": true}, {"name": "ბენგალური", "bcp_47_code": "ka", "locale_id": "lang:005687", "is_canonical": true}, {"name": "Tabengalit", "bcp_47_code": "kab", "locale_id": "lang:002124", "is_canonical": true}, {"name": "Kibangla", "bcp_47_code": "kam", "locale_id": "lang:003568", "is_canonical": true}, {"name": "Chibangla", "bcp_47_code": "kde", "locale_id": "lang:007289", "is_canonical": true}, {"name": "bengali", "bcp_47_code": "kea", "locale_id": "lang:000423", "is_canonical": true}, {"name": "megari", "bcp_47_code": "kgp", "locale_id": "lang:005254", "is_canonical": true}, {"name": "Bengali senni", "bcp_47_code": "khq", "locale_id": "lang:006293", "is_canonical": true}, {"name": "Kibangla", "bcp_47_code": "ki", "locale_id": "lang:005415", "is_canonical": true}, {"name": "бенгал тілі", "bcp_47_code": "kk", "locale_id": "lang:001017", "is_canonical": true}, {"name": "bengalimiutut", "bcp_47_code": "kl", "locale_id": "lang:002208", "is_canonical": true}, {"name": "kutitab Bengali", "bcp_47_code": "kln", "locale_id": "lang:002016", "is_canonical": true}, {"name": "បង់ក្លាដែស", "bcp_47_code": "km", "locale_id": "lang:000690", "is_canonical": true}, {"name": "ಬಾಂಗ್ಲಾ", "bcp_47_code": "kn", "locale_id": "lang:006289", "is_canonical": true}, {"name": "벵골어", "bcp_47_code": "ko", "locale_id": "lang:000685", "is_canonical": true}, {"name": "बांग्ला", "bcp_47_code": "kok", "locale_id": "lang:001978", "is_canonical": true}, {"name": "بَنگٲلۍ", "bcp_47_code": "ks", "locale_id": "lang:004361", "is_canonical": true}, {"name": "Kibangla", "bcp_47_code": "ksb", "locale_id": "lang:004590", "is_canonical": true}, {"name": "ribɛngáli", "bcp_47_code": "ksf", "locale_id": "lang:007111", "is_canonical": true}, {"name": "Bängjahlesch", "bcp_47_code": "ksh", "locale_id": "lang:000776", "is_canonical": true}, {"name": "bengalî", "bcp_47_code": "ku", "locale_id": "lang:003565", "is_canonical": true}, {"name": "бангладешче", "bcp_47_code": "ky", "locale_id": "lang:003193", "is_canonical": true}, {"name": "Bengalica", "bcp_47_code": "la", "locale_id": "lang:016110", "is_canonical": true}, {"name": "Kɨbangála", "bcp_47_code": "lag", "locale_id": "lang:000744", "is_canonical": true}, {"name": "Bengalesch", "bcp_47_code": "lb", "locale_id": "lang:003324", "is_canonical": true}, {"name": "Lubengali", "bcp_47_code": "lg", "locale_id": "lang:001842", "is_canonical": true}, {"name": "bengaleise", "bcp_47_code": "lij", "locale_id": "lang:004453", "is_canonical": true}, {"name": "Bengali Iyápi", "bcp_47_code": "lkt", "locale_id": "lang:002236", "is_canonical": true}, {"name": "libengali", "bcp_47_code": "ln", "locale_id": "lang:005075", "is_canonical": true}, {"name": "ເບັງກາລີ", "bcp_47_code": "lo", "locale_id": "lang:002848", "is_canonical": true}, {"name": "بأنگالی", "bcp_47_code": "lrc", "locale_id": "lang:001958", "is_canonical": true}, {"name": "bengalų", "bcp_47_code": "lt", "locale_id": "lang:000996", "is_canonical": true}, {"name": "Bengali", "bcp_47_code": "lu", "locale_id": "lang:001871", "is_canonical": true}, {"name": "Kibangla", "bcp_47_code": "luo", "locale_id": "lang:004339", "is_canonical": true}, {"name": "Kibangla", "bcp_47_code": "luy", "locale_id": "lang:004004", "is_canonical": true}, {"name": "bengāļu", "bcp_47_code": "lv", "locale_id": "lang:006606", "is_canonical": true}, {"name": "बंगाली", "bcp_47_code": "mai", "locale_id": "lang:005797", "is_canonical": true}, {"name": "lnkʉtʉ́k ɔ́ɔ̄ lBengali", "bcp_47_code": "mas", "locale_id": "lang:004935", "is_canonical": true}, {"name": "Kĩbangira", "bcp_47_code": "mer", "locale_id": "lang:001566", "is_canonical": true}, {"name": "bengali", "bcp_47_code": "mfe", "locale_id": "lang:003300", "is_canonical": true}, {"name": "Bengali", "bcp_47_code": "mg", "locale_id": "lang:001318", "is_canonical": true}, {"name": "Ibangla", "bcp_47_code": "mgh", "locale_id": "lang:001239", "is_canonical": true}, {"name": "Pāngara", "bcp_47_code": "mi", "locale_id": "lang:005897", "is_canonical": true}, {"name": "бенгалски", "bcp_47_code": "mk", "locale_id": "lang:001683", "is_canonical": true}, {"name": "ബംഗ്ലാ", "bcp_47_code": "ml", "locale_id": "lang:001880", "is_canonical": true}, {"name": "бенгал", "bcp_47_code": "mn", "locale_id": "lang:005506", "is_canonical": true}, {"name": "বাংলা", "bcp_47_code": "mni", "locale_id": "lang:004974", "is_canonical": true}, {"name": "बंगाली", "bcp_47_code": "mr", "locale_id": "lang:003376", "is_canonical": true}, {"name": "Benggali", "bcp_47_code": "ms", "locale_id": "lang:001263", "is_canonical": true}, {"name": "Bengali", "bcp_47_code": "mt", "locale_id": "lang:004371", "is_canonical": true}, {"name": "bengalia", "bcp_47_code": "mua", "locale_id": "lang:002575", "is_canonical": true}, {"name": "ဘင်္ဂါလီ", "bcp_47_code": "my", "locale_id": "lang:004196", "is_canonical": true}, {"name": "بنگالی", "bcp_47_code": "mzn", "locale_id": "lang:005912", "is_canonical": true}, {"name": "Bengaliǁî gowab", "bcp_47_code": "naq", "locale_id": "lang:003962", "is_canonical": true}, {"name": "isi-Bhengali", "bcp_47_code": "nd", "locale_id": "lang:004207", "is_canonical": true}, {"name": "Bengaalsch", "bcp_47_code": "nds", "locale_id": "lang:001710", "is_canonical": true}, {"name": "बंगाली", "bcp_47_code": "ne", "locale_id": "lang:004630", "is_canonical": true}, {"name": "Bengaals", "bcp_47_code": "nl", "locale_id": "lang:006448", "is_canonical": true}, {"name": "Kiɛl bengalia", "bcp_47_code": "nmg", "locale_id": "lang:003100", "is_canonical": true}, {"name": "bengali", "bcp_47_code": "no", "locale_id": "lang:002536", "is_canonical": true}, {"name": "ߓߍ߲ߜ߭ߊߟߌߞߊ߲", "bcp_47_code": "nqo", "locale_id": "lang:006401", "is_canonical": true}, {"name": "Thok bängali", "bcp_47_code": "nus", "locale_id": "lang:004151", "is_canonical": true}, {"name": "Orubengari", "bcp_47_code": "nyn", "locale_id": "lang:004636", "is_canonical": true}, {"name": "bengalin", "bcp_47_code": "oc", "locale_id": "lang:003832", "is_canonical": true}, {"name": "Afaan Baangladeshi", "bcp_47_code": "om", "locale_id": "lang:000417", "is_canonical": true}, {"name": "ବଙ୍ଗଳା", "bcp_47_code": "or", "locale_id": "lang:001930", "is_canonical": true}, {"name": "ਬੰਗਾਲੀ", "bcp_47_code": "pa", "locale_id": "lang:003658", "is_canonical": true}, {"name": "Bángla Lángwej", "bcp_47_code": "pcm", "locale_id": "lang:002108", "is_canonical": true}, {"name": "bengalski", "bcp_47_code": "pl", "locale_id": "lang:001433", "is_canonical": true}, {"name": "بنگالي", "bcp_47_code": "ps", "locale_id": "lang:006281", "is_canonical": true}, {"name": "bengali", "bcp_47_code": "pt", "locale_id": "lang:001977", "is_canonical": true}, {"name": "Bangla Simi", "bcp_47_code": "qu", "locale_id": "lang:000991", "is_canonical": true}, {"name": "bengal", "bcp_47_code": "rm", "locale_id": "lang:004318", "is_canonical": true}, {"name": "Ikibengali", "bcp_47_code": "rn", "locale_id": "lang:006276", "is_canonical": true}, {"name": "bengaleză", "bcp_47_code": "ro", "locale_id": "lang:006592", "is_canonical": true}, {"name": "Kibangla", "bcp_47_code": "rof", "locale_id": "lang:006768", "is_canonical": true}, {"name": "бенгальский", "bcp_47_code": "ru", "locale_id": "lang:006745", "is_canonical": true}, {"name": "Ikibengali", "bcp_47_code": "rw", "locale_id": "lang:005054", "is_canonical": true}, {"name": "Kyibangla", "bcp_47_code": "rwk", "locale_id": "lang:007338", "is_canonical": true}, {"name": "Бенгаллыы", "bcp_47_code": "sah", "locale_id": "lang:000767", "is_canonical": true}, {"name": "Kibangla", "bcp_47_code": "saq", "locale_id": "lang:006513", "is_canonical": true}, {"name": "ᱵᱟᱝᱞᱟ", "bcp_47_code": "sat", "locale_id": "lang:006025", "is_canonical": true}, {"name": "Ishibangila", "bcp_47_code": "sbp", "locale_id": "lang:003813", "is_canonical": true}, {"name": "bengalesu", "bcp_47_code": "sc", "locale_id": "lang:000376", "is_canonical": true}, {"name": "بنگلا", "bcp_47_code": "sd", "locale_id": "lang:002987", "is_canonical": true}, {"name": "bengalgiella", "bcp_47_code": "se", "locale_id": "lang:000771", "is_canonical": true}, {"name": "bengali", "bcp_47_code": "seh", "locale_id": "lang:002170", "is_canonical": true}, {"name": "Bengali senni", "bcp_47_code": "ses", "locale_id": "lang:002112", "is_canonical": true}, {"name": "Bengäli", "bcp_47_code": "sg", "locale_id": "lang:004056", "is_canonical": true}, {"name": "ⵜⴰⴱⵏⵖⴰⵍⵉⵜ", "bcp_47_code": "shi", "locale_id": "lang:002825", "is_canonical": true}, {"name": "බෙංගාලි", "bcp_47_code": "si", "locale_id": "lang:000326", "is_canonical": true}, {"name": "bengálčina", "bcp_47_code": "sk", "locale_id": "lang:005464", "is_canonical": true}, {"name": "bengalščina", "bcp_47_code": "sl", "locale_id": "lang:004352", "is_canonical": true}, {"name": "banglakielâ", "bcp_47_code": "smn", "locale_id": "lang:000203", "is_canonical": true}, {"name": "bengal", "bcp_47_code": "sms", "locale_id": "lang:001931", "is_canonical": true}, {"name": "chiBengali", "bcp_47_code": "sn", "locale_id": "lang:001441", "is_canonical": true}, {"name": "Bangladesh", "bcp_47_code": "so", "locale_id": "lang:000435", "is_canonical": true}, {"name": "bengalisht", "bcp_47_code": "sq", "locale_id": "lang:006275", "is_canonical": true}, {"name": "бенгалски", "bcp_47_code": "sr", "locale_id": "lang:002701", "is_canonical": true}, {"name": "Se-bengali", "bcp_47_code": "st", "locale_id": "lang:004234", "is_canonical": true}, {"name": "bengali", "bcp_47_code": "sv", "locale_id": "lang:004782", "is_canonical": true}, {"name": "Kibengali", "bcp_47_code": "sw", "locale_id": "lang:001597", "is_canonical": true}, {"name": "ܒܢܓܐܠܝܐ", "bcp_47_code": "syr", "locale_id": "lang:004211", "is_canonical": true}, {"name": "byngalski", "bcp_47_code": "szl", "locale_id": "lang:002207", "is_canonical": true}, {"name": "வங்காளம்", "bcp_47_code": "ta", "locale_id": "lang:002996", "is_canonical": true}, {"name": "బంగ్లా", "bcp_47_code": "te", "locale_id": "lang:000508", "is_canonical": true}, {"name": "Kibangla", "bcp_47_code": "teo", "locale_id": "lang:002338", "is_canonical": true}, {"name": "бинғолӣ", "bcp_47_code": "tg", "locale_id": "lang:002532", "is_canonical": true}, {"name": "บังกลา", "bcp_47_code": "th", "locale_id": "lang:000248", "is_canonical": true}, {"name": "በንጋሊ", "bcp_47_code": "ti", "locale_id": "lang:002196", "is_canonical": true}, {"name": "በንጋሊኛ", "bcp_47_code": "tig", "locale_id": "lang:005434", "is_canonical": true}, {"name": "bengal dili", "bcp_47_code": "tk", "locale_id": "lang:002001", "is_canonical": true}, {"name": "Bengali", "bcp_47_code": "tn", "locale_id": "lang:004062", "is_canonical": true}, {"name": "lea fakapāngilā", "bcp_47_code": "to", "locale_id": "lang:006037", "is_canonical": true}, {"name": "toki Panla", "bcp_47_code": "tok", "locale_id": null, "is_canonical": true}, {"name": "Bengalce", "bcp_47_code": "tr", "locale_id": "lang:000917", "is_canonical": true}, {"name": "patas Monchiara", "bcp_47_code": "trv", "locale_id": "lang:003365", "is_canonical": true}, {"name": "بنگلہ", "bcp_47_code": "trw", "locale_id": "lang:000858", "is_canonical": true}, {"name": "бенгали", "bcp_47_code": "tt", "locale_id": "lang:003939", "is_canonical": true}, {"name": "Bengali senni", "bcp_47_code": "twq", "locale_id": "lang:005507", "is_canonical": true}, {"name": "Tabinɣalit", "bcp_47_code": "tzm", "locale_id": "lang:003406", "is_canonical": true}, {"name": "بېنگالچە", "bcp_47_code": "ug", "locale_id": "lang:003330", "is_canonical": true}, {"name": "бенгальська", "bcp_47_code": "uk", "locale_id": "lang:001994", "is_canonical": true}, {"name": "بنگلہ", "bcp_47_code": "ur", "locale_id": "lang:001103", "is_canonical": true}, {"name": "bengal", "bcp_47_code": "uz", "locale_id": "lang:003386", "is_canonical": true}, {"name": "ꗩꕭꔷ", "bcp_47_code": "vai", "locale_id": "lang:004899", "is_canonical": true}, {"name": "tiếng Bangla", "bcp_47_code": "vi", "locale_id": "lang:004523", "is_canonical": true}, {"name": "Kyibangla", "bcp_47_code": "vun", "locale_id": "lang:004644", "is_canonical": true}, {"name": "Bengališ", "bcp_47_code": "wae", "locale_id": "lang:001423", "is_canonical": true}, {"name": "Baŋla", "bcp_47_code": "wo", "locale_id": "lang:003933", "is_canonical": true}, {"name": "isiBangla", "bcp_47_code": "xh", "locale_id": "lang:002158", "is_canonical": true}, {"name": "Olubengali", "bcp_47_code": "xog", "locale_id": "lang:000562", "is_canonical": true}, {"name": "pengálɛ́ɛ", "bcp_47_code": "yav", "locale_id": "lang:004426", "is_canonical": true}, {"name": "בענגאַליש", "bcp_47_code": "yi", "locale_id": "lang:002081", "is_canonical": true}, {"name": "Èdè Bengali", "bcp_47_code": "yo", "locale_id": "lang:003132", "is_canonical": true}, {"name": "bẽgari", "bcp_47_code": "yrl", "locale_id": "lang:006863", "is_canonical": true}, {"name": "孟加拉文", "bcp_47_code": "yue", "locale_id": "lang:005108", "is_canonical": true}, {"name": "ⵜⴰⴱⵏⵖⴰⵍⵉⵜ", "bcp_47_code": "zgh", "locale_id": "lang:000663", "is_canonical": true}, {"name": "孟加拉语", "bcp_47_code": "cmn", "locale_id": "lang:004378", "is_canonical": true}, {"name": "isi-Bengali", "bcp_47_code": "zu", "locale_id": "lang:007247", "is_canonical": true}, {"name": "ቤንጋሊ", "bcp_47_code": "am", "locale_id": "lang:000379", "is_canonical": null}, {"name": "বেঙ্গলী", "bcp_47_code": "as", "locale_id": "lang:003208", "is_canonical": null}, {"name": "Benqal", "bcp_47_code": "az", "locale_id": "lang:000492", "is_canonical": null}, {"name": "Μπενγκάλι", "bcp_47_code": "el", "locale_id": "lang:002331", "is_canonical": null}, {"name": "Bengali", "bcp_47_code": "fil", "locale_id": "lang:004854", "is_canonical": null}, {"name": "India Bengalí", "bcp_47_code": "gl", "locale_id": "lang:006921", "is_canonical": null}, {"name": "બંગાળી", "bcp_47_code": "gu", "locale_id": "lang:006797", "is_canonical": null}, {"name": "bengalski", "bcp_47_code": "hr", "locale_id": "lang:001280", "is_canonical": null}, {"name": "bengáli", "bcp_47_code": "hu", "locale_id": "lang:004445", "is_canonical": null}, {"name": "Bengali", "bcp_47_code": "in", "locale_id": "lang:005344", "is_canonical": true}, {"name": "Бенгал", "bcp_47_code": "kk", "locale_id": "lang:001017", "is_canonical": null}, {"name": "ប៉េងកាល់", "bcp_47_code": "km", "locale_id": "lang:000690", "is_canonical": null}, {"name": "ಬೆಂಗಾಲಿ", "bcp_47_code": "kn", "locale_id": "lang:006289", "is_canonical": null}, {"name": "Бенгаличе", "bcp_47_code": "ky", "locale_id": "lang:003193", "is_canonical": null}, {"name": "Bengali", "bcp_47_code": "ln", "locale_id": "lang:005075", "is_canonical": null}, {"name": "Bengali", "bcp_47_code": "lo", "locale_id": "lang:002848", "is_canonical": null}, {"name": "ബംഗാളി", "bcp_47_code": "ml", "locale_id": "lang:001880", "is_canonical": null}, {"name": "Бенгал", "bcp_47_code": "mn", "locale_id": "lang:005506", "is_canonical": null}, {"name": "Bengaleză", "bcp_47_code": "mo", "locale_id": "lang:006592", "is_canonical": true}, {"name": "Bengali", "bcp_47_code": "ms", "locale_id": "lang:001263", "is_canonical": null}, {"name": "bengali", "bcp_47_code": "nb", "locale_id": "lang:000958", "is_canonical": true}, {"name": "ବଙ୍ଗାଳୀ", "bcp_47_code": "or", "locale_id": "lang:001930", "is_canonical": null}, {"name": "Bengálčina", "bcp_47_code": "sk", "locale_id": "lang:005464", "is_canonical": null}, {"name": "бенгалска", "bcp_47_code": "sr", "locale_id": "lang:002701", "is_canonical": null}, {"name": "బెంగాలీ", "bcp_47_code": "te", "locale_id": "lang:000508", "is_canonical": null}, {"name": "เบงกาลี", "bcp_47_code": "th", "locale_id": "lang:000248", "is_canonical": null}, {"name": "Bengali", "bcp_47_code": "tl", "locale_id": "lang:002540", "is_canonical": true}, {"name": "بنگالی", "bcp_47_code": "ur", "locale_id": "lang:001103", "is_canonical": null}, {"name": "tiếng Bengali", "bcp_47_code": "vi", "locale_id": "lang:004523", "is_canonical": null}, {"name": "bengali", "bcp_47_code": "it", "locale_id": "lang:005147", "is_canonical": null}, {"name": "Bengali", "bcp_47_code": "ilo", "locale_id": "lang:007408", "is_canonical": true}, {"name": "бэнгальская мова", "bcp_47_code": "be", "locale_id": "lang:004942", "is_canonical": null}, {"name": "bahasa Benggali", "bcp_47_code": "ms", "locale_id": "lang:001263", "is_canonical": null}, {"name": "Benggali Barat", "bcp_47_code": "ace", "locale_id": "lang:002724", "is_canonical": true}, {"name": "bengalischi Sproch", "bcp_47_code": "gsw", "locale_id": "lang:006414", "is_canonical": null}, {"name": "Idioma bengalí", "bcp_47_code": "an", "locale_id": "lang:000439", "is_canonical": null}, {"name": "Bengalisc sprǣc", "bcp_47_code": "ang", "locale_id": null, "is_canonical": true}, {"name": "বঙালী ভাষা", "bcp_47_code": "as", "locale_id": "lang:003208", "is_canonical": null}, {"name": "Benqal dili", "bcp_47_code": "az", "locale_id": "lang:000492", "is_canonical": null}, {"name": "Bengali", "bcp_47_code": "bcl", "locale_id": "lang:005135", "is_canonical": true}, {"name": "бенгальская мова", "bcp_47_code": "be", "locale_id": "lang:004942", "is_canonical": null}, {"name": "бенгалски език", "bcp_47_code": "bg", "locale_id": "lang:003294", "is_canonical": null}, {"name": "বাংলা ভাষা", "bcp_47_code": "bn", "locale_id": "lang:000178", "is_canonical": null}, {"name": "বাংলা ঠার", "bcp_47_code": "bpy", "locale_id": "lang:004746", "is_canonical": true}, {"name": "banglaeg", "bcp_47_code": "br", "locale_id": "lang:003643", "is_canonical": null}, {"name": "bangla", "bcp_47_code": "bs", "locale_id": "lang:005177", "is_canonical": null}, {"name": "زمانی بەنگلا", "bcp_47_code": "ckb", "locale_id": "lang:002255", "is_canonical": null}, {"name": "ބެންގާލީ", "bcp_47_code": "dv", "locale_id": "lang:005168", "is_canonical": true}, {"name": "μπενγκάλι γλώσσα", "bcp_47_code": "el", "locale_id": "lang:002331", "is_canonical": null}, {"name": "bengala lingvo", "bcp_47_code": "eo", "locale_id": "lang:001065", "is_canonical": null}, {"name": "bengali keel", "bcp_47_code": "et", "locale_id": "lang:007279", "is_canonical": null}, {"name": "زبان بنگالی", "bcp_47_code": "fa", "locale_id": "lang:005211", "is_canonical": null}, {"name": "bengalskt mál", "bcp_47_code": "fo", "locale_id": "lang:005789", "is_canonical": null}, {"name": "孟加拉語", "bcp_47_code": "gan", "locale_id": "lang:004407", "is_canonical": true}, {"name": "bangla", "bcp_47_code": "gd", "locale_id": "lang:005113", "is_canonical": null}, {"name": "lingua bengalí", "bcp_47_code": "gl", "locale_id": "lang:006921", "is_canonical": null}, {"name": "બંગાળી ભાષા", "bcp_47_code": "gu", "locale_id": "lang:006797", "is_canonical": null}, {"name": "बांग्ला भाषा", "bcp_47_code": "hi", "locale_id": "lang:005010", "is_canonical": null}, {"name": "Bengali bhasa", "bcp_47_code": "hif", "locale_id": "lang:004553", "is_canonical": true}, {"name": "bengalski jezik", "bcp_47_code": "hr", "locale_id": "lang:001280", "is_canonical": null}, {"name": "bahasa Bengali", "bcp_47_code": "id", "locale_id": "lang:005344", "is_canonical": null}, {"name": "bengali linguo", "bcp_47_code": "io", "locale_id": "lang:009754", "is_canonical": true}, {"name": "ბენგალური ენა", "bcp_47_code": "ka", "locale_id": "lang:005687", "is_canonical": null}, {"name": "Бенгалыбзэ", "bcp_47_code": "kbd", "locale_id": "lang:002649", "is_canonical": true}, {"name": "Kibang'la", "bcp_47_code": "kg", "locale_id": "lang:000640", "is_canonical": true}, {"name": "Bengalimiutut", "bcp_47_code": "kl", "locale_id": "lang:002208", "is_canonical": null}, {"name": "ಬಂಗಾಳಿ ಭಾಷೆ", "bcp_47_code": "kn", "locale_id": "lang:006289", "is_canonical": null}, {"name": "Бенгал тил", "bcp_47_code": "krc", "locale_id": "lang:003586", "is_canonical": true}, {"name": "Бенгал кыв", "bcp_47_code": "kv", "locale_id": "lang:000812", "is_canonical": true}, {"name": "bengalek", "bcp_47_code": "kw", "locale_id": "lang:007183", "is_canonical": true}, {"name": "lingua Bengalica", "bcp_47_code": "la", "locale_id": "lang:016110", "is_canonical": null}, {"name": "Бенгал чӀал", "bcp_47_code": "lez", "locale_id": "lang:006686", "is_canonical": true}, {"name": "Lengua bengali", "bcp_47_code": "lij", "locale_id": "lang:004453", "is_canonical": null}, {"name": "Lengua bengalesa", "bcp_47_code": "lmo", "locale_id": "lang:003614", "is_canonical": true}, {"name": "bengalų kalba", "bcp_47_code": "lt", "locale_id": "lang:000996", "is_canonical": null}, {"name": "bengāļu valoda", "bcp_47_code": "lv", "locale_id": "lang:006606", "is_canonical": null}, {"name": "Fiteny bengali", "bcp_47_code": "mg", "locale_id": "lang:001318", "is_canonical": null}, {"name": "reo Bengali", "bcp_47_code": "mi", "locale_id": "lang:005897", "is_canonical": null}, {"name": "бенгалски јазик", "bcp_47_code": "mk", "locale_id": "lang:001683", "is_canonical": null}, {"name": "Бенгал хэл", "bcp_47_code": "mn", "locale_id": "lang:005506", "is_canonical": null}, {"name": "बंगाली भाषा", "bcp_47_code": "mr", "locale_id": "lang:003376", "is_canonical": null}, {"name": "ဘင်္ဂါလီဘာသာ", "bcp_47_code": "my", "locale_id": "lang:004196", "is_canonical": null}, {"name": "बांग्ला भाषा", "bcp_47_code": "ne", "locale_id": "lang:004630", "is_canonical": null}, {"name": "बंगाली भाषा", "bcp_47_code": "new", "locale_id": "lang:004118", "is_canonical": true}, {"name": "bengali", "bcp_47_code": "nn", "locale_id": "lang:005019", "is_canonical": true}, {"name": "ବଙ୍ଗଳା ଭାଷା", "bcp_47_code": "or", "locale_id": "lang:001930", "is_canonical": null}, {"name": "бенгайлаг æвзаг", "bcp_47_code": "os", "locale_id": "lang:000303", "is_canonical": true}, {"name": "język bengalski", "bcp_47_code": "pl", "locale_id": "lang:001433", "is_canonical": null}, {"name": "Lenga bengali", "bcp_47_code": "pms", "locale_id": "lang:003480", "is_canonical": true}, {"name": "بنگالی", "bcp_47_code": "pnb", "locale_id": "lang:003334", "is_canonical": true}, {"name": "língua bengali", "bcp_47_code": "pt", "locale_id": "lang:001977", "is_canonical": null}, {"name": "Banla simi", "bcp_47_code": "qu", "locale_id": "lang:000991", "is_canonical": null}, {"name": "limba bengaleză", "bcp_47_code": "ro", "locale_id": "lang:006592", "is_canonical": null}, {"name": "Lènga bengalese", "bcp_47_code": "roa", "locale_id": null, "is_canonical": true}, {"name": "бенгальский язык", "bcp_47_code": "ru", "locale_id": "lang:006745", "is_canonical": null}, {"name": "Бенґальскый язык", "bcp_47_code": "rue", "locale_id": "lang:003636", "is_canonical": true}, {"name": "वङ्ग भाषा", "bcp_47_code": "sa", "locale_id": "lang:012325", "is_canonical": true}, {"name": "Bengali leid", "bcp_47_code": "sco", "locale_id": "lang:003876", "is_canonical": true}, {"name": "bengalski jezik", "bcp_47_code": "sh", "locale_id": "lang:003245", "is_canonical": true}, {"name": "gjuha bengali", "bcp_47_code": "sq", "locale_id": "lang:006275", "is_canonical": null}, {"name": "бенгалски језик", "bcp_47_code": "sr", "locale_id": "lang:002701", "is_canonical": null}, {"name": "kibengali", "bcp_47_code": "sw", "locale_id": "lang:001597", "is_canonical": null}, {"name": "வங்காள மொழி", "bcp_47_code": "ta", "locale_id": "lang:002996", "is_canonical": null}, {"name": "బంగ్లా భాష", "bcp_47_code": "te", "locale_id": "lang:000508", "is_canonical": null}, {"name": "забони банголӣ", "bcp_47_code": "tg", "locale_id": "lang:002532", "is_canonical": null}, {"name": "ภาษาเบงกอล", "bcp_47_code": "th", "locale_id": "lang:000248", "is_canonical": null}, {"name": "бәңгәл теле", "bcp_47_code": "tt", "locale_id": "lang:003939", "is_canonical": null}, {"name": "بېنگال تىلى", "bcp_47_code": "ug", "locale_id": "lang:003330", "is_canonical": null}, {"name": "бенгальська мова", "bcp_47_code": "uk", "locale_id": "lang:001994", "is_canonical": null}, {"name": "Bengalan kel'", "bcp_47_code": "vep", "locale_id": "lang:002743", "is_canonical": true}, {"name": "tiếng Bengal", "bcp_47_code": "vi", "locale_id": "lang:004523", "is_canonical": null}, {"name": "Binengali", "bcp_47_code": "war", "locale_id": "lang:005633", "is_canonical": true}, {"name": "Бенгалмудин келн", "bcp_47_code": "xal", "locale_id": "lang:001205", "is_canonical": true}, {"name": "בענגאליש", "bcp_47_code": "yi", "locale_id": "lang:002081", "is_canonical": null}, {"name": "Èdè Bẹ̀ngálì", "bcp_47_code": "yo", "locale_id": "lang:003132", "is_canonical": null}, {"name": "Vahmanggyalah", "bcp_47_code": "za", "locale_id": "lang:004623", "is_canonical": true}, {"name": "Basa Benggala", "bcp_47_code": "su", "locale_id": "lang:000207", "is_canonical": true}, {"name": "𐌱𐌴𐌲𐌲𐌰𐌻𐌹𐍂𐌰𐌶𐌳𐌰", "bcp_47_code": "got", "locale_id": null, "is_canonical": true}, {"name": "begbau", "bcp_47_code": "jbo", "locale_id": null, "is_canonical": true}, {"name": "Vengali ñe'ẽ", "bcp_47_code": "gn", "locale_id": "lang:003909", "is_canonical": true}, {"name": "bengal tili", "bcp_47_code": "uz", "locale_id": "lang:003386", "is_canonical": null}, {"name": "Бенгалхойн мотт", "bcp_47_code": "ce", "locale_id": "lang:000120", "is_canonical": null}, {"name": "Bengalu kalba", "bcp_47_code": "sgs", "locale_id": "lang:005783", "is_canonical": true}, {"name": "Bengalatlahtōlli", "bcp_47_code": "nah", "locale_id": null, "is_canonical": true}, {"name": "孟加拉語", "bcp_47_code": "cmn", "locale_id": "lang:004378", "is_canonical": null}, {"name": "Wikang Bengali", "bcp_47_code": "tl", "locale_id": "lang:002540", "is_canonical": null}, {"name": "Бенгал тыла", "bcp_47_code": "sah", "locale_id": "lang:000767", "is_canonical": null}, {"name": "በንጋልኛ", "bcp_47_code": "am", "locale_id": "lang:000379", "is_canonical": null}, {"name": "bingalisi", "bcp_47_code": "scn", "locale_id": "lang:002425", "is_canonical": true}, {"name": "Bengaals", "bcp_47_code": "li", "locale_id": "lang:000599", "is_canonical": true}, {"name": "Бенгали", "bcp_47_code": "ba", "locale_id": "lang:003847", "is_canonical": true}, {"name": "Бенгал тілі", "bcp_47_code": "kk", "locale_id": "lang:001017", "is_canonical": null}, {"name": "बांग्ला भाषा", "bcp_47_code": "mai", "locale_id": "lang:005797", "is_canonical": null}, {"name": "ბენგალური ნინა", "bcp_47_code": "xmf", "locale_id": "lang:002772", "is_canonical": true}, {"name": "Bängalänapük", "bcp_47_code": "vo", "locale_id": "lang:008677", "is_canonical": true}, {"name": "Бенгал хэлэн", "bcp_47_code": "bxr", "locale_id": "lang:006271", "is_canonical": true}, {"name": "Bengal-gí", "bcp_47_code": "nan", "locale_id": "lang:001296", "is_canonical": true}, {"name": "Men-kâ-là-ngî", "bcp_47_code": "hak", "locale_id": "lang:002711", "is_canonical": true}, {"name": "Bengalki", "bcp_47_code": "diq", "locale_id": "lang:003839", "is_canonical": true}, {"name": "बंगाली भाषा", "bcp_47_code": "bho", "locale_id": "lang:005201", "is_canonical": true}, {"name": "Benggali languij", "bcp_47_code": "jam", "locale_id": "lang:006906", "is_canonical": true}, {"name": "बांग्ला भाषा", "bcp_47_code": "pi", "locale_id": "lang:021548", "is_canonical": true}, {"name": "البنڨالي", "bcp_47_code": "aeb", "locale_id": "lang:006749", "is_canonical": true}, {"name": "бенгаль теле", "bcp_47_code": "tt", "locale_id": "lang:003939", "is_canonical": null}, {"name": "bangla", "bcp_47_code": "lfn", "locale_id": null, "is_canonical": true}, {"name": "Bangla", "bcp_47_code": "ak", "locale_id": "lang:002020", "is_canonical": null}, {"name": "بنگالي ٻولي", "bcp_47_code": "sd", "locale_id": "lang:002987", "is_canonical": null}, {"name": "بنقال دیلی", "bcp_47_code": "azb", "locale_id": "lang:003109", "is_canonical": true}, {"name": "孟加拉语", "bcp_47_code": "wuu", "locale_id": "lang:006830", "is_canonical": true}, {"name": "ᱵᱟᱸᱜᱽᱞᱟ ᱯᱟᱹᱨᱥᱤ", "bcp_47_code": "sat", "locale_id": "lang:006025", "is_canonical": null}, {"name": "Sebengali", "bcp_47_code": "nso", "locale_id": "lang:005268", "is_canonical": true}, {"name": "Bengali", "bcp_47_code": "ceb", "locale_id": "lang:006077", "is_canonical": null}, {"name": "Бенгалонь кель", "bcp_47_code": "myv", "locale_id": "lang:003656", "is_canonical": true}, {"name": "Basa Benggala", "bcp_47_code": "ban", "locale_id": "lang:003404", "is_canonical": true}, {"name": "Bengali", "bcp_47_code": "gcr", "locale_id": "lang:003558", "is_canonical": true}, {"name": "البنغاليه", "bcp_47_code": "arz", "locale_id": "lang:004060", "is_canonical": true}, {"name": "बांग्ला भाषा", "bcp_47_code": "awa", "locale_id": "lang:001898", "is_canonical": true}, {"name": "Бенгал чĕлхи", "bcp_47_code": "cv", "locale_id": "lang:003469", "is_canonical": null}, {"name": "බෙංගාලි භාෂාව", "bcp_47_code": "si", "locale_id": "lang:000326", "is_canonical": null}, {"name": "بنګالي ژبه", "bcp_47_code": "ps", "locale_id": "lang:006281", "is_canonical": null}, {"name": "bengalkielâ", "bcp_47_code": "smn", "locale_id": "lang:000203", "is_canonical": null}, {"name": "Бенгал мацӀ", "bcp_47_code": "av", "locale_id": "lang:006230", "is_canonical": true}, {"name": "Bengal tili", "bcp_47_code": "crh", "locale_id": "lang:002905", "is_canonical": true}, {"name": "ꯕꯦꯡꯒꯥꯂꯤ ꯂꯣꯟ", "bcp_47_code": "mni", "locale_id": "lang:004974", "is_canonical": null}, {"name": "ChiBengali", "bcp_47_code": "sn", "locale_id": "lang:001441", "is_canonical": null}, {"name": "bengałi", "bcp_47_code": "vec", "locale_id": "lang:004329", "is_canonical": true}, {"name": "Bengal dili", "bcp_47_code": "tk", "locale_id": "lang:002001", "is_canonical": null}, {"name": "Bengali", "bcp_47_code": "zu", "locale_id": "lang:007247", "is_canonical": null}, {"name": "bengaalǩiõll", "bcp_47_code": "sms", "locale_id": "lang:001931", "is_canonical": null}, {"name": "بَنٛگٲلؠ زَبان", "bcp_47_code": "ks", "locale_id": "lang:004361", "is_canonical": null}, {"name": "Bengali", "bcp_47_code": "so", "locale_id": "lang:000435", "is_canonical": null}, {"name": "ꠛꠣꠋꠟꠣ ꠝꠣꠔ", "bcp_47_code": "syl", "locale_id": "lang:006926", "is_canonical": true}, {"name": "बंगाली भाषा", "bcp_47_code": "anp", "locale_id": "lang:007347", "is_canonical": true}, {"name": "ဘင်္ဂါလီဘာသာ", "bcp_47_code": "rki", "locale_id": "lang:001770", "is_canonical": true}, {"name": "bahasa Bangla", "bcp_47_code": "ms", "locale_id": "lang:001263", "is_canonical": null}, {"name": "bahasa Bengali", "bcp_47_code": "ms", "locale_id": "lang:001263", "is_canonical": null}, {"name": "бенгали", "bcp_47_code": "ru", "locale_id": "lang:006745", "is_canonical": null}, {"name": "bangla", "bcp_47_code": "fi", "locale_id": "lang:005250", "is_canonical": null}, {"name": "Bn", "bcp_47_code": "en", "locale_id": "lang:004172", "is_canonical": null}, {"name": "lingua bingalisi", "bcp_47_code": "scn", "locale_id": "lang:002425", "is_canonical": null}, {"name": "bengalisi", "bcp_47_code": "scn", "locale_id": "lang:002425", "is_canonical": null}, {"name": "lingua bengalisi", "bcp_47_code": "scn", "locale_id": "lang:002425", "is_canonical": null}, {"name": "bangla", "bcp_47_code": "scn", "locale_id": "lang:002425", "is_canonical": null}, {"name": "lingua bangla", "bcp_47_code": "scn", "locale_id": "lang:002425", "is_canonical": null}, {"name": "bengalische Sprache", "bcp_47_code": "de", "locale_id": "lang:006636", "is_canonical": null}, {"name": "バングラ語", "bcp_47_code": "ja", "locale_id": "lang:005185", "is_canonical": null}, {"name": "バングラデシュ語", "bcp_47_code": "ja", "locale_id": "lang:005185", "is_canonical": null}, {"name": "Βεγγαλική γλώσσα", "bcp_47_code": "el", "locale_id": "lang:002331", "is_canonical": null}, {"name": "Μπάνγκλα", "bcp_47_code": "el", "locale_id": "lang:002331", "is_canonical": null}, {"name": "lingua bengalese", "bcp_47_code": "it", "locale_id": "lang:005147", "is_canonical": null}, {"name": "lingua bengali", "bcp_47_code": "it", "locale_id": "lang:005147", "is_canonical": null}, {"name": "বাঙলা", "bcp_47_code": "bn", "locale_id": "lang:000178", "is_canonical": null}, {"name": "বাঙ্গলা", "bcp_47_code": "bn", "locale_id": "lang:000178", "is_canonical": null}, {"name": "বাঙ্গালা", "bcp_47_code": "bn", "locale_id": "lang:000178", "is_canonical": null}, {"name": "বাঙলা ভাষা", "bcp_47_code": "bn", "locale_id": "lang:000178", "is_canonical": null}, {"name": "বাঙ্গলা ভাষা", "bcp_47_code": "bn", "locale_id": "lang:000178", "is_canonical": null}, {"name": "لغة بنغالية", "bcp_47_code": "ar", "locale_id": "lang:000884", "is_canonical": null}, {"name": "اللغة البنغالية", "bcp_47_code": "ar", "locale_id": "lang:000884", "is_canonical": null}, {"name": "بنغالية", "bcp_47_code": "ar", "locale_id": "lang:000884", "is_canonical": null}, {"name": "bengali", "bcp_47_code": "es", "locale_id": "lang:005944", "is_canonical": null}, {"name": "बांग्ला", "bcp_47_code": "mai", "locale_id": "lang:005797", "is_canonical": null}, {"name": "бенгальча", "bcp_47_code": "tt", "locale_id": "lang:003939", "is_canonical": null}, {"name": "бенгаличә", "bcp_47_code": "tt", "locale_id": "lang:003939", "is_canonical": null}, {"name": "bangla", "bcp_47_code": "pt", "locale_id": "lang:001977", "is_canonical": null}, {"name": "bengalês", "bcp_47_code": "pt", "locale_id": "lang:001977", "is_canonical": null}, {"name": "বাংলা ভাষা", "bcp_47_code": "as", "locale_id": "lang:003208", "is_canonical": null}, {"name": "বেংগলী ভাষা", "bcp_47_code": "as", "locale_id": "lang:003208", "is_canonical": null}, {"name": "ภาษาเบงกาลี", "bcp_47_code": "th", "locale_id": "lang:000248", "is_canonical": null}, {"name": "ภาษาเบงกอลี", "bcp_47_code": "th", "locale_id": "lang:000248", "is_canonical": null}, {"name": "bengaleza", "bcp_47_code": "ro", "locale_id": "lang:006592", "is_canonical": null}, {"name": "bengală", "bcp_47_code": "ro", "locale_id": "lang:006592", "is_canonical": null}, {"name": "bengala", "bcp_47_code": "ro", "locale_id": "lang:006592", "is_canonical": null}, {"name": "ꯕꯪꯂꯥ", "bcp_47_code": "mni", "locale_id": "lang:004974", "is_canonical": null}, {"name": "ꯕꯪꯒꯥꯂꯤ", "bcp_47_code": "mni", "locale_id": "lang:004974", "is_canonical": null}, {"name": "Бенгали тілі", "bcp_47_code": "kk", "locale_id": "lang:001017", "is_canonical": null}, {"name": "बाङ्ला भाषा", "bcp_47_code": "hi", "locale_id": "lang:005010", "is_canonical": null}, {"name": "बंगाली भाषा", "bcp_47_code": "hi", "locale_id": "lang:005010", "is_canonical": null}, {"name": "ਬੰਗਾਲੀ ਭਾਸ਼ਾ", "bcp_47_code": "pa", "locale_id": "lang:003658", "is_canonical": null}, {"name": "ਬੰਗਲਾ", "bcp_47_code": "pa", "locale_id": "lang:003658", "is_canonical": null}, {"name": "ꠛꠦꠋꠉꠟꠤ ꠝꠣꠔ", "bcp_47_code": "syl", "locale_id": "lang:006926", "is_canonical": null}, {"name": "بنگلا", "bcp_47_code": "pnb", "locale_id": "lang:003334", "is_canonical": null}, {"name": "बांग्ला", "bcp_47_code": "bho", "locale_id": "lang:005201", "is_canonical": null}, {"name": "बांग्ला भाषा", "bcp_47_code": "bho", "locale_id": "lang:005201", "is_canonical": null}, {"name": "bangla", "bcp_47_code": "ca", "locale_id": "lang:000334", "is_canonical": null}, {"name": "Bengalek", "bcp_47_code": "kw", "locale_id": "lang:007183", "is_canonical": null}, {"name": "Bengalgiella", "bcp_47_code": "se", "locale_id": "lang:000771", "is_canonical": null}, {"name": "Bengali linguo", "bcp_47_code": "io", "locale_id": "lang:009754", "is_canonical": null}, {"name": "bengalin kieli", "bcp_47_code": "fi", "locale_id": "lang:005250", "is_canonical": null}, {"name": "Bengalskt mál", "bcp_47_code": "fo", "locale_id": "lang:005789", "is_canonical": null}, {"name": "Bengalí", "bcp_47_code": "an", "locale_id": "lang:000439", "is_canonical": null}, {"name": "Bengalščina", "bcp_47_code": "sl", "locale_id": "lang:004352", "is_canonical": null}, {"name": "bengáli nyelv", "bcp_47_code": "hu", "locale_id": "lang:004445", "is_canonical": null}, {"name": "Gjuha bengali", "bcp_47_code": "sq", "locale_id": "lang:006275", "is_canonical": null}, {"name": "idioma bengalí", "bcp_47_code": "es", "locale_id": "lang:005944", "is_canonical": null}, {"name": "Lingua bengalí", "bcp_47_code": "gl", "locale_id": "lang:006921", "is_canonical": null}, {"name": "Μπενγκάλι γλώσσα", "bcp_47_code": "el", "locale_id": "lang:002331", "is_canonical": null}, {"name": "Бенгайлаг æвзаг", "bcp_47_code": "os", "locale_id": "lang:000303", "is_canonical": null}, {"name": "بينجالى", "bcp_47_code": "arz", "locale_id": "lang:004060", "is_canonical": null}, {"name": "बाङगला", "bcp_47_code": "sa", "locale_id": "lang:012325", "is_canonical": null}, {"name": "ବାଂଲା ଭାଷା", "bcp_47_code": "or", "locale_id": "lang:001930", "is_canonical": null}, {"name": "ಬಂಗಾಳಿ", "bcp_47_code": "kn", "locale_id": "lang:006289", "is_canonical": null}, {"name": "বাংলা", "bcp_47_code": "bn", "locale_id": "lang:000178", "is_canonical": true}, {"name": "Bengali", "bcp_47_code": "en", "locale_id": "lang:004172", "is_canonical": true}, {"name": "&#2476;&#2494;&#2434;&#2482;&#2494;", "bcp_47_code": "bn", "locale_id": "lang:000178", "is_canonical": false}]