[{"name": "Dazaga", "bcp_47_code": "en", "locale_id": "lang:004172", "is_canonical": true}, {"name": "адаза", "bcp_47_code": "ab", "locale_id": "lang:006291", "is_canonical": true}, {"name": "Dazaga", "bcp_47_code": "af", "locale_id": "lang:006849", "is_canonical": true}, {"name": "ዳዛጋ", "bcp_47_code": "am", "locale_id": "lang:000379", "is_canonical": true}, {"name": "القرعانية", "bcp_47_code": "ar", "locale_id": "lang:000884", "is_canonical": true}, {"name": "দাজাগা", "bcp_47_code": "as", "locale_id": "lang:003208", "is_canonical": true}, {"name": "dazaga", "bcp_47_code": "ast", "locale_id": "lang:006965", "is_canonical": true}, {"name": "dazaqa", "bcp_47_code": "az", "locale_id": "lang:000492", "is_canonical": true}, {"name": "дазага", "bcp_47_code": "be", "locale_id": "lang:004942", "is_canonical": true}, {"name": "дазага", "bcp_47_code": "bg", "locale_id": "lang:003294", "is_canonical": true}, {"name": "دزازا", "bcp_47_code": "bgn", "locale_id": "lang:004443", "is_canonical": true}, {"name": "দাজাগা", "bcp_47_code": "bn", "locale_id": "lang:000178", "is_canonical": true}, {"name": "dazagaeg", "bcp_47_code": "br", "locale_id": "lang:003643", "is_canonical": true}, {"name": "डाजागा", "bcp_47_code": "brx", "locale_id": "lang:003716", "is_canonical": true}, {"name": "dazaga", "bcp_47_code": "bs", "locale_id": "lang:005177", "is_canonical": true}, {"name": "dazaga", "bcp_47_code": "ca", "locale_id": "lang:000334", "is_canonical": true}, {"name": "𑄘𑄉𑄎", "bcp_47_code": "ccp", "locale_id": "lang:004815", "is_canonical": true}, {"name": "даза", "bcp_47_code": "ce", "locale_id": "lang:000120", "is_canonical": true}, {"name": "ᏓᏌᎦ", "bcp_47_code": "chr", "locale_id": "lang:004490", "is_canonical": true}, {"name": "دازا", "bcp_47_code": "ckb", "locale_id": "lang:002255", "is_canonical": true}, {"name": "dazaga", "bcp_47_code": "cs", "locale_id": "lang:007371", "is_canonical": true}, {"name": "Dazaga", "bcp_47_code": "cy", "locale_id": "lang:005257", "is_canonical": true}, {"name": "dazaga", "bcp_47_code": "da", "locale_id": "lang:006478", "is_canonical": true}, {"name": "Dazaga", "bcp_47_code": "de", "locale_id": "lang:006636", "is_canonical": true}, {"name": "dazagašćina", "bcp_47_code": "dsb", "locale_id": "lang:007093", "is_canonical": true}, {"name": "Νταζάγκα", "bcp_47_code": "el", "locale_id": "lang:002331", "is_canonical": true}, {"name": "dazaa", "bcp_47_code": "eo", "locale_id": "lang:001065", "is_canonical": true}, {"name": "dazaga", "bcp_47_code": "es", "locale_id": "lang:005944", "is_canonical": true}, {"name": "daza", "bcp_47_code": "et", "locale_id": "lang:007279", "is_canonical": true}, {"name": "dazaera", "bcp_47_code": "eu", "locale_id": "lang:004920", "is_canonical": true}, {"name": "دازاگا", "bcp_47_code": "fa", "locale_id": "lang:005211", "is_canonical": true}, {"name": "dazaga", "bcp_47_code": "fi", "locale_id": "lang:005250", "is_canonical": true}, {"name": "Dazaga", "bcp_47_code": "fil", "locale_id": "lang:004854", "is_canonical": true}, {"name": "dazaga", "bcp_47_code": "fo", "locale_id": "lang:005789", "is_canonical": true}, {"name": "dazaga", "bcp_47_code": "fr", "locale_id": "lang:002512", "is_canonical": true}, {"name": "Dazaga", "bcp_47_code": "fy", "locale_id": "lang:000608", "is_canonical": true}, {"name": "Dazaga", "bcp_47_code": "ga", "locale_id": "lang:005513", "is_canonical": true}, {"name": "Dazaga", "bcp_47_code": "gd", "locale_id": "lang:005113", "is_canonical": true}, {"name": "dazaga", "bcp_47_code": "gl", "locale_id": "lang:006921", "is_canonical": true}, {"name": "દાઝાગા", "bcp_47_code": "gu", "locale_id": "lang:006797", "is_canonical": true}, {"name": "Dazaga", "bcp_47_code": "ha", "locale_id": "lang:006769", "is_canonical": true}, {"name": "דזאנגה", "bcp_47_code": "he", "locale_id": "lang:000780", "is_canonical": true}, {"name": "दज़ागा", "bcp_47_code": "hi", "locale_id": "lang:005010", "is_canonical": true}, {"name": "dazaga", "bcp_47_code": "hr", "locale_id": "lang:001280", "is_canonical": true}, {"name": "dazagašćina", "bcp_47_code": "hsb", "locale_id": "lang:002868", "is_canonical": true}, {"name": "dazaga", "bcp_47_code": "hu", "locale_id": "lang:004445", "is_canonical": true}, {"name": "դազագա", "bcp_47_code": "hy", "locale_id": "lang:006918", "is_canonical": true}, {"name": "dazaga", "bcp_47_code": "ia", "locale_id": "lang:008680", "is_canonical": true}, {"name": "Dazaga", "bcp_47_code": "id", "locale_id": "lang:005344", "is_canonical": true}, {"name": "Dazaga", "bcp_47_code": "ig", "locale_id": "lang:002832", "is_canonical": true}, {"name": "dazaga", "bcp_47_code": "is", "locale_id": "lang:006417", "is_canonical": true}, {"name": "dazaga", "bcp_47_code": "it", "locale_id": "lang:005147", "is_canonical": true}, {"name": "ダザガ語", "bcp_47_code": "ja", "locale_id": "lang:005185", "is_canonical": true}, {"name": "Dazaga", "bcp_47_code": "jv", "locale_id": "lang:006418", "is_canonical": true}, {"name": "დაზაგა", "bcp_47_code": "ka", "locale_id": "lang:005687", "is_canonical": true}, {"name": "Tadazagat", "bcp_47_code": "kab", "locale_id": "lang:002124", "is_canonical": true}, {"name": "najaga", "bcp_47_code": "kgp", "locale_id": "lang:005254", "is_canonical": true}, {"name": "дазага тілі", "bcp_47_code": "kk", "locale_id": "lang:001017", "is_canonical": true}, {"name": "ដាហ្សាហ្គា", "bcp_47_code": "km", "locale_id": "lang:000690", "is_canonical": true}, {"name": "ಡಜಾಗ", "bcp_47_code": "kn", "locale_id": "lang:006289", "is_canonical": true}, {"name": "다장가어", "bcp_47_code": "ko", "locale_id": "lang:000685", "is_canonical": true}, {"name": "डाझागा", "bcp_47_code": "kok", "locale_id": "lang:001978", "is_canonical": true}, {"name": "Dassajahnesch", "bcp_47_code": "ksh", "locale_id": "lang:000776", "is_canonical": true}, {"name": "дазагача", "bcp_47_code": "ky", "locale_id": "lang:003193", "is_canonical": true}, {"name": "Dazaga", "bcp_47_code": "lb", "locale_id": "lang:003324", "is_canonical": true}, {"name": "dazaga", "bcp_47_code": "lij", "locale_id": "lang:004453", "is_canonical": true}, {"name": "ດາຊາກາ", "bcp_47_code": "lo", "locale_id": "lang:002848", "is_canonical": true}, {"name": "dazagų", "bcp_47_code": "lt", "locale_id": "lang:000996", "is_canonical": true}, {"name": "dazu", "bcp_47_code": "lv", "locale_id": "lang:006606", "is_canonical": true}, {"name": "दजागा", "bcp_47_code": "mai", "locale_id": "lang:005797", "is_canonical": true}, {"name": "Tāhaka", "bcp_47_code": "mi", "locale_id": "lang:005897", "is_canonical": true}, {"name": "дазага", "bcp_47_code": "mk", "locale_id": "lang:001683", "is_canonical": true}, {"name": "ഡാസാഗ", "bcp_47_code": "ml", "locale_id": "lang:001880", "is_canonical": true}, {"name": "дазага", "bcp_47_code": "mn", "locale_id": "lang:005506", "is_canonical": true}, {"name": "दाझागा", "bcp_47_code": "mr", "locale_id": "lang:003376", "is_canonical": true}, {"name": "Dazaga", "bcp_47_code": "ms", "locale_id": "lang:001263", "is_canonical": true}, {"name": "Dazaga", "bcp_47_code": "mt", "locale_id": "lang:004371", "is_canonical": true}, {"name": "ဒဇာဂါ", "bcp_47_code": "my", "locale_id": "lang:004196", "is_canonical": true}, {"name": "दाजागा", "bcp_47_code": "ne", "locale_id": "lang:004630", "is_canonical": true}, {"name": "Dazaga", "bcp_47_code": "nl", "locale_id": "lang:006448", "is_canonical": true}, {"name": "dazaga", "bcp_47_code": "no", "locale_id": "lang:002536", "is_canonical": true}, {"name": "ଡାଜାଗା", "bcp_47_code": "or", "locale_id": "lang:001930", "is_canonical": true}, {"name": "ਡਜ਼ਾਗਾ", "bcp_47_code": "pa", "locale_id": "lang:003658", "is_canonical": true}, {"name": "Dazágá Lángwej", "bcp_47_code": "pcm", "locale_id": "lang:002108", "is_canonical": true}, {"name": "dazaga", "bcp_47_code": "pl", "locale_id": "lang:001433", "is_canonical": true}, {"name": "ډزاګا", "bcp_47_code": "ps", "locale_id": "lang:006281", "is_canonical": true}, {"name": "dazaga", "bcp_47_code": "pt", "locale_id": "lang:001977", "is_canonical": true}, {"name": "Dazaga Simi", "bcp_47_code": "qu", "locale_id": "lang:000991", "is_canonical": true}, {"name": "dazaga", "bcp_47_code": "ro", "locale_id": "lang:006592", "is_canonical": true}, {"name": "даза", "bcp_47_code": "ru", "locale_id": "lang:006745", "is_canonical": true}, {"name": "ᱰᱟᱡᱟᱜᱟ", "bcp_47_code": "sat", "locale_id": "lang:006025", "is_canonical": true}, {"name": "dazaga", "bcp_47_code": "sc", "locale_id": "lang:000376", "is_canonical": true}, {"name": "دزاگا", "bcp_47_code": "sd", "locale_id": "lang:002987", "is_canonical": true}, {"name": "ඩසාගා", "bcp_47_code": "si", "locale_id": "lang:000326", "is_canonical": true}, {"name": "dazaga", "bcp_47_code": "sk", "locale_id": "lang:005464", "is_canonical": true}, {"name": "dazaga", "bcp_47_code": "sl", "locale_id": "lang:004352", "is_canonical": true}, {"name": "dazakielâ", "bcp_47_code": "smn", "locale_id": "lang:000203", "is_canonical": true}, {"name": "Dazaga", "bcp_47_code": "so", "locale_id": "lang:000435", "is_canonical": true}, {"name": "dazagauisht", "bcp_47_code": "sq", "locale_id": "lang:006275", "is_canonical": true}, {"name": "дазага", "bcp_47_code": "sr", "locale_id": "lang:002701", "is_canonical": true}, {"name": "dazaga", "bcp_47_code": "sv", "locale_id": "lang:004782", "is_canonical": true}, {"name": "Kidazaga", "bcp_47_code": "sw", "locale_id": "lang:001597", "is_canonical": true}, {"name": "டசாகா", "bcp_47_code": "ta", "locale_id": "lang:002996", "is_canonical": true}, {"name": "డాజాగా", "bcp_47_code": "te", "locale_id": "lang:000508", "is_canonical": true}, {"name": "ดาซากา", "bcp_47_code": "th", "locale_id": "lang:000248", "is_canonical": true}, {"name": "ዳዛጋ", "bcp_47_code": "ti", "locale_id": "lang:002196", "is_canonical": true}, {"name": "daza dili", "bcp_47_code": "tk", "locale_id": "lang:002001", "is_canonical": true}, {"name": "lea fakatasaka", "bcp_47_code": "to", "locale_id": "lang:006037", "is_canonical": true}, {"name": "Dazaga", "bcp_47_code": "tr", "locale_id": "lang:000917", "is_canonical": true}, {"name": "دازاگاچە", "bcp_47_code": "ug", "locale_id": "lang:003330", "is_canonical": true}, {"name": "дазага", "bcp_47_code": "uk", "locale_id": "lang:001994", "is_canonical": true}, {"name": "دزاگا", "bcp_47_code": "ur", "locale_id": "lang:001103", "is_canonical": true}, {"name": "dazag", "bcp_47_code": "uz", "locale_id": "lang:003386", "is_canonical": true}, {"name": "tiếng Dazaga", "bcp_47_code": "vi", "locale_id": "lang:004523", "is_canonical": true}, {"name": "Èdè Dasaga", "bcp_47_code": "yo", "locale_id": "lang:003132", "is_canonical": true}, {"name": "dasaga", "bcp_47_code": "yrl", "locale_id": "lang:006863", "is_canonical": true}, {"name": "達薩文", "bcp_47_code": "yue", "locale_id": "lang:005108", "is_canonical": true}, {"name": "达扎葛语", "bcp_47_code": "cmn", "locale_id": "lang:004378", "is_canonical": true}, {"name": "isi-Dazaga", "bcp_47_code": "zu", "locale_id": "lang:007247", "is_canonical": true}, {"name": "Lenga Dazaga", "bcp_47_code": "pms", "locale_id": "lang:003480", "is_canonical": true}, {"name": "dazageg", "bcp_47_code": "br", "locale_id": "lang:003643", "is_canonical": null}, {"name": "dazaga jezik", "bcp_47_code": "hr", "locale_id": "lang:001280", "is_canonical": null}, {"name": "дазагаски јазик", "bcp_47_code": "mk", "locale_id": "lang:001683", "is_canonical": null}, {"name": "لغة الدازاقا", "bcp_47_code": "ar", "locale_id": "lang:000884", "is_canonical": null}, {"name": "daza", "bcp_47_code": "fi", "locale_id": "lang:005250", "is_canonical": null}, {"name": "língua daza", "bcp_47_code": "pt", "locale_id": "lang:001977", "is_canonical": null}, {"name": "Wikang Daza", "bcp_47_code": "tl", "locale_id": "lang:002540", "is_canonical": true}, {"name": "tiếng Daza", "bcp_47_code": "vi", "locale_id": "lang:004523", "is_canonical": null}, {"name": "Dazaga", "bcp_47_code": "bar", "locale_id": "lang:002296", "is_canonical": true}, {"name": "達薩語", "bcp_47_code": "cmn", "locale_id": "lang:004378", "is_canonical": null}, {"name": "dazaa lingvo", "bcp_47_code": "eo", "locale_id": "lang:001065", "is_canonical": null}, {"name": "Daza", "bcp_47_code": "ig", "locale_id": "lang:002832", "is_canonical": null}, {"name": "daza", "bcp_47_code": "ca", "locale_id": "lang:000334", "is_canonical": null}, {"name": "Daza", "bcp_47_code": "en", "locale_id": "lang:004172", "is_canonical": null}, {"name": "لغة الدزازا", "bcp_47_code": "ar", "locale_id": "lang:000884", "is_canonical": null}, {"name": "Dazaga", "bcp_47_code": "dzg", "locale_id": "lang:000114", "is_canonical": true}]