[{"name": "Sara Kaba Deme", "bcp_47_code": "en", "locale_id": "lang:004172", "is_canonical": true}, {"name": "Kikaba-Deme", "bcp_47_code": "sw", "locale_id": "lang:001597", "is_canonical": true}, {"name": "Lenga Kaba Deme", "bcp_47_code": "pms", "locale_id": "lang:003480", "is_canonical": true}, {"name": "kabademeg", "bcp_47_code": "br", "locale_id": "lang:003643", "is_canonical": true}, {"name": "sara kaba deme", "bcp_47_code": "fr", "locale_id": "lang:002512", "is_canonical": true}, {"name": "Γλώσσα Κάμπα Ντεμέ", "bcp_47_code": "el", "locale_id": "lang:002331", "is_canonical": true}, {"name": "Kaba Deme", "bcp_47_code": "ig", "locale_id": "lang:002832", "is_canonical": true}, {"name": "Dem", "bcp_47_code": "en", "locale_id": "lang:004172", "is_canonical": null}, {"name": "asụsụ kaba deme", "bcp_47_code": "ig", "locale_id": "lang:002832", "is_canonical": null}]