[{"name": "Mzieme Naga", "bcp_47_code": "en", "locale_id": "lang:004172", "is_canonical": true}, {"name": "Mzieme", "bcp_47_code": "en", "locale_id": "lang:004172", "is_canonical": null}, {"name": "mziemeg", "bcp_47_code": "br", "locale_id": "lang:003643", "is_canonical": true}, {"name": "Kinaga ya Mzieme", "bcp_47_code": "sw", "locale_id": "lang:001597", "is_canonical": true}, {"name": "Lenga Naga", "bcp_47_code": "pms", "locale_id": "lang:003480", "is_canonical": true}, {"name": "naga mzieme", "bcp_47_code": "fr", "locale_id": "lang:002512", "is_canonical": true}, {"name": "ज़ाईमे भाषा", "bcp_47_code": "hi", "locale_id": "lang:005010", "is_canonical": true}, {"name": "ᱢᱡᱟᱭᱮᱢ ᱯᱟᱹᱨᱥᱤ", "bcp_47_code": "sat", "locale_id": "lang:006025", "is_canonical": true}]