[{"name": "Umeda", "bcp_47_code": "en", "locale_id": "lang:004172", "is_canonical": true}, {"name": "Umeda-Punda", "bcp_47_code": "en", "locale_id": "lang:004172", "is_canonical": true}, {"name": "umeda jezik", "bcp_47_code": "hr", "locale_id": "lang:001280", "is_canonical": true}, {"name": "Lenga Umeda", "bcp_47_code": "pms", "locale_id": "lang:003480", "is_canonical": true}, {"name": "Kiumeda", "bcp_47_code": "sw", "locale_id": "lang:001597", "is_canonical": true}, {"name": "Umeda", "bcp_47_code": "ilo", "locale_id": "lang:007408", "is_canonical": true}, {"name": "умеда", "bcp_47_code": "ru", "locale_id": "lang:006745", "is_canonical": true}]