[{"name": "Aragonese", "bcp_47_code": "en", "locale_id": "lang:004172", "is_canonical": true}, {"name": "арагон", "bcp_47_code": "ab", "locale_id": "lang:006291", "is_canonical": true}, {"name": "Aragonees", "bcp_47_code": "af", "locale_id": "lang:006849", "is_canonical": true}, {"name": "አራጎንስ", "bcp_47_code": "am", "locale_id": "lang:000379", "is_canonical": true}, {"name": "aragonés", "bcp_47_code": "an", "locale_id": "lang:000439", "is_canonical": null}, {"name": "الأراغونية", "bcp_47_code": "ar", "locale_id": "lang:000884", "is_canonical": true}, {"name": "আৰ্গোনিজ", "bcp_47_code": "as", "locale_id": "lang:003208", "is_canonical": true}, {"name": "aragonés", "bcp_47_code": "ast", "locale_id": "lang:006965", "is_canonical": true}, {"name": "araqon", "bcp_47_code": "az", "locale_id": "lang:000492", "is_canonical": true}, {"name": "арагонская", "bcp_47_code": "be", "locale_id": "lang:004942", "is_canonical": true}, {"name": "арагонски", "bcp_47_code": "bg", "locale_id": "lang:003294", "is_canonical": true}, {"name": "آراگونی", "bcp_47_code": "bgn", "locale_id": "lang:004443", "is_canonical": true}, {"name": "আর্গোনিজ", "bcp_47_code": "bn", "locale_id": "lang:000178", "is_canonical": true}, {"name": "aragoneg", "bcp_47_code": "br", "locale_id": "lang:003643", "is_canonical": true}, {"name": "आरागनिस", "bcp_47_code": "brx", "locale_id": "lang:003716", "is_canonical": true}, {"name": "aragonski", "bcp_47_code": "bs", "locale_id": "lang:005177", "is_canonical": true}, {"name": "aragonès", "bcp_47_code": "ca", "locale_id": "lang:000334", "is_canonical": true}, {"name": "𑄃𑄢𑄴𑄉𑄮𑄚𑄨𑄎𑄴", "bcp_47_code": "ccp", "locale_id": "lang:004815", "is_canonical": true}, {"name": "арагонойн", "bcp_47_code": "ce", "locale_id": "lang:000120", "is_canonical": true}, {"name": "ᎠᏩᎪᏂᏏ", "bcp_47_code": "chr", "locale_id": "lang:004490", "is_canonical": true}, {"name": "ئاراگۆنی", "bcp_47_code": "ckb", "locale_id": "lang:002255", "is_canonical": true}, {"name": "aragonština", "bcp_47_code": "cs", "locale_id": "lang:007371", "is_canonical": true}, {"name": "Aragoneg", "bcp_47_code": "cy", "locale_id": "lang:005257", "is_canonical": true}, {"name": "aragonesisk", "bcp_47_code": "da", "locale_id": "lang:006478", "is_canonical": true}, {"name": "Aragonesisch", "bcp_47_code": "de", "locale_id": "lang:006636", "is_canonical": true}, {"name": "aragonšćina", "bcp_47_code": "dsb", "locale_id": "lang:007093", "is_canonical": true}, {"name": "Αραγονικά", "bcp_47_code": "el", "locale_id": "lang:002331", "is_canonical": true}, {"name": "aragona", "bcp_47_code": "eo", "locale_id": "lang:001065", "is_canonical": true}, {"name": "aragonés", "bcp_47_code": "es", "locale_id": "lang:005944", "is_canonical": true}, {"name": "aragoni", "bcp_47_code": "et", "locale_id": "lang:007279", "is_canonical": true}, {"name": "aragoiera", "bcp_47_code": "eu", "locale_id": "lang:004920", "is_canonical": true}, {"name": "آراگونی", "bcp_47_code": "fa", "locale_id": "lang:005211", "is_canonical": true}, {"name": "aragonia", "bcp_47_code": "fi", "locale_id": "lang:005250", "is_canonical": true}, {"name": "Aragonese", "bcp_47_code": "fil", "locale_id": "lang:004854", "is_canonical": true}, {"name": "aragoniskt", "bcp_47_code": "fo", "locale_id": "lang:005789", "is_canonical": true}, {"name": "aragonais", "bcp_47_code": "fr", "locale_id": "lang:002512", "is_canonical": true}, {"name": "aragonês", "bcp_47_code": "fur", "locale_id": "lang:004668", "is_canonical": true}, {"name": "Aragoneesk", "bcp_47_code": "fy", "locale_id": "lang:000608", "is_canonical": true}, {"name": "Aragóinis", "bcp_47_code": "ga", "locale_id": "lang:005513", "is_canonical": true}, {"name": "Aragonese", "bcp_47_code": "gaa", "locale_id": "lang:006506", "is_canonical": true}, {"name": "Aragonais", "bcp_47_code": "gd", "locale_id": "lang:005113", "is_canonical": true}, {"name": "aragonés", "bcp_47_code": "gl", "locale_id": "lang:006921", "is_canonical": true}, {"name": "Aragonesisch", "bcp_47_code": "gsw", "locale_id": "lang:006414", "is_canonical": true}, {"name": "અર્ગોનીઝ", "bcp_47_code": "gu", "locale_id": "lang:006797", "is_canonical": true}, {"name": "Aragonesanci", "bcp_47_code": "ha", "locale_id": "lang:006769", "is_canonical": true}, {"name": "אראגונית", "bcp_47_code": "he", "locale_id": "lang:000780", "is_canonical": true}, {"name": "अर्गोनी", "bcp_47_code": "hi", "locale_id": "lang:005010", "is_canonical": true}, {"name": "aragonski", "bcp_47_code": "hr", "locale_id": "lang:001280", "is_canonical": true}, {"name": "aragonšćina", "bcp_47_code": "hsb", "locale_id": "lang:002868", "is_canonical": true}, {"name": "aragonéz", "bcp_47_code": "hu", "locale_id": "lang:004445", "is_canonical": true}, {"name": "արագոներեն", "bcp_47_code": "hy", "locale_id": "lang:006918", "is_canonical": true}, {"name": "aragonese", "bcp_47_code": "ia", "locale_id": "lang:008680", "is_canonical": true}, {"name": "Aragon", "bcp_47_code": "id", "locale_id": "lang:005344", "is_canonical": true}, {"name": "Aragonisị", "bcp_47_code": "ig", "locale_id": "lang:002832", "is_canonical": true}, {"name": "aragonska", "bcp_47_code": "is", "locale_id": "lang:006417", "is_canonical": true}, {"name": "aragonese", "bcp_47_code": "it", "locale_id": "lang:005147", "is_canonical": true}, {"name": "アラゴン語", "bcp_47_code": "ja", "locale_id": "lang:005185", "is_canonical": true}, {"name": "Aragonese", "bcp_47_code": "jv", "locale_id": "lang:006418", "is_canonical": true}, {"name": "არაგონული", "bcp_47_code": "ka", "locale_id": "lang:005687", "is_canonical": true}, {"name": "Taṛagunit", "bcp_47_code": "kab", "locale_id": "lang:002124", "is_canonical": true}, {"name": "argones", "bcp_47_code": "kea", "locale_id": "lang:000423", "is_canonical": true}, {"name": "aragonẽ", "bcp_47_code": "kgp", "locale_id": "lang:005254", "is_canonical": true}, {"name": "арагон тілі", "bcp_47_code": "kk", "locale_id": "lang:001017", "is_canonical": true}, {"name": "អារ៉ាហ្គោន", "bcp_47_code": "km", "locale_id": "lang:000690", "is_canonical": true}, {"name": "ಅರಗೊನೀಸ್", "bcp_47_code": "kn", "locale_id": "lang:006289", "is_canonical": true}, {"name": "아라곤어", "bcp_47_code": "ko", "locale_id": "lang:000685", "is_canonical": true}, {"name": "आरागोनिस", "bcp_47_code": "kok", "locale_id": "lang:001978", "is_canonical": true}, {"name": "اَراگونی", "bcp_47_code": "ks", "locale_id": "lang:004361", "is_canonical": true}, {"name": "Arrajonehsesch", "bcp_47_code": "ksh", "locale_id": "lang:000776", "is_canonical": true}, {"name": "aragonî", "bcp_47_code": "ku", "locale_id": "lang:003565", "is_canonical": true}, {"name": "арагончо", "bcp_47_code": "ky", "locale_id": "lang:003193", "is_canonical": true}, {"name": "Aragonensis", "bcp_47_code": "la", "locale_id": "lang:016110", "is_canonical": true}, {"name": "Aragonesesch", "bcp_47_code": "lb", "locale_id": "lang:003324", "is_canonical": true}, {"name": "aragoneise", "bcp_47_code": "lij", "locale_id": "lang:004453", "is_canonical": true}, {"name": "ອາຣາໂກເນັດ", "bcp_47_code": "lo", "locale_id": "lang:002848", "is_canonical": true}, {"name": "aragonesų", "bcp_47_code": "lt", "locale_id": "lang:000996", "is_canonical": true}, {"name": "aragoniešu", "bcp_47_code": "lv", "locale_id": "lang:006606", "is_canonical": true}, {"name": "अरगोनीज", "bcp_47_code": "mai", "locale_id": "lang:005797", "is_canonical": true}, {"name": "Arakonihi", "bcp_47_code": "mi", "locale_id": "lang:005897", "is_canonical": true}, {"name": "арагонски", "bcp_47_code": "mk", "locale_id": "lang:001683", "is_canonical": true}, {"name": "അരഗോണീസ്", "bcp_47_code": "ml", "locale_id": "lang:001880", "is_canonical": true}, {"name": "арагон", "bcp_47_code": "mn", "locale_id": "lang:005506", "is_canonical": true}, {"name": "अर्गोनीज", "bcp_47_code": "mr", "locale_id": "lang:003376", "is_canonical": true}, {"name": "Aragon", "bcp_47_code": "ms", "locale_id": "lang:001263", "is_canonical": true}, {"name": "Aragoniż", "bcp_47_code": "mt", "locale_id": "lang:004371", "is_canonical": true}, {"name": "အာရာဂွန်", "bcp_47_code": "my", "locale_id": "lang:004196", "is_canonical": true}, {"name": "Aragoneesch", "bcp_47_code": "nds", "locale_id": "lang:001710", "is_canonical": true}, {"name": "अरागोनी", "bcp_47_code": "ne", "locale_id": "lang:004630", "is_canonical": true}, {"name": "Aragonees", "bcp_47_code": "nl", "locale_id": "lang:006448", "is_canonical": true}, {"name": "aragonsk", "bcp_47_code": "no", "locale_id": "lang:002536", "is_canonical": true}, {"name": "aragonés", "bcp_47_code": "oc", "locale_id": "lang:003832", "is_canonical": true}, {"name": "ଆର୍ଗୋନୀ", "bcp_47_code": "or", "locale_id": "lang:001930", "is_canonical": true}, {"name": "ਅਰਾਗੋਨੀ", "bcp_47_code": "pa", "locale_id": "lang:003658", "is_canonical": true}, {"name": "Aragónẹ́sẹ Lángwej", "bcp_47_code": "pcm", "locale_id": "lang:002108", "is_canonical": true}, {"name": "aragoński", "bcp_47_code": "pl", "locale_id": "lang:001433", "is_canonical": true}, {"name": "اراگونېسي", "bcp_47_code": "ps", "locale_id": "lang:006281", "is_canonical": true}, {"name": "aragonês", "bcp_47_code": "pt", "locale_id": "lang:001977", "is_canonical": true}, {"name": "Aragonesa", "bcp_47_code": "qu", "locale_id": "lang:000991", "is_canonical": true}, {"name": "aragonais", "bcp_47_code": "rm", "locale_id": "lang:004318", "is_canonical": true}, {"name": "aragoneză", "bcp_47_code": "ro", "locale_id": "lang:006592", "is_canonical": true}, {"name": "арагонский", "bcp_47_code": "ru", "locale_id": "lang:006745", "is_canonical": true}, {"name": "ᱟᱨᱟᱜᱚᱱᱤᱡᱽ", "bcp_47_code": "sat", "locale_id": "lang:006025", "is_canonical": true}, {"name": "aragonesu", "bcp_47_code": "sc", "locale_id": "lang:000376", "is_canonical": true}, {"name": "ارگني", "bcp_47_code": "sd", "locale_id": "lang:002987", "is_canonical": true}, {"name": "aragoniagiella", "bcp_47_code": "se", "locale_id": "lang:000771", "is_canonical": true}, {"name": "ඇරගොනීස්", "bcp_47_code": "si", "locale_id": "lang:000326", "is_canonical": true}, {"name": "aragónčina", "bcp_47_code": "sk", "locale_id": "lang:005464", "is_canonical": true}, {"name": "aragonščina", "bcp_47_code": "sl", "locale_id": "lang:004352", "is_canonical": true}, {"name": "aragoniakielâ", "bcp_47_code": "smn", "locale_id": "lang:000203", "is_canonical": true}, {"name": "U dhashay Aragon", "bcp_47_code": "so", "locale_id": "lang:000435", "is_canonical": true}, {"name": "aragonezisht", "bcp_47_code": "sq", "locale_id": "lang:006275", "is_canonical": true}, {"name": "арагонски", "bcp_47_code": "sr", "locale_id": "lang:002701", "is_canonical": true}, {"name": "aragonesiska", "bcp_47_code": "sv", "locale_id": "lang:004782", "is_canonical": true}, {"name": "Kiaragoni", "bcp_47_code": "sw", "locale_id": "lang:001597", "is_canonical": true}, {"name": "ܐܪܐܓܘܢܝܬ", "bcp_47_code": "syr", "locale_id": "lang:004211", "is_canonical": true}, {"name": "ஆர்கோனீஸ்", "bcp_47_code": "ta", "locale_id": "lang:002996", "is_canonical": true}, {"name": "అరగోనిస్", "bcp_47_code": "te", "locale_id": "lang:000508", "is_canonical": true}, {"name": "อารากอน", "bcp_47_code": "th", "locale_id": "lang:000248", "is_canonical": true}, {"name": "ኣራጎንኛ", "bcp_47_code": "ti", "locale_id": "lang:002196", "is_canonical": true}, {"name": "aragon dili", "bcp_47_code": "tk", "locale_id": "lang:002001", "is_canonical": true}, {"name": "lea fakaʻalakoni", "bcp_47_code": "to", "locale_id": "lang:006037", "is_canonical": true}, {"name": "Aragonca", "bcp_47_code": "tr", "locale_id": "lang:000917", "is_canonical": true}, {"name": "ئاراگونچە", "bcp_47_code": "ug", "locale_id": "lang:003330", "is_canonical": true}, {"name": "арагонська", "bcp_47_code": "uk", "locale_id": "lang:001994", "is_canonical": true}, {"name": "اراگونیز", "bcp_47_code": "ur", "locale_id": "lang:001103", "is_canonical": true}, {"name": "aragon", "bcp_47_code": "uz", "locale_id": "lang:003386", "is_canonical": true}, {"name": "aragoneze", "bcp_47_code": "vec", "locale_id": "lang:004329", "is_canonical": true}, {"name": "tiếng Aragon", "bcp_47_code": "vi", "locale_id": "lang:004523", "is_canonical": true}, {"name": "אַראַגאניש", "bcp_47_code": "yi", "locale_id": "lang:002081", "is_canonical": true}, {"name": "Èdè Aragoni", "bcp_47_code": "yo", "locale_id": "lang:003132", "is_canonical": true}, {"name": "aragunẽi", "bcp_47_code": "yrl", "locale_id": "lang:006863", "is_canonical": true}, {"name": "阿拉貢文", "bcp_47_code": "yue", "locale_id": "lang:005108", "is_canonical": true}, {"name": "阿拉贡语", "bcp_47_code": "cmn", "locale_id": "lang:004378", "is_canonical": true}, {"name": "isi-Aragonese", "bcp_47_code": "zu", "locale_id": "lang:007247", "is_canonical": true}, {"name": "አራጎንኛ", "bcp_47_code": "am", "locale_id": "lang:000379", "is_canonical": null}, {"name": "আৰাগোনীছ", "bcp_47_code": "as", "locale_id": "lang:003208", "is_canonical": null}, {"name": "Araqon dili", "bcp_47_code": "az", "locale_id": "lang:000492", "is_canonical": null}, {"name": "অ্যারাগনিজ", "bcp_47_code": "bn", "locale_id": "lang:000178", "is_canonical": null}, {"name": "aragonisk", "bcp_47_code": "da", "locale_id": "lang:006478", "is_canonical": null}, {"name": "aragoiarra", "bcp_47_code": "eu", "locale_id": "lang:004920", "is_canonical": null}, {"name": "Aragonés", "bcp_47_code": "gl", "locale_id": "lang:006921", "is_canonical": null}, {"name": "ארגונזית", "bcp_47_code": "he", "locale_id": "lang:000780", "is_canonical": true}, {"name": "aragóniai", "bcp_47_code": "hu", "locale_id": "lang:004445", "is_canonical": null}, {"name": "Aragon", "bcp_47_code": "in", "locale_id": "lang:005344", "is_canonical": true}, {"name": "aragónska", "bcp_47_code": "is", "locale_id": "lang:006417", "is_canonical": null}, {"name": "アラゴン語（スペイン）", "bcp_47_code": "ja", "locale_id": "lang:005185", "is_canonical": null}, {"name": "Арагон", "bcp_47_code": "kk", "locale_id": "lang:001017", "is_canonical": null}, {"name": "អារ៉ាហ្គូនីស", "bcp_47_code": "km", "locale_id": "lang:000690", "is_canonical": null}, {"name": "ಅರಗೊನೀಸ್", "bcp_47_code": "kn", "locale_id": "lang:006289", "is_canonical": null}, {"name": "Арагончо", "bcp_47_code": "ky", "locale_id": "lang:003193", "is_canonical": null}, {"name": "Aragonais", "bcp_47_code": "ln", "locale_id": "lang:005075", "is_canonical": true}, {"name": "Aragonese", "bcp_47_code": "lo", "locale_id": "lang:002848", "is_canonical": null}, {"name": "aragonesų kalba", "bcp_47_code": "lt", "locale_id": "lang:000996", "is_canonical": null}, {"name": "Арагон", "bcp_47_code": "mn", "locale_id": "lang:005506", "is_canonical": null}, {"name": "Aragoneză", "bcp_47_code": "mo", "locale_id": "lang:006592", "is_canonical": true}, {"name": "अरगोनीज", "bcp_47_code": "mr", "locale_id": "lang:003376", "is_canonical": null}, {"name": "အေရာဂိုနိစ်", "bcp_47_code": "my", "locale_id": "lang:004196", "is_canonical": null}, {"name": "aragonesisk", "bcp_47_code": "nb", "locale_id": "lang:000958", "is_canonical": true}, {"name": "आर्गोनिज", "bcp_47_code": "ne", "locale_id": "lang:004630", "is_canonical": null}, {"name": "aragonesisk", "bcp_47_code": "no", "locale_id": "lang:002536", "is_canonical": null}, {"name": "ଆରାଗୋନିଜ୍", "bcp_47_code": "or", "locale_id": "lang:001930", "is_canonical": null}, {"name": "ਆਰਗੋਨੀਜ਼", "bcp_47_code": "pa", "locale_id": "lang:003658", "is_canonical": null}, {"name": "ඇරගොනීසියානු", "bcp_47_code": "si", "locale_id": "lang:000326", "is_canonical": null}, {"name": "Aragónčina", "bcp_47_code": "sk", "locale_id": "lang:005464", "is_canonical": null}, {"name": "Aragoneze", "bcp_47_code": "sq", "locale_id": "lang:006275", "is_canonical": null}, {"name": "арагонска", "bcp_47_code": "sr", "locale_id": "lang:002701", "is_canonical": null}, {"name": "aragonska", "bcp_47_code": "sv", "locale_id": "lang:004782", "is_canonical": null}, {"name": "அரகோனீஸ்", "bcp_47_code": "ta", "locale_id": "lang:002996", "is_canonical": null}, {"name": "ఆరగోనీస్", "bcp_47_code": "te", "locale_id": "lang:000508", "is_canonical": null}, {"name": "ภาษาอารากอน", "bcp_47_code": "th", "locale_id": "lang:000248", "is_canonical": null}, {"name": "Aragonese", "bcp_47_code": "tl", "locale_id": "lang:002540", "is_canonical": true}, {"name": "اراگونیائی", "bcp_47_code": "ur", "locale_id": "lang:001103", "is_canonical": null}, {"name": "阿拉贡语（西班牙）", "bcp_47_code": "cmn", "locale_id": "lang:004378", "is_canonical": null}, {"name": "Aragonese", "bcp_47_code": "zu", "locale_id": "lang:007247", "is_canonical": null}, {"name": "арагонская мова", "bcp_47_code": "be", "locale_id": "lang:004942", "is_canonical": null}, {"name": "Idioma aragonés", "bcp_47_code": "an", "locale_id": "lang:000439", "is_canonical": null}, {"name": "الأرغونية", "bcp_47_code": "ar", "locale_id": "lang:000884", "is_canonical": null}, {"name": "арагонски език", "bcp_47_code": "bg", "locale_id": "lang:003294", "is_canonical": null}, {"name": "Lingua aragunesa", "bcp_47_code": "co", "locale_id": "lang:006406", "is_canonical": true}, {"name": "Арагон чĕлхи", "bcp_47_code": "cv", "locale_id": "lang:003469", "is_canonical": true}, {"name": "aragonsk", "bcp_47_code": "da", "locale_id": "lang:006478", "is_canonical": null}, {"name": "aragona lingvo", "bcp_47_code": "eo", "locale_id": "lang:001065", "is_canonical": null}, {"name": "Luenga aragonesa", "bcp_47_code": "ext", "locale_id": "lang:004333", "is_canonical": true}, {"name": "زبان آراگونی", "bcp_47_code": "fa", "locale_id": "lang:005211", "is_canonical": null}, {"name": "Aragonês", "bcp_47_code": "frp", "locale_id": "lang:006722", "is_canonical": true}, {"name": "Lenghe aragonese", "bcp_47_code": "fur", "locale_id": "lang:004668", "is_canonical": null}, {"name": "An Aragóinis", "bcp_47_code": "ga", "locale_id": "lang:005513", "is_canonical": null}, {"name": "Lingua aragonesa", "bcp_47_code": "gl", "locale_id": "lang:006921", "is_canonical": null}, {"name": "Aragonish", "bcp_47_code": "gv", "locale_id": "lang:002789", "is_canonical": true}, {"name": "Â-lâ-kung-ngî", "bcp_47_code": "hak", "locale_id": "lang:002711", "is_canonical": true}, {"name": "aragonski jezik", "bcp_47_code": "hr", "locale_id": "lang:001280", "is_canonical": null}, {"name": "bahasa Aragon", "bcp_47_code": "id", "locale_id": "lang:005344", "is_canonical": null}, {"name": "Aragonana linguo", "bcp_47_code": "io", "locale_id": "lang:009754", "is_canonical": true}, {"name": "Aragonek", "bcp_47_code": "kw", "locale_id": "lang:007183", "is_canonical": true}, {"name": "lingua Aragonensis", "bcp_47_code": "la", "locale_id": "lang:016110", "is_canonical": null}, {"name": "Lingua aragonesa", "bcp_47_code": "lad", "locale_id": "lang:001121", "is_canonical": true}, {"name": "Aragonees", "bcp_47_code": "li", "locale_id": "lang:000599", "is_canonical": true}, {"name": "Aragonéize", "bcp_47_code": "lij", "locale_id": "lang:004453", "is_canonical": null}, {"name": "aragoniešu valoda", "bcp_47_code": "lv", "locale_id": "lang:006606", "is_canonical": null}, {"name": "Reo Aragon", "bcp_47_code": "mi", "locale_id": "lang:005897", "is_canonical": null}, {"name": "арагонски јазик", "bcp_47_code": "mk", "locale_id": "lang:001683", "is_canonical": null}, {"name": "Bahasa Aragones", "bcp_47_code": "ms", "locale_id": "lang:001263", "is_canonical": null}, {"name": "Aragonés", "bcp_47_code": "mwl", "locale_id": "lang:006374", "is_canonical": true}, {"name": "aragoonsche Spraak", "bcp_47_code": "nds", "locale_id": "lang:001710", "is_canonical": null}, {"name": "aragonum", "bcp_47_code": "nov", "locale_id": null, "is_canonical": true}, {"name": "język aragoński", "bcp_47_code": "pl", "locale_id": "lang:001433", "is_canonical": null}, {"name": "Lenga aragonèisa", "bcp_47_code": "pms", "locale_id": "lang:003480", "is_canonical": true}, {"name": "اراگونی", "bcp_47_code": "pnb", "locale_id": "lang:003334", "is_canonical": true}, {"name": "língua aragonesa", "bcp_47_code": "pt", "locale_id": "lang:001977", "is_canonical": null}, {"name": "limba aragoneză", "bcp_47_code": "ro", "locale_id": "lang:006592", "is_canonical": null}, {"name": "арагонский язык", "bcp_47_code": "ru", "locale_id": "lang:006745", "is_canonical": null}, {"name": "Icyaragoneze", "bcp_47_code": "rw", "locale_id": "lang:005054", "is_canonical": true}, {"name": "Limba aragonesa", "bcp_47_code": "sc", "locale_id": "lang:000376", "is_canonical": null}, {"name": "aragonski jezik", "bcp_47_code": "sh", "locale_id": "lang:003245", "is_canonical": true}, {"name": "арагонски језик", "bcp_47_code": "sr", "locale_id": "lang:002701", "is_canonical": null}, {"name": "ஆராகோனீசிய மொழி", "bcp_47_code": "ta", "locale_id": "lang:002996", "is_canonical": null}, {"name": "Lia-aragonés", "bcp_47_code": "tet", "locale_id": "lang:004970", "is_canonical": true}, {"name": "ئاراگون تىلى", "bcp_47_code": "ug", "locale_id": "lang:003330", "is_canonical": null}, {"name": "арагонська мова", "bcp_47_code": "uk", "locale_id": "lang:001994", "is_canonical": null}, {"name": "阿拉贡语", "bcp_47_code": "wuu", "locale_id": "lang:006830", "is_canonical": true}, {"name": "Aragones", "bcp_47_code": "ilo", "locale_id": "lang:007408", "is_canonical": true}, {"name": "Aragunéś", "bcp_47_code": "eml", "locale_id": null, "is_canonical": true}, {"name": "Lengua aragonesa", "bcp_47_code": "lmo", "locale_id": "lang:003614", "is_canonical": true}, {"name": "Aragonesisch", "bcp_47_code": "bar", "locale_id": "lang:002296", "is_canonical": true}, {"name": "aragunisi", "bcp_47_code": "scn", "locale_id": "lang:002425", "is_canonical": true}, {"name": "亞拉岡語", "bcp_47_code": "cmn", "locale_id": "lang:004378", "is_canonical": null}, {"name": "aragonski jezik", "bcp_47_code": "bs", "locale_id": "lang:005177", "is_canonical": null}, {"name": "Арагонхойн мотт", "bcp_47_code": "ce", "locale_id": "lang:000120", "is_canonical": null}, {"name": "Amanung Aragones", "bcp_47_code": "pam", "locale_id": "lang:003114", "is_canonical": true}, {"name": "亞拉岡文", "bcp_47_code": "yue", "locale_id": "lang:005108", "is_canonical": null}, {"name": "Laragonänapük", "bcp_47_code": "vo", "locale_id": "lang:008677", "is_canonical": true}, {"name": "aragonesisk", "bcp_47_code": "nn", "locale_id": "lang:005019", "is_canonical": true}, {"name": "阿拉貢語", "bcp_47_code": "cmn", "locale_id": "lang:004378", "is_canonical": null}, {"name": "Αραγωνική γλώσσα", "bcp_47_code": "el", "locale_id": "lang:002331", "is_canonical": null}, {"name": "aragoni keel", "bcp_47_code": "et", "locale_id": "lang:007279", "is_canonical": null}, {"name": "آراگونی", "bcp_47_code": "mzn", "locale_id": "lang:005912", "is_canonical": true}, {"name": "Aragonki", "bcp_47_code": "diq", "locale_id": "lang:003839", "is_canonical": true}, {"name": "Aragonese", "bcp_47_code": "hif", "locale_id": "lang:004553", "is_canonical": true}, {"name": "آراقون دیلی", "bcp_47_code": "azb", "locale_id": "lang:003109", "is_canonical": true}, {"name": "Wikang Aragones", "bcp_47_code": "tl", "locale_id": "lang:002540", "is_canonical": null}, {"name": "الأراڨونية", "bcp_47_code": "aeb", "locale_id": "lang:006749", "is_canonical": true}, {"name": "aragones", "bcp_47_code": "lfn", "locale_id": null, "is_canonical": true}, {"name": "Aragon-gí", "bcp_47_code": "nan", "locale_id": "lang:001296", "is_canonical": true}, {"name": "آراگونی زبان", "bcp_47_code": "ur", "locale_id": "lang:001103", "is_canonical": null}, {"name": "আরাগোনীয় ভাষা", "bcp_47_code": "bn", "locale_id": "lang:000178", "is_canonical": null}, {"name": "aragon tili", "bcp_47_code": "uz", "locale_id": "lang:003386", "is_canonical": null}, {"name": "Aragoneesesch", "bcp_47_code": "lb", "locale_id": "lang:003324", "is_canonical": null}, {"name": "aragonan kel'", "bcp_47_code": "vep", "locale_id": "lang:002743", "is_canonical": true}, {"name": "الاراغونيه", "bcp_47_code": "arz", "locale_id": "lang:004060", "is_canonical": true}, {"name": "Aragonesi", "bcp_47_code": "ie", "locale_id": "lang:008683", "is_canonical": true}, {"name": "ᱮᱨᱟᱜᱳᱱᱤᱡᱽ ᱯᱟᱹᱨᱥᱤ", "bcp_47_code": "sat", "locale_id": "lang:006025", "is_canonical": null}, {"name": "aragonès", "bcp_47_code": "wa", "locale_id": "lang:002518", "is_canonical": true}, {"name": "aragonezo", "bcp_47_code": "vec", "locale_id": "lang:004329", "is_canonical": null}, {"name": "არაგონული ენა", "bcp_47_code": "ka", "locale_id": "lang:005687", "is_canonical": null}, {"name": "забони арагонӣ", "bcp_47_code": "tg", "locale_id": "lang:002532", "is_canonical": true}, {"name": "aragoniaǩiõll", "bcp_47_code": "sms", "locale_id": "lang:001931", "is_canonical": true}, {"name": "અર્ગોનિઝ", "bcp_47_code": "gu", "locale_id": "lang:006797", "is_canonical": null}, {"name": "aragoniečių kalba", "bcp_47_code": "lt", "locale_id": "lang:000996", "is_canonical": null}, {"name": "Aragonština", "bcp_47_code": "en", "locale_id": "lang:004172", "is_canonical": null}, {"name": "altoaragonés", "bcp_47_code": "es", "locale_id": "lang:005944", "is_canonical": null}, {"name": "fabla aragonesa", "bcp_47_code": "es", "locale_id": "lang:005944", "is_canonical": null}, {"name": "idioma aragonés", "bcp_47_code": "es", "locale_id": "lang:005944", "is_canonical": null}, {"name": "lengua aragonesa", "bcp_47_code": "es", "locale_id": "lang:005944", "is_canonical": null}, {"name": "aragones", "bcp_47_code": "es", "locale_id": "lang:005944", "is_canonical": null}, {"name": "altoaragones", "bcp_47_code": "es", "locale_id": "lang:005944", "is_canonical": null}, {"name": "idioma aragones", "bcp_47_code": "es", "locale_id": "lang:005944", "is_canonical": null}, {"name": "lingua aragunisa", "bcp_47_code": "scn", "locale_id": "lang:002425", "is_canonical": null}, {"name": "aragonesische Sprache", "bcp_47_code": "de", "locale_id": "lang:006636", "is_canonical": null}, {"name": "αραγωνέζικα αραγονικά αραγωνικά", "bcp_47_code": "el", "locale_id": "lang:002331", "is_canonical": null}, {"name": "Â-là-kung-ngî", "bcp_47_code": "hak", "locale_id": "lang:002711", "is_canonical": null}, {"name": "lingua aragonese", "bcp_47_code": "ia", "locale_id": "lang:008680", "is_canonical": null}, {"name": "أراغونية", "bcp_47_code": "ar", "locale_id": "lang:000884", "is_canonical": null}, {"name": "لغة أرغونية", "bcp_47_code": "ar", "locale_id": "lang:000884", "is_canonical": null}, {"name": "اللغة الأرغونية", "bcp_47_code": "ar", "locale_id": "lang:000884", "is_canonical": null}, {"name": "أرغونية", "bcp_47_code": "ar", "locale_id": "lang:000884", "is_canonical": null}, {"name": "aragonian kieli", "bcp_47_code": "fi", "locale_id": "lang:005250", "is_canonical": null}, {"name": "aragoneesesch Sprooch", "bcp_47_code": "lb", "locale_id": "lang:003324", "is_canonical": null}, {"name": "zimanê aragonî", "bcp_47_code": "ku", "locale_id": "lang:003565", "is_canonical": null}, {"name": "aragonezî", "bcp_47_code": "ku", "locale_id": "lang:003565", "is_canonical": null}, {"name": "aragonés", "bcp_47_code": "ca", "locale_id": "lang:000334", "is_canonical": null}, {"name": "અર્ગોનિઝ ભાષા", "bcp_47_code": "gu", "locale_id": "lang:006797", "is_canonical": null}, {"name": "aragonski jezik", "bcp_47_code": "sl", "locale_id": "lang:004352", "is_canonical": null}, {"name": "Aragoniagiella", "bcp_47_code": "se", "locale_id": "lang:000771", "is_canonical": null}, {"name": "aragóniai nyelv", "bcp_47_code": "hu", "locale_id": "lang:004445", "is_canonical": null}, {"name": "Lengua aragoneise", "bcp_47_code": "lij", "locale_id": "lang:004453", "is_canonical": null}, {"name": "Zimanê aragonî", "bcp_47_code": "ku", "locale_id": "lang:003565", "is_canonical": null}, {"name": "لغة أراغونية", "bcp_47_code": "ar", "locale_id": "lang:000884", "is_canonical": null}, {"name": "Aragonés", "bcp_47_code": "an", "locale_id": "lang:000439", "is_canonical": true}, {"name": "Aragon&#233;s", "bcp_47_code": "an", "locale_id": "lang:000439", "is_canonical": false}]