[{"name": "Kariya", "bcp_47_code": "en", "locale_id": "lang:004172", "is_canonical": true}, {"name": "Kikariya", "bcp_47_code": "sw", "locale_id": "lang:001597", "is_canonical": true}, {"name": "Lenga Kariya", "bcp_47_code": "pms", "locale_id": "lang:003480", "is_canonical": true}, {"name": "kariya jezik", "bcp_47_code": "hr", "locale_id": "lang:001280", "is_canonical": true}, {"name": "kariyaeg", "bcp_47_code": "br", "locale_id": "lang:003643", "is_canonical": true}, {"name": "kariya", "bcp_47_code": "fr", "locale_id": "lang:002512", "is_canonical": true}, {"name": "język karija", "bcp_47_code": "pl", "locale_id": "lang:001433", "is_canonical": true}, {"name": "Wikang Kariya", "bcp_47_code": "tl", "locale_id": "lang:002540", "is_canonical": true}, {"name": "кария", "bcp_47_code": "ru", "locale_id": "lang:006745", "is_canonical": true}, {"name": "Kauyanci", "bcp_47_code": "ha", "locale_id": "lang:006769", "is_canonical": true}, {"name": "Kariya", "bcp_47_code": "ig", "locale_id": "lang:002832", "is_canonical": true}]