[{"name": "Red Gelao", "bcp_47_code": "en", "locale_id": "lang:004172", "is_canonical": true}, {"name": "gelao rouge", "bcp_47_code": "fr", "locale_id": "lang:002512", "is_canonical": true}, {"name": "Lenga gelao", "bcp_47_code": "pms", "locale_id": "lang:003480", "is_canonical": true}, {"name": "Kigelao Nyekundu", "bcp_47_code": "sw", "locale_id": "lang:001597", "is_canonical": true}, {"name": "crveni gelao jezik", "bcp_47_code": "hr", "locale_id": "lang:001280", "is_canonical": true}, {"name": "Lingua vandu", "bcp_47_code": "gl", "locale_id": "lang:006921", "is_canonical": true}, {"name": "вадэ", "bcp_47_code": "ru", "locale_id": "lang:006745", "is_canonical": true}, {"name": "红仡佬语", "bcp_47_code": "cmn", "locale_id": "lang:004378", "is_canonical": true}, {"name": "ภาษาเกเลาแดง", "bcp_47_code": "th", "locale_id": "lang:000248", "is_canonical": true}, {"name": "bahasa Vandu", "bcp_47_code": "id", "locale_id": "lang:005344", "is_canonical": true}, {"name": "bahasa Gelao Merah", "bcp_47_code": "id", "locale_id": "lang:005344", "is_canonical": null}, {"name": "Vandu", "bcp_47_code": "id", "locale_id": "lang:005344", "is_canonical": null}, {"name": "Gelao Merah", "bcp_47_code": "id", "locale_id": "lang:005344", "is_canonical": null}]