[{"name": "Tetete", "bcp_47_code": "en", "locale_id": "lang:004172", "is_canonical": true}, {"name": "Teteté", "bcp_47_code": "en", "locale_id": "lang:004172", "is_canonical": null}, {"name": "Lenga tetete", "bcp_47_code": "pms", "locale_id": "lang:003480", "is_canonical": true}, {"name": "тетете", "bcp_47_code": "ru", "locale_id": "lang:006745", "is_canonical": true}, {"name": "tetete", "bcp_47_code": "fr", "locale_id": "lang:002512", "is_canonical": true}, {"name": "Wikang Tetete", "bcp_47_code": "tl", "locale_id": "lang:002540", "is_canonical": true}, {"name": "tetete", "bcp_47_code": "ca", "locale_id": "lang:000334", "is_canonical": true}, {"name": "teteten kieli", "bcp_47_code": "fi", "locale_id": "lang:005250", "is_canonical": true}]