[{"name": "Garlali", "bcp_47_code": "en", "locale_id": "lang:004172", "is_canonical": true}, {"name": "Kalali", "bcp_47_code": "en", "locale_id": "lang:004172", "is_canonical": null}, {"name": "Kigarlali", "bcp_47_code": "sw", "locale_id": "lang:001597", "is_canonical": true}, {"name": "garlali", "bcp_47_code": "fr", "locale_id": "lang:002512", "is_canonical": true}, {"name": "Kullilli", "bcp_47_code": "en", "locale_id": "lang:004172", "is_canonical": null}, {"name": "Bulloo River", "bcp_47_code": "en", "locale_id": "lang:004172", "is_canonical": true}]