[{"name": "Tai Nüa", "bcp_47_code": "en", "locale_id": "lang:004172", "is_canonical": true}, {"name": "傣那语", "bcp_47_code": "cmn", "locale_id": "lang:004378", "is_canonical": true}, {"name": "Lenga tai nüa", "bcp_47_code": "pms", "locale_id": "lang:003480", "is_canonical": true}, {"name": "Tai Nüa", "bcp_47_code": "de", "locale_id": "lang:006636", "is_canonical": true}, {"name": "język tai neua", "bcp_47_code": "pl", "locale_id": "lang:001433", "is_canonical": true}, {"name": "tai nüa", "bcp_47_code": "es", "locale_id": "lang:005944", "is_canonical": true}, {"name": "ภาษาไทใต้คง", "bcp_47_code": "th", "locale_id": "lang:000248", "is_canonical": true}, {"name": "tai nüa", "bcp_47_code": "sv", "locale_id": "lang:004782", "is_canonical": true}, {"name": "tai nüa", "bcp_47_code": "fr", "locale_id": "lang:002512", "is_canonical": true}, {"name": "Тай нюа", "bcp_47_code": "kv", "locale_id": "lang:000812", "is_canonical": true}, {"name": "Kitai-Nüa", "bcp_47_code": "sw", "locale_id": "lang:001597", "is_canonical": true}, {"name": "タイ・ヌア語", "bcp_47_code": "ja", "locale_id": "lang:005185", "is_canonical": true}, {"name": "tai nüa", "bcp_47_code": "ca", "locale_id": "lang:000334", "is_canonical": true}, {"name": "tai nüa", "bcp_47_code": "it", "locale_id": "lang:005147", "is_canonical": true}, {"name": "Tai Nüa", "bcp_47_code": "nl", "locale_id": "lang:006448", "is_canonical": true}, {"name": "tai nüa", "bcp_47_code": "pt", "locale_id": "lang:001977", "is_canonical": true}, {"name": "Wikang Tai Nüa", "bcp_47_code": "tl", "locale_id": "lang:002540", "is_canonical": true}, {"name": "傣那语", "bcp_47_code": "wuu", "locale_id": "lang:006830", "is_canonical": true}, {"name": "傣那文", "bcp_47_code": "yue", "locale_id": "lang:005108", "is_canonical": true}, {"name": "тай-ныа", "bcp_47_code": "ru", "locale_id": "lang:006745", "is_canonical": true}, {"name": "idioma tai nüa", "bcp_47_code": "ast", "locale_id": "lang:006965", "is_canonical": true}, {"name": "tiếng Thái Na", "bcp_47_code": "vi", "locale_id": "lang:004523", "is_canonical": true}, {"name": "ភាសាតៃនឿ", "bcp_47_code": "km", "locale_id": "lang:000690", "is_canonical": true}, {"name": "tai nüa", "bcp_47_code": "vec", "locale_id": "lang:004329", "is_canonical": true}, {"name": "傣那語", "bcp_47_code": "cmn", "locale_id": "lang:004378", "is_canonical": null}, {"name": "傣哪语", "bcp_47_code": "cmn", "locale_id": "lang:004378", "is_canonical": null}, {"name": "傣哪語", "bcp_47_code": "cmn", "locale_id": "lang:004378", "is_canonical": null}, {"name": "傣纳语", "bcp_47_code": "cmn", "locale_id": "lang:004378", "is_canonical": null}, {"name": "tai le", "bcp_47_code": "es", "locale_id": "lang:005944", "is_canonical": null}, {"name": "ภาษาไทเหนือ", "bcp_47_code": "th", "locale_id": "lang:000248", "is_canonical": null}, {"name": "tai le", "bcp_47_code": "sv", "locale_id": "lang:004782", "is_canonical": null}, {"name": "Tai Nüa語", "bcp_47_code": "ja", "locale_id": "lang:005185", "is_canonical": null}, {"name": "タイ・ロン語", "bcp_47_code": "ja", "locale_id": "lang:005185", "is_canonical": null}, {"name": "徳宏語", "bcp_47_code": "ja", "locale_id": "lang:005185", "is_canonical": null}, {"name": "Dehong Dai", "bcp_47_code": "en", "locale_id": "lang:004172", "is_canonical": null}, {"name": "Chinese Shan", "bcp_47_code": "en", "locale_id": "lang:004172", "is_canonical": null}, {"name": "Tai Mau", "bcp_47_code": "en", "locale_id": "lang:004172", "is_canonical": null}, {"name": "Tai Kong", "bcp_47_code": "en", "locale_id": "lang:004172", "is_canonical": null}, {"name": "Tai Na", "bcp_47_code": "en", "locale_id": "lang:004172", "is_canonical": null}, {"name": "Tai Le", "bcp_47_code": "en", "locale_id": "lang:004172", "is_canonical": null}, {"name": "ภาษาไทไต้คง", "bcp_47_code": "th", "locale_id": "lang:000248", "is_canonical": null}, {"name": "德宏傣语", "bcp_47_code": "cmn", "locale_id": "lang:004378", "is_canonical": null}, {"name": "ᥖᥭᥰ ᥘᥫᥴ", "bcp_47_code": "tdd", "locale_id": "lang:000051", "is_canonical": true}, {"name": "Tai N&#252;a", "bcp_47_code": "en", "locale_id": "lang:004172", "is_canonical": false}, {"name": "&#6481;&#6499;&#6491;&#6512; &#6486;&#6509;&#6512; &#6486;&#6508;&#6514; &#6481;&#6504;&#6482;&#6512;", "bcp_47_code": "tdd", "locale_id": "lang:000051", "is_canonical": false}]