[{"name": "Mambai", "bcp_47_code": "en", "locale_id": "lang:004172", "is_canonical": true}, {"name": "Mangbai", "bcp_47_code": "en", "locale_id": "lang:004172", "is_canonical": null}, {"name": "мамбай", "bcp_47_code": "ru", "locale_id": "lang:006745", "is_canonical": true}, {"name": "mambay", "bcp_47_code": "fr", "locale_id": "lang:002512", "is_canonical": true}, {"name": "Kimambai", "bcp_47_code": "sw", "locale_id": "lang:001597", "is_canonical": true}, {"name": "Lenga Mambai", "bcp_47_code": "pms", "locale_id": "lang:003480", "is_canonical": true}, {"name": "Wikang Mangbai", "bcp_47_code": "tl", "locale_id": "lang:002540", "is_canonical": true}, {"name": "Mangbai", "bcp_47_code": "ig", "locale_id": "lang:002832", "is_canonical": true}, {"name": "asụsụ mangbai", "bcp_47_code": "ig", "locale_id": "lang:002832", "is_canonical": null}]