[{"name": "Kota", "bcp_47_code": "en", "locale_id": "lang:004172", "is_canonical": true}, {"name": "Kikota", "bcp_47_code": "sw", "locale_id": "lang:001597", "is_canonical": true}, {"name": "Kota", "bcp_47_code": "de", "locale_id": "lang:006636", "is_canonical": true}, {"name": "Lenga Kota", "bcp_47_code": "pms", "locale_id": "lang:003480", "is_canonical": true}, {"name": "język kota", "bcp_47_code": "pl", "locale_id": "lang:001433", "is_canonical": true}, {"name": "kota", "bcp_47_code": "fr", "locale_id": "lang:002512", "is_canonical": true}, {"name": "Wikang Kota", "bcp_47_code": "tl", "locale_id": "lang:002540", "is_canonical": true}, {"name": "Kota語", "bcp_47_code": "cmn", "locale_id": "lang:004378", "is_canonical": true}, {"name": "Kota语", "bcp_47_code": "cmn", "locale_id": "lang:004378", "is_canonical": null}, {"name": "コタ語", "bcp_47_code": "ja", "locale_id": "lang:005185", "is_canonical": true}, {"name": "ikota", "bcp_47_code": "fr", "locale_id": "lang:002512", "is_canonical": null}, {"name": "Ikota", "bcp_47_code": "en", "locale_id": "lang:004172", "is_canonical": null}, {"name": "Kota (Gabon)", "bcp_47_code": "en", "locale_id": "lang:004172", "is_canonical": true}]