[{"name": "Sapo", "bcp_47_code": "en", "locale_id": "lang:004172", "is_canonical": true}, {"name": "Kisapo", "bcp_47_code": "sw", "locale_id": "lang:001597", "is_canonical": true}, {"name": "Lenga Sapo", "bcp_47_code": "pms", "locale_id": "lang:003480", "is_canonical": true}, {"name": "sapo", "bcp_47_code": "es", "locale_id": "lang:005944", "is_canonical": true}, {"name": "Bahasa Sapo", "bcp_47_code": "ms", "locale_id": "lang:001263", "is_canonical": true}, {"name": "sapo", "bcp_47_code": "fr", "locale_id": "lang:002512", "is_canonical": true}, {"name": "pueblo sapo", "bcp_47_code": "es", "locale_id": "lang:005944", "is_canonical": null}]