[{"name": "Hpon", "bcp_47_code": "en", "locale_id": "lang:004172", "is_canonical": true}, {"name": "ภาษาฮปอน", "bcp_47_code": "th", "locale_id": "lang:000248", "is_canonical": true}, {"name": "hponeg", "bcp_47_code": "br", "locale_id": "lang:003643", "is_canonical": true}, {"name": "hpon jezik", "bcp_47_code": "hr", "locale_id": "lang:001280", "is_canonical": true}, {"name": "Lenga Hpon", "bcp_47_code": "pms", "locale_id": "lang:003480", "is_canonical": true}, {"name": "Wikang Hpon", "bcp_47_code": "tl", "locale_id": "lang:002540", "is_canonical": true}, {"name": "hpon", "bcp_47_code": "fr", "locale_id": "lang:002512", "is_canonical": true}, {"name": "ဖွန်းဘာသာစကား", "bcp_47_code": "my", "locale_id": "lang:004196", "is_canonical": true}, {"name": "贺蓬语", "bcp_47_code": "cmn", "locale_id": "lang:004378", "is_canonical": true}]