[{"name": "Tidikelt Tamazight", "bcp_47_code": "en", "locale_id": "lang:004172", "is_canonical": true}, {"name": "Tidikelt-Tuat Tamazight", "bcp_47_code": "en", "locale_id": "lang:004172", "is_canonical": true}, {"name": "tidikelteg", "bcp_47_code": "br", "locale_id": "lang:003643", "is_canonical": true}, {"name": "tidikelt tamazight", "bcp_47_code": "sh", "locale_id": "lang:003245", "is_canonical": true}, {"name": "Tidikelt", "bcp_47_code": "en", "locale_id": "lang:004172", "is_canonical": null}, {"name": "tidikelt tamazight", "bcp_47_code": "hr", "locale_id": "lang:001280", "is_canonical": true}, {"name": "ティディケルト語", "bcp_47_code": "ja", "locale_id": "lang:005185", "is_canonical": true}, {"name": "Lenga Tamazight Tidikelt", "bcp_47_code": "pms", "locale_id": "lang:003480", "is_canonical": true}, {"name": "tidikelt", "bcp_47_code": "ca", "locale_id": "lang:000334", "is_canonical": true}, {"name": "Wikang Tidikelt", "bcp_47_code": "tl", "locale_id": "lang:002540", "is_canonical": true}, {"name": "tidikelt", "bcp_47_code": "fr", "locale_id": "lang:002512", "is_canonical": true}, {"name": "تيديكلت", "bcp_47_code": "ary", "locale_id": "lang:001493", "is_canonical": true}, {"name": "idioma tidikelt", "bcp_47_code": "es", "locale_id": "lang:005944", "is_canonical": true}, {"name": "Tutlayt Tidiklt", "bcp_47_code": "shi", "locale_id": "lang:002825", "is_canonical": true}, {"name": "أمازيغية تيديكلت", "bcp_47_code": "ar", "locale_id": "lang:000884", "is_canonical": true}, {"name": "tamazight de tidikelt", "bcp_47_code": "fr", "locale_id": "lang:002512", "is_canonical": null}]