[{"name": "Mom Jango", "bcp_47_code": "en", "locale_id": "lang:004172", "is_canonical": true}, {"name": "Kimom-Jango", "bcp_47_code": "sw", "locale_id": "lang:001597", "is_canonical": true}, {"name": "Lenga Mom Jango", "bcp_47_code": "pms", "locale_id": "lang:003480", "is_canonical": true}, {"name": "Mom Jango", "bcp_47_code": "de", "locale_id": "lang:006636", "is_canonical": true}, {"name": "Vere", "bcp_47_code": "en", "locale_id": "lang:004172", "is_canonical": null}, {"name": "vere", "bcp_47_code": "es", "locale_id": "lang:005944", "is_canonical": true}, {"name": "mom jango", "bcp_47_code": "fr", "locale_id": "lang:002512", "is_canonical": true}, {"name": "Wikang Vere", "bcp_47_code": "tl", "locale_id": "lang:002540", "is_canonical": true}, {"name": "мом джанго", "bcp_47_code": "ru", "locale_id": "lang:006745", "is_canonical": true}, {"name": "Vere", "bcp_47_code": "ig", "locale_id": "lang:002832", "is_canonical": true}, {"name": "Kivere", "bcp_47_code": "sw", "locale_id": "lang:001597", "is_canonical": null}, {"name": "Kimom Jango", "bcp_47_code": "sw", "locale_id": "lang:001597", "is_canonical": null}]