[{"name": "Burusu", "bcp_47_code": "en", "locale_id": "lang:004172", "is_canonical": true}, {"name": "burusu jezik", "bcp_47_code": "hr", "locale_id": "lang:001280", "is_canonical": true}, {"name": "Lenga burusu", "bcp_47_code": "pms", "locale_id": "lang:003480", "is_canonical": true}, {"name": "Kiburusu", "bcp_47_code": "sw", "locale_id": "lang:001597", "is_canonical": true}, {"name": "ภาษาบูรูซู", "bcp_47_code": "th", "locale_id": "lang:000248", "is_canonical": true}, {"name": "Burusu", "bcp_47_code": "ilo", "locale_id": "lang:007408", "is_canonical": true}, {"name": "Tataramon na Burusu", "bcp_47_code": "bcl", "locale_id": "lang:005135", "is_canonical": true}, {"name": "Burusu", "bcp_47_code": "id", "locale_id": "lang:005344", "is_canonical": true}]