[{"name": "Numanggang", "bcp_47_code": "en", "locale_id": "lang:004172", "is_canonical": true}, {"name": "język numanggang", "bcp_47_code": "pl", "locale_id": "lang:001433", "is_canonical": true}, {"name": "numanggang", "bcp_47_code": "sv", "locale_id": "lang:004782", "is_canonical": true}, {"name": "Lenga Numanggang", "bcp_47_code": "pms", "locale_id": "lang:003480", "is_canonical": true}, {"name": "Kinumanggang", "bcp_47_code": "sw", "locale_id": "lang:001597", "is_canonical": true}, {"name": "Numanggang", "bcp_47_code": "ilo", "locale_id": "lang:007408", "is_canonical": true}, {"name": "Numanggangki", "bcp_47_code": "diq", "locale_id": "lang:003839", "is_canonical": true}, {"name": "Γλώσσα Νουμανγκάνγκ", "bcp_47_code": "el", "locale_id": "lang:002331", "is_canonical": true}, {"name": "numanggang", "bcp_47_code": "fr", "locale_id": "lang:002512", "is_canonical": true}, {"name": "Νουμανγκάνγκ", "bcp_47_code": "el", "locale_id": "lang:002331", "is_canonical": null}]